Chapter,Jurisdiction,Iso,Document title,Year enacted,Years amended,Policy scope,CDR relevance,Broad method,Specific method,CDR value chain focus,Instrument category,Instrument type,Target year,Target amount,Target unit,Target type,Target binding,Policy link
State of CDR (Edition 3) - Policymaking and governance,Australia,AUS,National Forest Policy Statement,1992,,Framework,National framework for sustainable forest management which recognises the need to maintain or increase forest carbon sink capacity and minimise emissions from forest activities.,Conventional CDR,"Afforestation, reforestation, forest management",Cross-cutting,Other,,,,,,,https://www.agriculture.gov.au/agriculture-land/forestry/policies/forest-policy-statement
State of CDR (Edition 3) - Policymaking and governance,Australia,AUS,Regional Forest Agreements,1997,,Framework,Long-term agreements for sustainable management of native forests; indirectly govern forest carbon stocks and constraints on harvesting.,Conventional CDR,"Afforestation, reforestation, forest management",Cross-cutting,Other,,,,,,,https://www.agriculture.gov.au/agriculture-land/forestry/policies/rfa
State of CDR (Edition 3) - Policymaking and governance,Australia,AUS,Deductions for Carbon Sink Forest Expenses,2007,,Instrument,"Tax deduction allowing businesses to claim establishment costs for forests planted for carbon sequestration, improving financial viability of sink forests.",Conventional CDR,"Afforestation, reforestation, forest management",Supply,Economic instrument,tax_incentive,,,,,,https://www.ato.gov.au/businesses-and-organisations/income-deductions-and-concessions/income-and-deductions-for-business/deductions/deductions-for-carbon-sink-forest-expenses
State of CDR (Edition 3) - Policymaking and governance,Australia,AUS,Carbon Credits (Carbon Farming Initiative) Act 2011,2011,2014; 2023,Instrument,"Establishes the national carbon crediting framework that issues Australian Carbon Credit Units (ACCUs) for emissions reduction and sequestration projects, including forestry and soil carbon activities.",Multiple,Multiple,Demand,Regulatory instrument,mrv_standard; regulatory_safeguard; compliance_market_integration,,,,,,https://faolex.fao.org/docs/pdf/aus112294.pdf
State of CDR (Edition 3) - Policymaking and governance,Australia,AUS,Australian Carbon Credit Unit (ACCU) Scheme / Emissions Reduction Fund,2014,2023,Instrument,"National carbon crediting mechanism that issues ACCUs for emissions reductions and sequestration, including land-based and some engineered CDR methods; credits can be sold to government or used for Safeguard Mechanism compliance.",Multiple,Multiple,Demand,Economic instrument,mrv_standard; public_procurement,,,,,,https://www.dcceew.gov.au/climate-change/emissions-reduction/accu-scheme
State of CDR (Edition 3) - Policymaking and governance,Australia,AUS,20 Million Trees Programme (National Landcare Program),2014,2017,Instrument,"Programme to plant 20 million trees to create green corridors, urban forests and restore ecological communities, increasing biomass carbon.",Conventional CDR,"Afforestation, reforestation, forest management",Supply,Economic instrument,capital_subsidy; operating_subsidy,2020,20,million trees,CDR,,https://www.stateoftheenvironment.des.qld.gov.au/biodiversity/management-responses/policy-and-programs/national-landcare-programme
State of CDR (Edition 3) - Policymaking and governance,Australia,AUS,Australian Carbon Credit Unit Scheme Plantation Forestry Notification,2015,2022,Instrument,"Notification process to assess potential impacts of ERF plantation forestry projects on agriculture and water, conditioning where new forest carbon projects can occur.",Conventional CDR,"Afforestation, reforestation, forest management",Cross-cutting,Regulatory instrument,regulatory_safeguard; mrv_standard,,,,,,https://www.agriculture.gov.au/agriculture-land/farm-food-drought/climatechange/mitigation/cfi/plantation-forestry-notifications
State of CDR (Edition 3) - Policymaking and governance,Australia,AUS,National Forest Industries Plan,2018,,Instrument,"Plan to support forest industries and expand plantation estate, including an ambition to plant one billion new plantation trees by 2030, increasing biomass carbon stocks.",Conventional CDR,"Afforestation, reforestation, forest management",Supply,Economic instrument,capital_subsidy; operating_subsidy,2030,1000,million trees,CDR,,https://www.agriculture.gov.au/agriculture-land/forestry/national-forest-industries-plan
State of CDR (Edition 3) - Policymaking and governance,Australia,AUS,Environment Small Grants (National Landcare Program),2018,2019,Instrument,"Small grants for local natural resource management projects, including restoration and greening actions that can enhance local carbon sinks.",Conventional CDR,"Afforestation, reforestation, forest management",Supply,Economic instrument,capital_subsidy; operating_subsidy,,,,,,https://business.gov.au/grants-and-programs/national-landcare-program-environment-small-grants
State of CDR (Edition 3) - Policymaking and governance,Australia,AUS,Australian Technology Investment Roadmap,2020,,Framework,National roadmap prioritising low-emission technologies including CCS and direct air capture; indirect enabler for CDR via R&D priorities and funding signals.,Multiple,Multiple,Supply,Economic instrument,rd_d_funding; Other,,,,,,https://www.dcceew.gov.au/climate-change/publications/technology-investment-roadmap
State of CDR (Edition 3) - Policymaking and governance,Australia,AUS,Carbon + Biodiversity (C+B) Pilot,2020,,Instrument,Pilot programme testing market arrangements that pay landholders for native plantings delivering both biodiversity benefits and carbon abatement.,Conventional CDR,"Afforestation, reforestation, forest management",Supply,Economic instrument,operating_subsidy,,,,,,https://www.dcceew.gov.au/environment/environmental-markets/agriculture-stewardship/c-b-pilot
State of CDR (Edition 3) - Policymaking and governance,Australia,AUS,"Carbon Capture, Use and Storage Development Fund",2021,,Instrument,"AUD 50m grant programme for CCUS, including mineral carbonation projects; reduces costs and technical risk for engineered CDR options.",Novel CDR; Enabling infrastructure,"Mineral products (e.g. CO₂-cured concrete, aggregates); CO₂ geological storage",Supply,Economic instrument,capital_subsidy,,,,,,https://www.minister.industry.gov.au/ministers/pitt/media-releases/accelerating-carbon-capture-technologies?utm_source
State of CDR (Edition 3) - Policymaking and governance,Australia,AUS,Low Emissions International Technology Partnerships and Initiatives,2021,,Instrument,Co-funding R&D and demonstration projects for low-emission technologies including CCUS; international collaboration that can accelerate CDR-relevant innovation.,Multiple,Multiple,Supply,Economic instrument,rd_d_funding,,,,,,https://www.minister.industry.gov.au/ministers/taylor/media-releases/cutting-emissions-and-creating-jobs-international-partnerships
State of CDR (Edition 3) - Policymaking and governance,Australia,AUS,Federal–South Australian Energy and Emissions Reduction Deal,2021,,Instrument,"Commonwealth–state deal that includes funding for CCS, hydrogen and other low-emission projects; indirectly supports CCUS infrastructure relevant for BECCS/DACCS.",Multiple,CO₂ geological storage; Multiple,Supply,Economic instrument,capital_subsidy,,,,,,https://www.minister.industry.gov.au/ministers/taylor/media-releases/energy-and-emissions-reduction-agreement-south-australia
State of CDR (Edition 3) - Policymaking and governance,Australia,AUS,National Soil Carbon Innovation Challenge,2021,,Instrument,"Competition to identify and fast-track low-cost, accurate technologies for measuring soil carbon, targeting measurement costs below USD 2.25/ha/year.",Conventional CDR,Soil carbon sequestration in croplands & grasslands,Supply,Economic instrument,rd_d_funding,,,,,,https://www.dcceew.gov.au/about/news/nscic-round-2-grant-guidelines-available
State of CDR (Edition 3) - Policymaking and governance,Australia,AUS,Australian Forest and Wood Innovation,2021,,Instrument,"National institute supporting R&D and innovation in forest products, including longer-lived wood products that store carbon.",Conventional CDR,Durable wood products,Supply,Economic instrument,rd_d_funding,,,,,,https://www.agriculture.gov.au/agriculture-land/forestry/national/australian-forest-and-wood-innovations
State of CDR (Edition 3) - Policymaking and governance,Australia,AUS,CCUS Hubs and Technologies Program,2021,,Instrument,"Programme to deploy CCUS hubs and technologies, lowering costs of CO₂ compression, transport and storage and enabling future BECCS/DACCS projects.",Novel CDR; Enabling infrastructure,CO₂ geological storage; CO₂ transport; Multiple,Supply,Economic instrument,capital_subsidy; operating_subsidy,,,,,,https://business.gov.au/grants-and-programs/carbon-capture-use-and-storage-hubs-and-technologies-program-technologies-stream
State of CDR (Edition 3) - Policymaking and governance,Australia,AUS,Climate Change Act 2022,2022,,Framework,Framework climate law that sets Australia's binding national targets: at least 43% below 2005 levels by 2030 and net zero emissions by 2050; removals from land and potential engineered sinks are implicitly counted toward the net zero goal.,Multiple,Multiple,Cross-cutting,Regulatory instrument,target,2030; 2050,43; 0,% below 2005 levels,Emissions,Yes,https://www.aph.gov.au/Parliamentary_Business/Bills_Legislation/Bills_Search_Results/Result?bId=r6885
State of CDR (Edition 3) - Policymaking and governance,Australia,AUS,National Voluntary Nature Repair Market,2023,,Instrument,"Establishes a voluntary market for nature repair certificates; incentivises land management that restores ecosystems, with potential co-benefit carbon sequestration.",Conventional CDR,"Afforestation, reforestation, forest management; Soil carbon sequestration in croplands & grasslands",Cross-cutting,Regulatory instrument,mrv_standard; regulatory_safeguard,,,,,,https://www.dcceew.gov.au/environment/environmental-markets/nature-repair-market
State of CDR (Edition 3) - Policymaking and governance,Australia,AUS,Support Plantation Establishment Grants Program,2023,,Instrument,"Grant funding to establish new softwood and hardwood plantations, expanding domestic timber supply and contributing to carbon sequestration in forests.",Conventional CDR,"Afforestation, reforestation, forest management",Supply,Economic instrument,capital_subsidy; operating_subsidy,,,,,,https://www.agriculture.gov.au/agriculture-land/forestry/industries/support-plantation-establishment-program
State of CDR (Edition 3) - Policymaking and governance,Australia,AUS,National Soil Action Plan 2023–2028,2023,,Instrument,"Implements the National Soil Strategy with actions to prioritise soil health, innovation and knowledge, indirectly supporting soil carbon sequestration and MRV.",Conventional CDR,Soil carbon sequestration in croplands & grasslands,Supply,Regulatory instrument,mrv_standard; Other,,,,,,https://www.agriculture.gov.au/agriculture-land/farm-food-drought/natural-resources/soils/national-soil-action-plan
State of CDR (Edition 3) - Policymaking and governance,Australia,AUS,Climate-Smart Agriculture Program,2023,,Instrument,"Research and grants programme for climate-smart agriculture, including projects on soil carbon sequestration and enhanced rock weathering.",Conventional CDR; Novel CDR,Soil carbon sequestration in croplands & grasslands; Enhanced weathering,Supply,Economic instrument,rd_d_funding,,,,,,https://www.agriculture.gov.au/agriculture-land/farm-food-drought/natural-resources/landcare/climate-smart#funded-projects
State of CDR (Edition 3) - Policymaking and governance,Australia,AUS,National Environmental Standard for Restoration Actions and Restoration Contributions,2023,2025,Instrument,"Standard to govern restoration actions and monetary contributions under reformed environmental offsets, including requirements for like-for-like restoration that can increase carbon stocks.",Conventional CDR,"Afforestation, reforestation, forest management",Cross-cutting,Regulatory instrument,regulatory_safeguard; mrv_standard,,,,,,https://www.dcceew.gov.au/environment/epbc/epbc-act-reform
State of CDR (Edition 3) - Policymaking and governance,Australia,AUS,Carbon Farming Outreach Program,2024,,Instrument,"Provides information, training and grants for advisers to help farmers and land managers participate in carbon markets and adopt low-emission and sequestration practices.",Multiple,Multiple,Supply,Economic instrument,operating_subsidy; rd_d_funding,,,,,,https://www.dcceew.gov.au/climate-change/emissions-reduction/agricultural-land-sectors/carbon-farming-outreach-program
State of CDR (Edition 3) - Policymaking and governance,Australia,AUS,Agriculture and Land Sectoral Plan,2025,,Framework,"Net-zero plan for agriculture and land sector emissions and removals; guides forestry, conservation lands and Indigenous Protected Areas.",Multiple,Multiple,Cross-cutting,Other,Other,,,,,,https://www.agriculture.gov.au/agriculture-land/farm-food-drought/climatechange/ag-and-land-sector-plan
State of CDR (Edition 3) - Policymaking and governance,Australia,AUS,Industry Sector Plan,2025,,Framework,Industry decarbonisation plan whose CDR-relevant components support deployment of CCS/CCUS and potential BECCS/DACCS for hard-to-abate industrial emissions.,Novel CDR; Enabling infrastructure,"CO₂ transport; Bioenergy with carbon capture and storage (BECCS); Direct air capture with geological storage (DACCS); Mineral products (e.g. CO₂-cured concrete, aggregates)",Supply,Other,Other,,,,,,https://www.industry.gov.au/publications/industry-sector-plan
State of CDR (Edition 3) - Policymaking and governance,Australia,AUS,Resources Sector Plan,2025,,Framework,"Resources sector plan that scales up carbon management technologies through CCS/CCUS, providing enabling infrastructure and storage sites that can serve CDR projects.",Novel CDR; Enabling infrastructure,CO₂ geological storage; Multiple,Supply,Other,Other,,,,,,https://www.industry.gov.au/publications/resources-sector-plan
State of CDR (Edition 3) - Policymaking and governance,Australia,AUS,Net Zero Plan,2025,,Framework,"Sets national pathway for reaching net zero and scaling net carbon removals across land sinks and engineered CDR (CCS, BECCS, DAC).",Multiple,"Afforestation, reforestation, forest management; Soil carbon sequestration in croplands & grasslands; Bioenergy with carbon capture and storage (BECCS); Direct air capture with geological storage (DACCS); Biochar soil amendment",Cross-cutting,Other,Other,,,,,,https://www.dcceew.gov.au/climate-change/publications/net-zero-plan
State of CDR (Edition 3) - Policymaking and governance,Australia,AUS,Australia’s Nationally Determined Contribution (Paris Agreement),2015,,Framework,"Initial NDC under the Paris Agreement committing Australia to reduce greenhouse gas emissions by 26–28% below 2005 levels by 2030, with land sector carbon sinks contributing to national mitigation outcomes.",Multiple,"Afforestation, reforestation, forest management; Soil carbon sequestration in croplands & grasslands",Cross-cutting,Regulatory instrument,target,2030,26–28,% below 2005 levels,Emissions,No,https://www4.unfccc.int/sites/NDCStaging/Pages/Party.aspx?party=AUS
State of CDR (Edition 3) - Policymaking and governance,Australia,AUS,Australia's Updated Nationally Determined Contribution 2021 (Paris Agreement),2021,,Framework,"Australia updated its 2030 NDC in 2021, retaining the 26–28% below 2005 target while adding stronger land-sector commitments including reforestation and land restoration.",Multiple,Multiple,Cross-cutting,Regulatory instrument,target,2030,26-28,% below 2005 levels,Emissions,No,https://www4.unfccc.int/sites/NDCStaging/Pages/Party.aspx?party=AUS
State of CDR (Edition 3) - Policymaking and governance,Australia,AUS,Australia’s Updated Nationally Determined Contribution (Paris Agreement),2022,,Framework,Updated NDC strengthening Australia’s 2030 emissions reduction target and reaffirming the role of land sector carbon sinks in achieving national mitigation goals.,Multiple,"Afforestation, reforestation, forest management; Soil carbon sequestration in croplands & grasslands",Cross-cutting,Regulatory instrument,target,2030,43,% below 2005 levels,Emissions,No,https://www.dcceew.gov.au/climate-change/emissions-reduction/2030-target
State of CDR (Edition 3) - Policymaking and governance,Australia,AUS,Australia’s 2035 Nationally Determined Contribution (Paris Agreement),2025,,Framework,NDC update outlining Australia’s emissions reduction target for 2035 and the expected contribution of land sector sinks and carbon management technologies to long-term net zero goals.,Multiple,"Afforestation, reforestation, forest management; Soil carbon sequestration in croplands & grasslands; Bioenergy with carbon capture and storage (BECCS); Direct air capture with geological storage (DACCS)",Cross-cutting,Regulatory instrument,target,2035,62–70,% below 2005 levels,Emissions,No,https://www.dcceew.gov.au/climate-change/ndc
State of CDR (Edition 3) - Policymaking and governance,Australia,AUS,National Greenhouse and Energy Reporting (Safeguard Mechanism) Rule 2015,2016,2023; 2024,Instrument,"Baseline-and-credit compliance mechanism for large industrial emitters under which facilities exceeding emissions baselines must surrender eligible credits including Australian Carbon Credit Units (ACCUs), creating regulated demand for carbon removals.",Multiple,"Afforestation, reforestation, forest management; Soil carbon sequestration in croplands & grasslands; Biochar soil amendment; Bioenergy with carbon capture and storage (BECCS); Direct air capture with geological storage (DACCS)",Demand,Regulatory instrument,compliance_market_integration; regulatory_safeguard,,,,,,https://www.dcceew.gov.au/climate-change/emissions-reporting/national-greenhouse-energy-reporting-scheme/safeguard-mechanism
State of CDR (Edition 3) - Policymaking and governance,European Union,EU,Aarhus Convention (implemented via Regulation (EC) 1367/2006),1998,2006; 2021,Instrument,"Access to information, public participation and justice in environmental matters; applies to CCS/CDR projects and plans.",Multiple,Multiple,Cross-cutting,Regulatory instrument,community_safeguard,,,,,,https://eur-lex.europa.eu/legal-content/EN/TXT/?uri=CELEX:32006R1367
State of CDR (Edition 3) - Policymaking and governance,European Union,EU,"Effort Sharing Regulation (Regulation (EU) 2018/842, amended 2023)",2018,2023,Framework,Allocates national emission-reduction targets for non-ETS sectors; limited flexibility to use LULUCF removals toward ESR targets.,Multiple,"Afforestation, reforestation, forest management; Agroforestry; Soil carbon sequestration in croplands & grasslands; Peatland and coastal wetland restoration",Cross-cutting,Regulatory instrument,target,2030,country specific,,Emissions,Yes,https://eur-lex.europa.eu/eli/reg/2018/842
State of CDR (Edition 3) - Policymaking and governance,European Union,EU,"EU ETS Directive (Directive 2003/87/EC, amended by Directive (EU) 2023/959)",2003,2008; 2009; 2014; 2018; 2023,Instrument,"Cap-and-trade system covering power, industry, aviation and maritime sectors; currently excludes carbon dioxide removal credits from compliance use, though future inclusion of durable removals is under discussion.",Multiple,Multiple,Demand,Regulatory instrument,compliance_market_integration,,,,,,https://eur-lex.europa.eu/eli/dir/2003/87
State of CDR (Edition 3) - Policymaking and governance,European Union,EU,Delegated Regulation 2024/2620 (permanent chemical binding in products),2024,,Instrument,"Clarifies when CO₂ is considered permanently chemically bound in products for accounting, relevant to mineralisation-based CDR.",Novel CDR,"Mineral products (e.g. CO₂-cured concrete, aggregates)",Cross-cutting,Regulatory instrument,regulatory_safeguard; mrv_standard,,,,,,https://eur-lex.europa.eu/legal-content/EN/TXT/?uri=CELEX:32024R2620
State of CDR (Edition 3) - Policymaking and governance,European Union,EU,Clean Industrial Deal Communication (COM(2025) 85 final),2025,,Framework,"Commission communication setting a strategic roadmap for EU industrial decarbonisation and competitiveness, including policy directions relevant to scaling carbon management and durable removals.",Multiple,Multiple,Cross-cutting,Information instrument,Other,,,,,,https://eur-lex.europa.eu/legal-content/EN/TXT/?uri=CELEX:52025DC0085
State of CDR (Edition 3) - Policymaking and governance,European Union,EU,Industrial Carbon Management Strategy (COM(2024) 62),2024,,Framework,"Commission strategy coordinating CO₂ transport and storage markets, standards and funding streams to enable industrial carbon management and durable removals.",Multiple,CO₂ transport; CO₂ geological storage; Bioenergy with carbon capture and storage (BECCS); Direct air capture with geological storage (DACCS),Cross-cutting,Information instrument,Other,,,,,,https://eur-lex.europa.eu/legal-content/EN/TXT/?uri=celex:52024DC0062
State of CDR (Edition 3) - Policymaking and governance,European Union,EU,Horizon Europe (2021–2027),2021,,Instrument,"EU research and innovation framework funding CDR methods, enabling infrastructure and MRV development.",Multiple,Multiple,Supply,Economic instrument,rd_d_funding,,,,,,https://research-and-innovation.ec.europa.eu/funding/funding-opportunities/funding-programmes-and-open-calls/horizon-europe_en
State of CDR (Edition 3) - Policymaking and governance,European Union,EU,InvestEU Programme,2021,,Instrument,EU budget guarantee mobilising loans and guarantees for clean industry including CO₂ transport and storage infrastructure.,Enabling infrastructure,CO₂ transport; CO₂ geological storage,Supply,Economic instrument,public_loan,,,,,,https://investeu.europa.eu/investeu-programme_en
State of CDR (Edition 3) - Policymaking and governance,European Union,EU,CCS Directive (Directive 2009/31/EC),2009,2012; 2018,Instrument,"EU-wide permitting, monitoring and liability rules for geological CO₂ storage, enabling durable storage for BECCS and DACCS.",Enabling infrastructure,CO₂ geological storage,Cross-cutting,Regulatory instrument,regulatory_safeguard; mrv_standard,,,,,,https://eur-lex.europa.eu/legal-content/EN/TXT/?uri=CELEX%3A02009L0031-20181224
State of CDR (Edition 3) - Policymaking and governance,European Union,EU,Common Agricultural Policy (CAP) 2021–2027,2021,,Instrument,"Eco-schemes and rural development funds support agroforestry, peatland restoration and soil carbon practices that can supply land-based CDR.",Conventional CDR,Agroforestry; Soil carbon sequestration in croplands & grasslands; Peatland and coastal wetland restoration,Supply,Economic instrument,operating_subsidy,,,,,,https://agriculture.ec.europa.eu/common-agricultural-policy/financing-cap/cap-funds_en
State of CDR (Edition 3) - Policymaking and governance,European Union,EU,TEN-E Regulation (Regulation 2022/869),2022,,Instrument,Enables designation and streamlined permitting for cross-border CO₂ transport networks and related infrastructure.,Enabling infrastructure,CO₂ transport; CO₂ geological storage,Supply,Regulatory instrument,regulatory_safeguard,,,,,,https://eur-lex.europa.eu/eli/reg/2022/869/oj/eng
State of CDR (Edition 3) - Policymaking and governance,European Union,EU,EIA Directive (2011/92/EU) as amended by 2014/52/EU,2011,2014,Instrument,Requires environmental impact assessments for large projects including CCS/CDR infrastructure and related developments.,Multiple,Multiple,Cross-cutting,Regulatory instrument,regulatory_safeguard,,,,,,https://eur-lex.europa.eu/eli/dir/2011/92
State of CDR (Edition 3) - Policymaking and governance,European Union,EU,Carbon Removals and Carbon Farming Certification Regulation (Regulation (EU) 2024/3012),2024,,Instrument,"Establishes an EU certification framework for carbon removals and carbon farming, including quality criteria and MRV requirements.",Multiple,Multiple,Cross-cutting,Regulatory instrument,mrv_standard; regulatory_safeguard,,,,,,https://eur-lex.europa.eu/eli/reg/2024/3012/oj/eng
State of CDR (Edition 3) - Policymaking and governance,European Union,EU,LIFE Programme (2021–2027),2021,,Instrument,Funds environmental and climate projects including pilots relevant to land- or ocean-based CDR methods and MRV.,Multiple,Multiple,Supply,Economic instrument,rd_d_funding; operating_subsidy,,,,,,https://commission.europa.eu/strategy-and-policy/eu-budget/performance-and-reporting/programme-performance-statements/life-performance/life-monitoring-and-evaluation_en
State of CDR (Edition 3) - Policymaking and governance,European Union,EU,Connecting Europe Facility – Energy (CEF-E),2021,,Instrument,Provides grants for cross-border CO₂ transport infrastructure when designated under TEN-E.,Enabling infrastructure,CO₂ transport; CO₂ geological storage,Supply,Economic instrument,capital_subsidy,,,,,,https://cinea.ec.europa.eu/programmes/connecting-europe-facility/energy-infrastructure-connecting-europe-facility-0_en
State of CDR (Edition 3) - Policymaking and governance,European Union,EU,EU Innovation Fund,2020,,Instrument,Provides grants for first-of-a-kind low-carbon projects including CCUS and CDR technologies.,Multiple,"CO₂ transport; CO₂ geological storage; Bioenergy with carbon capture and storage (BECCS); Direct air capture with geological storage (DACCS); Mineral products (e.g. CO₂-cured concrete, aggregates)",Supply,Economic instrument,capital_subsidy,,,,,,https://commission.europa.eu/funding-tenders/find-funding/eu-funding-programmes/innovation-fund_en
State of CDR (Edition 3) - Policymaking and governance,European Union,EU,Fit for 55 Package,2021,,Framework,"Legislative package implementing EU climate targets through reforms to ETS, ESR and LULUCF, affecting carbon removals governance.",Multiple,Multiple,Cross-cutting,Other,Other,,,,,,https://climate.ec.europa.eu/eu-action/european-green-deal/delivering-european-green-deal_en
State of CDR (Edition 3) - Policymaking and governance,European Union,EU,European Climate Law (Regulation (EU) 2021/1119),2021,,Framework,"Makes EU climate neutrality by 2050 and at least 55% net greenhouse gas reduction by 2030 legally binding, embedding removals in the EU climate framework.",Multiple,Multiple,Cross-cutting,Regulatory instrument,target,2030; 2050,55; 0,% net GHG reduction vs 1990; climate neutrality,Emissions,Yes,https://eur-lex.europa.eu/eli/reg/2021/1119
State of CDR (Edition 3) - Policymaking and governance,European Union,EU,Net-Zero Industry Act (Regulation (EU) 2024/1735),2024,,Framework,"Requires the Union to reach at least 50 MtCO₂ per year of operational CO₂ injection capacity by 2030, accelerating storage build-out relevant to durable CDR.",Enabling infrastructure,CO₂ geological storage,Supply,Regulatory instrument,target,2030,50,MtCO₂ per year,CO₂ storage,Yes,https://eur-lex.europa.eu/eli/reg/2024/1735/oj/eng
State of CDR (Edition 3) - Policymaking and governance,European Union,EU,SEA Directive (2001/42/EC),2001,,Instrument,Requires strategic environmental assessment for plans and programmes affecting CDR/CCS infrastructure and land-use measures.,Multiple,Multiple,Cross-cutting,Regulatory instrument,regulatory_safeguard,,,,,,https://eur-lex.europa.eu/eli/dir/2001/42
State of CDR (Edition 3) - Policymaking and governance,European Union,EU,Sustainable Carbon Cycles Communication,2021,,Framework,Maps out the role of carbon removals and carbon management technologies in achieving EU climate neutrality.,Multiple,Multiple,Cross-cutting,Information instrument,Other,,,,,,https://ec.europa.eu/transparency/documents-register/detail?ref=COM(2021)800
State of CDR (Edition 3) - Policymaking and governance,European Union,EU,EU Bioeconomy Strategy,2018,2025,Framework,Highlights the role of biogenic carbon removal pathways including biochar and biogenic carbon storage in the EU bioeconomy.,Multiple,Multiple,Cross-cutting,Information instrument,Other,,,,,,https://eur-lex.europa.eu/legal-content/EN/TXT/?uri=celex%3A52018DC0673
State of CDR (Edition 3) - Policymaking and governance,European Union,EU,European Green Deal (COM(2019) 640),2019,,Framework,Strategic roadmap toward climate neutrality by 2050 framing EU decarbonisation policy and the future role of removals.,Multiple,Multiple,Cross-cutting,Information instrument,Other,,,,,,https://eur-lex.europa.eu/legal-content/EN/TXT/?uri=CELEX:52019DC0640
State of CDR (Edition 3) - Policymaking and governance,European Union,EU,"LULUCF Regulation (Regulation (EU) 2018/841, revised 2023)",2018,2023,Instrument,"Establishes binding EU-wide and national net removals targets for the land-use sector, indirectly incentivising land-based CDR activities.",Conventional CDR,"Afforestation, reforestation, forest management; Agroforestry; Soil carbon sequestration in croplands & grasslands; Peatland and coastal wetland restoration",Cross-cutting,Regulatory instrument,target,2030,310,MtCO₂e net removals,Emissions,Yes,https://eur-lex.europa.eu/eli/reg/2018/841
State of CDR (Edition 3) - Policymaking and governance,European Union,EU,EU Nationally Determined Contribution (Paris Agreement),2015,,Framework,"Initial EU NDC under the Paris Agreement committing the EU to reduce greenhouse gas emissions by at least 40% by 2030 compared to 1990 levels, with land-use removals contributing to net accounting.",Multiple,Multiple,Cross-cutting,Regulatory instrument,target,2030,40,% net GHG reduction vs 1990,Emissions,No,https://unfccc.int/sites/default/files/NDC/2022-06/LV-03-06-EU%20INDC.pdf
State of CDR (Edition 3) - Policymaking and governance,European Union,EU,EU Updated Nationally Determined Contribution (Paris Agreement),2020,,Framework,Updated EU NDC strengthening the 2030 climate target to at least 55% net greenhouse gas emission reduction compared to 1990 levels.,Multiple,Multiple,Cross-cutting,Regulatory instrument,target,2030,55,% net GHG reduction vs 1990,Emissions,No,https://unfccc.int/sites/default/files/NDC/2022-06/EU_NDC_Submission_December%202020.pdf
State of CDR (Edition 3) - Policymaking and governance,European Union,EU,EU Nationally Determined Contribution 2035,2025,,Framework,Updated EU NDC outlining a contribution of 66.25–72.5% net greenhouse gas emission reduction by 2035 relative to 1990 levels.,Multiple,Multiple,Cross-cutting,Regulatory instrument,target,2035,66.25–72.5,% net GHG reduction vs 1990,Emissions,No,https://unfccc.int/sites/default/files/2025-11/DK-2025-11-05%20EU%20NDC.pdf
State of CDR (Edition 3) - Policymaking and governance,Argentina,ARG,Long-term Low-GHG Strategy (LTS 2050),2022,,Framework,2050 long-term climate strategy emphasising forest protection and ecosystem sinks as part of Argentina's pathway toward climate neutrality.,Multiple,"Afforestation, reforestation, forest management; Soil carbon sequestration in croplands & grasslands",Cross-cutting,Information instrument,target,2050,0,net GHG emissions,Emissions,No,https://unfccc.int/documents/622013
State of CDR (Edition 3) - Policymaking and governance,Argentina,ARG,Decree 1070/2005 creating the Argentine Carbon Fund,2005,,Instrument,"Establishes a public fund enabling procurement of afforestation and reforestation CDM credits, creating demand for land-based removals.",Conventional CDR,"Afforestation, reforestation, forest management",Demand,Economic instrument,public_procurement,,,,,,https://climate-laws.org/document/national-decree-1070-05-2005-creation-of-the-argentine-carbon-fund_26bf
State of CDR (Edition 3) - Policymaking and governance,Argentina,ARG,First Nationally Determined Contribution (NDC),2016,,Framework,Argentina's first Paris Agreement pledge establishing an economy-wide emissions limit and recognising the role of land-use sinks.,Multiple,Multiple,Cross-cutting,Regulatory instrument,target,2030,483,MtCO₂e,Emissions,No,https://unfccc.int/sites/default/files/NDC/2022-05/Traduccio%CC%81n%20NDC_Argentina.pdf
State of CDR (Edition 3) - Policymaking and governance,Argentina,ARG,National Plan for the Management of Forests with Integrated Livestock (MBGI),2015,,Instrument,Promotes integrated forest-livestock management practices that maintain forest cover and carbon stocks.,Conventional CDR,"Afforestation, reforestation, forest management",Supply,Regulatory instrument,regulatory_safeguard,,,,,,http://fapda.apps.fao.org/fapda/index.html#main.html?policyframeworkid=359
State of CDR (Edition 3) - Policymaking and governance,Argentina,ARG,National Strategy for the Use of Carbon Markets (ENUMeC),2023,,Framework,Establishes Argentina's national carbon market strategy enabling participation in voluntary and Article 6 markets and potential future CDR crediting.,Multiple,Multiple,Demand,Other,compliance_market_integration,,,,,,https://climate-laws.org/document/national-strategy-for-the-use-of-carbon-markets-enumec_e784
State of CDR (Edition 3) - Policymaking and governance,Argentina,ARG,National Plan for the Restoration of Native Forests (PNRBN),2018,,Framework,National programme to restore native forests and increase carbon sequestration in the land sector.,Conventional CDR,"Afforestation, reforestation, forest management",Supply,Other,target,2023,18000,ha restored,CDR,No,https://climate-laws.org/document/national-plan-for-the-restoration-of-native-forests-pnrbn_3605
State of CDR (Edition 3) - Policymaking and governance,Argentina,ARG,"Native Forest Research, Development and Innovation Program (PIDIBN)",2023,,Instrument,Funds research and innovation improving forest restoration and sustainable management supporting carbon sequestration.,Conventional CDR,"Afforestation, reforestation, forest management",Supply,Economic instrument,rd_d_funding,,,,,,https://faolex.fao.org/docs/pdf/arg223735.pdf
State of CDR (Edition 3) - Policymaking and governance,Argentina,ARG,Law 27.520 on Climate Change,2019,,Framework,Establishes Argentina's national climate governance framework including mitigation planning and MRV systems.,Multiple,Multiple,Cross-cutting,Regulatory instrument,mrv_standard,,,,,,https://climate-laws.org/document/law-27520-on-minimum-budgets-for-adaptation-and-mitigation-to-global-climate-change_f2e5
State of CDR (Edition 3) - Policymaking and governance,Argentina,ARG,Principles and National Guidelines for Integrated Forest and Livestock Management (MBGI),2022,,Instrument,Establishes standards for integrated forest-livestock practices that protect ecosystem functions and forest carbon stocks.,Conventional CDR,"Afforestation, reforestation, forest management",Cross-cutting,Regulatory instrument,regulatory_safeguard,,,,,,http://servicios.infoleg.gob.ar/infolegInternet/anexos/360000-364999/363918/norma.htm
State of CDR (Edition 3) - Policymaking and governance,Argentina,ARG,National Action Plan on Forests and Climate Change (PANByCC),2017,,Framework,National strategy to reduce deforestation and increase restoration to strengthen forest carbon sinks.,Conventional CDR,"Afforestation, reforestation, forest management",Cross-cutting,Information instrument,Other,,,,,,https://faolex.fao.org/docs/pdf/arg189818.pdf
State of CDR (Edition 3) - Policymaking and governance,Argentina,ARG,Second Nationally Determined Contribution (NDC),2020,2021,Framework,Updated NDC establishing a strengthened economy-wide emissions cap including land-use sinks; further raised at COP26 to 349 MtCO₂e via 2021 addendum.,Multiple,Multiple,Cross-cutting,Regulatory instrument,target,2030,349,MtCO₂e,Emissions,No,https://unfccc.int/documents/624856
State of CDR (Edition 3) - Policymaking and governance,Argentina,ARG,National Forest Extension Programme (ProNEFor),2023,,Instrument,Supports sustainable forest management and reduced degradation to strengthen forest carbon sinks.,Conventional CDR,"Afforestation, reforestation, forest management",Supply,Economic instrument,operating_subsidy,,,,,,https://faolex.fao.org/docs/pdf/arg223575.pdf
State of CDR (Edition 3) - Policymaking and governance,Argentina,ARG,Environmental Sustainability and Insurance Program,2018,,Instrument,Encourages investment in forestry expansion and sustainable forest ventures supporting carbon sequestration.,Conventional CDR,"Afforestation, reforestation, forest management",Supply,Economic instrument,operating_subsidy,,,,,,https://climate-laws.org/document/joint-resolution-1-2018-creating-the-environmental-and-insurance-sustainability-program_8187
State of CDR (Edition 3) - Policymaking and governance,European Union,EU,Long-term strategy for a climate-neutral Europe (EU LTS),2020,,Framework,Long-term EU climate strategy outlining pathways to climate neutrality by 2050 and emphasising the role of land sinks and technological carbon removals.,Multiple,"Afforestation, reforestation, forest management; Soil carbon sequestration in croplands & grasslands; Bioenergy with carbon capture and storage (BECCS); Direct air capture with geological storage (DACCS)",Cross-cutting,Information instrument,target,2050,0,net GHG emissions,Emissions,No,https://unfccc.int/documents/210328
State of CDR (Edition 3) - Policymaking and governance,Australia,AUS,Long-Term Emissions Reduction Plan (Australia's Long-Term Strategy),2021,,Framework,"Australia's long-term strategy for achieving net zero emissions by 2050 highlighting roles for land-sector sinks, CCS and potential technological removals.",Multiple,"Afforestation, reforestation, forest management; Soil carbon sequestration in croplands & grasslands; Bioenergy with carbon capture and storage (BECCS); Direct air capture with geological storage (DACCS)",Cross-cutting,Information instrument,target,2050,0,net GHG emissions,Emissions,No,https://unfccc.int/sites/default/files/resource/Australias_LTS_WEB.pdf
State of CDR (Edition 3) - Policymaking and governance,Brazil,BRA,CPR Verde – Rural Product Note (Decree No. 10.828/2021),2021,,Instrument,"Enables issuance of rural product notes backed by environmental services, supporting monetisation of land-based carbon sequestration and restoration activities.",Conventional CDR,"Afforestation, reforestation, forest management",Supply,Economic instrument,crediting_mechanism; mrv_standard,,,,,,https://www.planalto.gov.br/ccivil_03/_Ato2019-2022/2021/Decreto/D10828.htm
State of CDR (Edition 3) - Policymaking and governance,Brazil,BRA,RenovaBio – National Biofuels Policy (Law No. 13.576/2017),2017,,Instrument,Establishes national biofuels crediting system (CBIOs); lifecycle accounting rewards lower-carbon biofuel production and indirectly enables BECCS.,Novel CDR,Bioenergy with carbon capture and storage (BECCS),Demand,Regulatory instrument,crediting_mechanism; mrv_standard,,,,,,https://www.planalto.gov.br/ccivil_03/_Ato2015-2018/2017/Lei/L13576.htm
State of CDR (Edition 3) - Policymaking and governance,Brazil,BRA,Decree No. 12.677/2025 creating the Extraordinary Secretariat for the Carbon Market,2025,,Framework,"Creates institutional framework for SBCE carbon market, including registry and MRV development relevant to future CDR integration.",Multiple,Multiple,Cross-cutting,Other,mrv_standard; Other,,,,,,https://www.planalto.gov.br/ccivil_03/_ato2023-2026/2025/decreto/D12677.htm
State of CDR (Edition 3) - Policymaking and governance,Brazil,BRA,Brazil ETS / Sistema Brasileiro de Comércio de Emissões (SBCE) (Law No. 15.042/2024),2024,,Instrument,"Establishes regulated emissions trading system recognising emissions reduction and removal assets, creating compliance demand for CDR.",Multiple,Multiple,Demand,Regulatory instrument,compliance_market_integration; mrv_standard; regulatory_safeguard,,,,,,https://www.planalto.gov.br/ccivil_03/_ato2023-2026/2024/lei/L15042.htm
State of CDR (Edition 3) - Policymaking and governance,Brazil,BRA,National Policy on Climate Change (Law No. 12.187/2009),2009,,Framework,"Overarching climate framework combining mitigation and enhancement of sinks, underpinning land-based CDR policies.",Multiple,Multiple,Cross-cutting,Regulatory instrument,target,2020,36.1-38.9,% below projected baseline,Emissions,Yes,https://www.planalto.gov.br/ccivil_03/_ato2007-2010/2009/lei/l12187.htm
State of CDR (Edition 3) - Policymaking and governance,Brazil,BRA,Plano Clima (National Climate Plan 2024–2035),2025,,Framework,"National climate strategy defining sectoral pathways including restoration and land-use sinks, providing strategic direction for scaling CDR.",Multiple,"Afforestation, reforestation, forest management; Soil carbon sequestration in croplands & grasslands; Multiple",Cross-cutting,Other,Other,,,,,,https://www.gov.br/mma/pt-br/composicao/smc/plano-clima
State of CDR (Edition 3) - Policymaking and governance,Brazil,BRA,National Policy on Payment for Environmental Services (Law No. 14.119/2021),2021,,Framework,"Establishes PES schemes rewarding conservation and restoration, including activities generating carbon sequestration benefits.",Conventional CDR,"Afforestation, reforestation, forest management; Soil carbon sequestration in croplands & grasslands",Supply,Economic instrument,operating_subsidy,,,,,,https://www.planalto.gov.br/ccivil_03/_ato2019-2022/2021/lei/L14119.htm
State of CDR (Edition 3) - Policymaking and governance,Brazil,BRA,National Policy and Plan for Recovery of Native Vegetation (Planaveg),2017,2024,Framework,Establishes large-scale restoration policy increasing forest carbon sinks.,Conventional CDR,"Afforestation, reforestation, forest management",Supply,Other,target,2030,12,million ha,CDR,No,https://www.gov.br/mma/pt-br/composicao/sbio/dflo/plano-nacional-de-recuperacao-da-vegetacao-nativa-planaveg
State of CDR (Edition 3) - Policymaking and governance,Brazil,BRA,National Fertilizer Plan (2022–2050),2022,,Framework,Supports mineral input supply chains relevant to enhanced weathering deployment.,Novel CDR,Enhanced weathering,Supply,Other,Other,,,,,,https://faolex.fao.org/docs/pdf/bra216335.pdf
State of CDR (Edition 3) - Policymaking and governance,Brazil,BRA,National REDD+ Strategy (ENREDD+),2015,,Framework,"National REDD+ strategy including conservation, sustainable forest management and enhancement of forest carbon stocks.",Conventional CDR,"Afforestation, reforestation, forest management",Cross-cutting,Other,Other,,,,,,https://climate-laws.org/document/ordinance-mma-370-2015-approving-the-redd-strategy-enredd_6eb6
State of CDR (Edition 3) - Policymaking and governance,Brazil,BRA,Amazon Fund,2008,,Instrument,Provides funding for forest conservation and restoration activities increasing forest carbon stocks.,Conventional CDR,"Afforestation, reforestation, forest management",Supply,Economic instrument,capital_subsidy; operating_subsidy,,,,,,https://www.amazonfund.gov.br/en/home/
State of CDR (Edition 3) - Policymaking and governance,Brazil,BRA,Floresta+ Amazon Project,2019,,Instrument,PES scheme supporting forest conservation and restoration with carbon sequestration co-benefits.,Conventional CDR,"Afforestation, reforestation, forest management",Supply,Economic instrument,operating_subsidy,,,,,,https://redd.unfccc.int/files/brazil_national_redd__strategy.pdf
State of CDR (Edition 3) - Policymaking and governance,Brazil,BRA,Action Plan to Prevent and Control Deforestation in the Amazon (PPCDAm),2004,2016; 2023,Instrument,Combines enforcement and restoration measures contributing to maintenance and recovery of forest carbon stocks.,Conventional CDR,"Afforestation, reforestation, forest management",Cross-cutting,Regulatory instrument,regulatory_safeguard; Other,,,,,,https://climate-laws.org/document/plan-to-control-illegal-deforestation-and-recovery-of-native-vegetation-ppcdam-and-ppcerrado_212e
State of CDR (Edition 3) - Policymaking and governance,Brazil,BRA,Action Plan to Prevent and Control Deforestation and Fire in the Brazilian Cerrado (PPCerrado),2010,2016; 2023,Instrument,"Supports reduced deforestation and land restoration, contributing to preservation and recovery of carbon stocks.",Conventional CDR,"Afforestation, reforestation, forest management",Cross-cutting,Regulatory instrument,regulatory_safeguard; Other,2030,40,% reduction vs baseline,Emissions,No,https://climate-laws.org/document/plan-to-control-illegal-deforestation-and-recovery-of-native-vegetation-ppcdam-and-ppcerrado_212e
State of CDR (Edition 3) - Policymaking and governance,Brazil,BRA,Brazilian Forest Code (Law No. 12.651/2012),2012,,Instrument,Establishes legal reserves and restoration obligations increasing forest carbon stocks.,Conventional CDR,"Afforestation, reforestation, forest management",Cross-cutting,Regulatory instrument,regulatory_safeguard,,,,,,https://www.planalto.gov.br/ccivil_03/_ato2011-2014/2012/lei/l12651.htm
State of CDR (Edition 3) - Policymaking and governance,Brazil,BRA,Remineralizer Law (Law No. 12.890/2013),2013,2016,Instrument,Regulates remineralizers enabling enhanced weathering practices in agriculture.,Novel CDR,Enhanced weathering,Supply,Regulatory instrument,regulatory_safeguard; mrv_standard,,,,,,https://www.gov.br/agricultura/pt-br/assuntos/insumos-agropecuarios/insumos-agricolas/fertilizantes/legislacao/lei-no-12-890-de-10-de-dezembro-de-2013_ingles.pdf
State of CDR (Edition 3) - Policymaking and governance,Brazil,BRA,National Programme for Conversion of Degraded Pastures (PNCPD),2023,,Instrument,Supports restoration of degraded land improving soil and biomass carbon stocks.,Conventional CDR,"Soil carbon sequestration in croplands & grasslands; Afforestation, reforestation, forest management",Supply,Economic instrument,capital_subsidy; operating_subsidy,,,,,,https://www.planalto.gov.br/ccivil_03/_ato2023-2026/2023/decreto/d11815.htm
State of CDR (Edition 3) - Policymaking and governance,Brazil,BRA,Programme RenovAgro (Low-Carbon Agriculture Programme),2010,2020,Instrument,Provides concessional finance for practices including restoration and soil carbon enhancement.,Conventional CDR,"Afforestation, reforestation, forest management; Soil carbon sequestration in croplands & grasslands",Supply,Economic instrument,public_loan,,,,,,https://www.gov.br/agricultura/pt-br/assuntos/sustentabilidade/plano-abc/plano-abc-agricultura-de-baixa-emissao-de-carbono
State of CDR (Edition 3) - Policymaking and governance,Brazil,BRA,National Soils Program (PronaSolos),2018,,Instrument,Provides soil monitoring and mapping infrastructure enabling soil carbon MRV.,Conventional CDR,Soil carbon sequestration in croplands & grasslands,Supply,Information instrument,mrv_standard,,,,,,https://www.gov.br/agricultura/pt-br/assuntos/sustentabilidade/pronasolos
State of CDR (Edition 3) - Policymaking and governance,Brazil,BRA,Decree establishing sectoral mitigation plans and National GHG Registry,2022,,Instrument,Creates registry and accounting framework for tracking emissions reductions and removals.,Multiple,Multiple,Cross-cutting,Regulatory instrument,mrv_standard; crediting_mechanism,,,,,,https://www.planalto.gov.br/ccivil_03/_ato2019-2022/2022/decreto/d11075.htm
State of CDR (Edition 3) - Policymaking and governance,Brazil,BRA,ABC+ (Sectoral Plan for Low-Carbon Agriculture),2020,,Framework,"Supports soil carbon, agroforestry and restoration practices increasing land-based removals.",Conventional CDR,"Soil carbon sequestration in croplands & grasslands; Agroforestry; Afforestation, reforestation, forest management",Supply,Other,target; public_loan; capital_subsidy; operating_subsidy,2030,1042,MtCO₂e,CDR,No,https://www.gov.br/agricultura/pt-br/assuntos/sustentabilidade/plano-abc
State of CDR (Edition 3) - Policymaking and governance,Brazil,BRA,Brazil's Nationally Determined Contribution – First NDC,2015,,Framework,NDC committing Brazil to reduce net GHG emissions by 37% by 2025 and 43% by 2030 below 2005 levels; land-based carbon sinks contribute to the target.,Multiple,"Afforestation, reforestation, forest management; Soil carbon sequestration in croplands & grasslands",Cross-cutting,Regulatory instrument,target,2025; 2030,37; 43,% below 2005 levels,Emissions,No,https://unfccc.int/sites/default/files/NDC/2023-11/Brazil%20First%20NDC%202023%20adjustment.pdf
State of CDR (Edition 3) - Policymaking and governance,Brazil,BRA,Brazil's Nationally Determined Contribution – 2020 Update,2020,,Framework,"Brazil resubmitted its NDC in 2020, maintaining the 43% reduction below 2005 by 2030 target and including land-use sink contributions from reforestation and forest management.",Multiple,"Afforestation, reforestation, forest management; Soil carbon sequestration in croplands & grasslands; Peatland and coastal wetland restoration",Cross-cutting,Regulatory instrument,target,2030,43,% below 2005 levels,Emissions,No,https://unfccc.int/sites/default/files/NDC/2022-06/Brazil%20First%20NDC%20(Updated%20submission).pdf
State of CDR (Edition 3) - Policymaking and governance,Brazil,BRA,Brazil's Nationally Determined Contribution – 2023 Update (First NDC revised),2023,,Framework,"Brazil submitted an updated First NDC in 2023, increasing ambition to 48–53% below 2005 by 2025/2030 and emphasising land-based sink contributions.",Multiple,"Afforestation, reforestation, forest management; Soil carbon sequestration in croplands & grasslands; Peatland and coastal wetland restoration",Cross-cutting,Regulatory instrument,target,2025; 2030,48; 53,% below 2005 levels,Emissions,No,https://unfccc.int/sites/default/files/NDC/2023-11/Brazil%20First%20NDC%202023%20updated%20submission.pdf
State of CDR (Edition 3) - Policymaking and governance,Brazil,BRA,Brazil's Nationally Determined Contribution – Second NDC,2024,,Framework,"Updated NDC setting a 2035 emissions reduction target of 59–67% below 2005 levels, highlighting the role of restoration and land sinks.",Multiple,"Afforestation, reforestation, forest management; Soil carbon sequestration in croplands & grasslands",Cross-cutting,Regulatory instrument,target,2035,59-67,% below 2005 levels,Emissions,No,https://unfccc.int/sites/default/files/2024-11/Brazil_Second%20Nationally%20Determined%20Contribution%20%28NDC%29_November2024.pdf
State of CDR (Edition 3) - Policymaking and governance,Canada,CAN,Natural Climate Solutions Fund,2021,,Instrument,"A C$5 billion fund comprising sub-programmes supporting afforestation, wetland/peatland restoration and soil carbon sequestration.",Conventional CDR,"Afforestation, reforestation, forest management; Soil carbon sequestration in croplands & grasslands; Peatland and coastal wetland restoration",Supply,Economic instrument,capital_subsidy; operating_subsidy,2031,2000000000,trees planted,CDR,,https://natural-resources.canada.ca/forest-forestry/2-billion-trees-program
State of CDR (Edition 3) - Policymaking and governance,Canada,CAN,Canada's Greenhouse Gas Offset Credit System,2022,,Instrument,"Creates federal offset credits for verified emissions reductions and removals under approved protocols, including forest management, soil carbon and potential DACCS.",Multiple,"Afforestation, reforestation, forest management; Soil carbon sequestration in croplands & grasslands; Direct air capture with geological storage (DACCS)",Supply,Regulatory instrument,crediting_mechanism; mrv_standard,,,,,,https://www.canada.ca/en/environment-climate-change/services/climate-change/pricing-pollution-how-it-will-work/output-based-pricing-system/federal-greenhouse-gas-offset-system.html
State of CDR (Edition 3) - Policymaking and governance,Canada,CAN,Greening Government Strategy – CDR Purchase Commitment,2024,,Instrument,"Federal commitment to procure at least C$10 million in certified CDR services between 2024 and 2030, establishing a government demand signal.",Multiple,Direct air capture with geological storage (DACCS); Bioenergy with carbon capture and storage (BECCS); Multiple,Demand,Economic instrument,public_procurement,2030,10000000,CAD (minimum purchases),CDR,,https://www.canada.ca/en/treasury-board-secretariat/services/innovation/greening-government/strategy.html
State of CDR (Edition 3) - Policymaking and governance,Canada,CAN,Output-Based Pricing System (OBPS),2019,2023,Instrument,Federal industrial carbon pricing system allowing use of offset credits including CDR-related protocols for compliance.,Multiple,Multiple,Demand,Regulatory instrument,compliance_market_integration; mrv_standard,,,,,,https://icapcarbonaction.com/system/files/ets_pdfs/icap-etsmap-factsheet-135.pdf
State of CDR (Edition 3) - Policymaking and governance,Canada,CAN,2030 Emissions Reduction Plan,2022,,Framework,Federal roadmap to achieve 40–45% emissions reduction below 2005 levels by 2030; includes nature-based solutions and CCUS signals.,Multiple,Multiple,Cross-cutting,Other,target,2030,40-45,% below 2005 levels,Emissions,No,https://www.canada.ca/en/services/environment/weather/climatechange/climate-plan/climate-plan-overview/emissions-reduction-2030/plan.html
State of CDR (Edition 3) - Policymaking and governance,Canada,CAN,Low Carbon Economy Fund,2017,,Instrument,Finances projects that reduce emissions and increase carbon stocks in forests and soils; includes multiple funding streams.,Multiple,"Afforestation, reforestation, forest management; Soil carbon sequestration in croplands & grasslands; CO₂ geological storage",Supply,Economic instrument,capital_subsidy; operating_subsidy,,,,,,https://www.canada.ca/en/environment-climate-change/services/climate-change/low-carbon-economy-fund.html
State of CDR (Edition 3) - Policymaking and governance,Canada,CAN,Canada's Carbon Management Strategy,2023,,Framework,National strategy to scale CCUS and CDR including DAC and geological storage; sets indicative deployment scenarios and priorities.,Novel CDR; Enabling infrastructure,Direct air capture with geological storage (DACCS); Bioenergy with carbon capture and storage (BECCS); CO₂ geological storage; CO₂ transport,Cross-cutting,Other,rd_d_funding; Other,2050,60-80 (CCUS); 46-55 (DAC),MtCO₂/year,CDR,,https://natural-resources.canada.ca/sites/nrcan/files/energy/pdf/NRCan_CCMS_EN.pdf
State of CDR (Edition 3) - Policymaking and governance,Canada,CAN,"Carbon Capture, Utilization and Storage (CCUS) Investment Tax Credit (ITC)",2022,,Instrument,"Refundable investment tax credit supporting CCUS including DACCS, geological storage and CO₂ utilisation.",Novel CDR; Enabling infrastructure,"Direct air capture with geological storage (DACCS); CO₂ geological storage; Mineral products (e.g. CO₂-cured concrete, aggregates)",Supply,Economic instrument,tax_incentive,,,,,,https://www.canada.ca/en/revenue-agency/services/tax/businesses/topics/corporations/business-tax-credits/clean-economy-itc/carbon-capture-itc.html
State of CDR (Edition 3) - Policymaking and governance,Canada,CAN,Canadian Net-Zero Emissions Accountability Act (CNZEAA),2021,,Framework,Sets binding emissions targets including 40–45% reduction by 2030 and net-zero by 2050; removals contribute to target achievement.,Multiple,Multiple,Cross-cutting,Regulatory instrument,target,2030; 2050,40-45; 0,% below 2005 levels; net zero,Emissions,Yes,https://laws-lois.justice.gc.ca/eng/acts/C-19.3/
State of CDR (Edition 3) - Policymaking and governance,Canada,CAN,On-Farm Climate Action Fund (OFCAF),2021,,Instrument,Funding for agricultural practices including cover cropping and rotational grazing that enhance soil carbon sequestration.,Conventional CDR,Soil carbon sequestration in croplands & grasslands,Supply,Economic instrument,capital_subsidy; operating_subsidy,,,,,,https://agriculture.canada.ca/en/programs/agricultural-climate-solutions-farm-climate-action-fund
State of CDR (Edition 3) - Policymaking and governance,Canada,CAN,Mid-Century Long-Term Low Greenhouse Gas Development Strategy,2016,,Framework,Canada's LT-LEDS outlining long-term decarbonisation pathways including forest sinks and land-use removals.,Conventional CDR,"Afforestation, reforestation, forest management; Durable wood products",Cross-cutting,Other,Other,,,,,,https://unfccc.int/files/focus/long-term_strategies/application/pdf/canadas_mid-century_long-term_strategy.pdf
State of CDR (Edition 3) - Policymaking and governance,Canada,CAN,Pan-Canadian Framework on Clean Growth and Climate Change,2016,,Framework,National climate framework including carbon pricing and sectoral measures; references land-based removals in forestry and agriculture.,Conventional CDR,"Afforestation, reforestation, forest management; Soil carbon sequestration in croplands & grasslands",Cross-cutting,Other,Other,,,,,,https://www.canada.ca/en/services/environment/weather/climatechange/pan-canadian-framework/climate-change-plan.html
State of CDR (Edition 3) - Policymaking and governance,Canada,CAN,Agricultural Clean Technology Program (Adoption Stream),2021,,Instrument,Supports adoption of clean agricultural technologies including biochar and pilot support for enhanced weathering and soil carbon practices.,Conventional CDR; Novel CDR,Biochar soil amendment; Enhanced weathering; Soil carbon sequestration in croplands & grasslands,Supply,Economic instrument,capital_subsidy,,,,,,https://agriculture.canada.ca/en/programs/agricultural-clean-technology-adoption-stream
State of CDR (Edition 3) - Policymaking and governance,Canada,CAN,Canada's Nationally Determined Contribution – First NDC (2021 Enhanced),2015,2017; 2021,Framework,Enhanced NDC committing to 40–45% emissions reduction below 2005 levels by 2030; includes land-use removals in accounting.,Multiple,Multiple,Cross-cutting,Regulatory instrument,target,2030,40-45,% below 2005 levels,Emissions,No,https://unfccc.int/sites/default/files/NDC/2022-06/Canada's%20Enhanced%20NDC%20Submission1_FINAL%20EN.pdf
State of CDR (Edition 3) - Policymaking and governance,Canada,CAN,Canada's Nationally Determined Contribution – Enhanced First NDC (2021),2021,,Framework,"Canada's 2021 enhanced NDC targets 40–45% below 2005 levels by 2030, with natural climate solutions and forest conservation as key CDR-relevant contributions.",Multiple,"Afforestation, reforestation, forest management; Soil carbon sequestration in croplands & grasslands; Peatland and coastal wetland restoration",Cross-cutting,Regulatory instrument,target,2030,40-45,% below 2005 levels,Emissions,No,https://unfccc.int/sites/default/files/NDC/2022-06/Canada's%20Enhanced%20NDC%20Submission1_FINAL%20EN.pdf
State of CDR (Edition 3) - Policymaking and governance,Canada,CAN,Canada's Nationally Determined Contribution – Second NDC (2035 Target),2025,,Framework,"Updated NDC committing to 45–50% emissions reduction below 2005 levels by 2035, with partial contribution from land-sector removals.",Multiple,Multiple,Cross-cutting,Regulatory instrument,target,2035,45-50,% below 2005 levels,Emissions,No,https://unfccc.int/sites/default/files/2025-02/Canada%27s%202035%20Nationally%20Determined%20Contribution.pdf
State of CDR (Edition 3) - Policymaking and governance,France,FRA,France 2030 – Forest Renewal Measure,2023,,Instrument,"Provides funding (€150 million) to support forest renewal, adaptation and resilience, including reforestation and stand improvement, contributing to restoration of France's forest carbon sink.",Conventional CDR,"Afforestation, reforestation, forest management",Supply,Economic instrument,capital_subsidy,,,,,,https://www.info.gouv.fr/actualite/france-2030-ouverture-du-guichet-et-annonce-des-resultats-de-l-ami-renouvellement-forestier
State of CDR (Edition 3) - Policymaking and governance,France,FRA,"Law on Climate and Resilience – Net-Zero Land Artificialisation Objective (Loi Climat et Résilience, Art. 194)",2021,2023,Framework,"Establishes 'zero net artificialisation' target by 2050, protecting soils from land-use change and limiting associated loss of soil carbon stocks.",Conventional CDR,Soil carbon sequestration in croplands & grasslands,Cross-cutting,Regulatory instrument,target,2050,0,net land artificialised (ha/year),Emissions,Yes,https://www.legifrance.gouv.fr/jorf/id/JORFTEXT000043956924
State of CDR (Edition 3) - Policymaking and governance,France,FRA,Low-Carbon Label (Label bas-carbone),2018,2025,Instrument,Government voluntary certification framework for emissions reductions and removals including forestry and agricultural carbon sequestration; enables generation of label credits tradeable in voluntary carbon markets.,Conventional CDR,"Afforestation, reforestation, forest management; Soil carbon sequestration in croplands & grasslands; Peatland and coastal wetland restoration; Agroforestry",Supply,Regulatory instrument,crediting_mechanism; mrv_standard,,,,,,https://www.legifrance.gouv.fr/jorf/id/JORFTEXT000037657959
State of CDR (Edition 3) - Policymaking and governance,France,FRA,"National Forest and Wood Programme (Programme national de la forêt et du bois, PNFB) 2016–2026",2016,,Framework,"National forestry strategy guiding forest management, adaptation and biomass use, including forest renewal and carbon stock considerations; sets mobilisation targets for additional wood volumes.",Conventional CDR,"Afforestation, reforestation, forest management",Cross-cutting,Other,Other,,,,,,https://agriculture.gouv.fr/le-programme-national-de-la-foret-et-du-bois-2016-2026
State of CDR (Edition 3) - Policymaking and governance,France,FRA,"CAP Strategic Plan (France) 2023–2027 (Plan Stratégique National, PSN)",2023,,Framework,"Implements EU Common Agricultural Policy in France, supporting agroecological practices, soil carbon sequestration and agroforestry through eco-schemes and agri-environment-climate measures.",Conventional CDR,Soil carbon sequestration in croplands & grasslands; Agroforestry,Supply,Economic instrument,operating_subsidy,,,,,,https://agriculture.gouv.fr/pac-2023-2027-le-plan-strategique-national
State of CDR (Edition 3) - Policymaking and governance,France,FRA,France 2030 / Industrial Decarbonisation (Décarbonation industrielle) – CCUS Eligibility,2021,2023,Instrument,Public investment programme supporting industrial decarbonisation including CCUS pilot projects and CO₂ transport and storage infrastructure; indirectly enables BECCS deployment.,Novel CDR; Enabling infrastructure,CO₂ transport; CO₂ geological storage; Bioenergy with carbon capture and storage (BECCS),Supply,Economic instrument,rd_d_funding; capital_subsidy,,,,,,https://www.gouvernement.fr/france-2030
State of CDR (Edition 3) - Policymaking and governance,France,FRA,"National Low-Carbon Strategy (Stratégie nationale bas-carbone, SNBC 2) and Carbon Budgets",2020,,Framework,France's national climate roadmap setting five-year carbon budgets and long-term carbon neutrality objective by 2050; explicitly incorporates land sinks and limited engineered CDR (BECCS) in neutrality pathway.,Multiple,"Afforestation, reforestation, forest management; Soil carbon sequestration in croplands & grasslands; Peatland and coastal wetland restoration; Agroforestry; Bioenergy with carbon capture and storage (BECCS)",Cross-cutting,Regulatory instrument,target,2024-2028; 2029-2033,300; 270,MtCO₂e/year carbon budget,Emissions,Yes,https://www.ecologie.gouv.fr/politiques-publiques/strategie-nationale-bas-carbone-snbc-2-vigueur
State of CDR (Edition 3) - Policymaking and governance,France,FRA,"National Biomass Mobilisation Strategy (Stratégie nationale de mobilisation de la biomasse, SNMB)",2018,,Framework,"Defines sustainable biomass mobilisation pathways including forest and agricultural residues, indirectly shaping availability of biomass for energy and potential BECCS applications.",Conventional CDR; Novel CDR,"Bioenergy with carbon capture and storage (BECCS); Afforestation, reforestation, forest management",Cross-cutting,Other,regulatory_safeguard; Other,,,,,,https://www.legifrance.gouv.fr/jorf/id/JORFTEXT000036711308
State of CDR (Edition 3) - Policymaking and governance,France,FRA,National CCUS Strategy (Stratégie nationale CCUS),2024,,Framework,"National strategy outlining development of CO₂ capture, transport and storage infrastructure with indicative deployment pathway to 30–50 MtCO₂/year by 2050.",Novel CDR; Enabling infrastructure,CO₂ geological storage; CO₂ transport; Bioenergy with carbon capture and storage (BECCS),Cross-cutting,Other,target; regulatory_safeguard,2050,30-50,MtCO₂/year captured and stored,CO₂ storage,No,https://www.ecologie.gouv.fr/presse/strategie-nationale-ccus-letat-accelere-decarbonation-industrielle
State of CDR (Edition 3) - Policymaking and governance,France,FRA,"Energy and Climate Law (Loi énergie-climat, Loi n° 2019-1147)",2019,,Framework,Sets legally binding objective of carbon neutrality by 2050 and restructures national climate governance; neutrality objective implicitly includes land sinks and residual CDR.,Multiple,Multiple,Cross-cutting,Regulatory instrument,target,2050,0,net GHG emissions (carbon neutrality),Emissions,Yes,https://www.legifrance.gouv.fr/jorf/id/JORFTEXT000039355955
State of CDR (Edition 3) - Policymaking and governance,France,FRA,Tax Incentive Scheme for Forest Investment (DEFI Forêt),2001,2023,Instrument,"Tax incentives supporting forest investment, afforestation, sustainable forest management and forest group membership; extended and restructured in 2023 Finance Law.",Conventional CDR,"Afforestation, reforestation, forest management",Supply,Economic instrument,tax_incentive,,,,,,https://bofip.impots.gouv.fr/bofip/13774-PGP.html/ACTU-2022-00155
State of CDR (Edition 3) - Policymaking and governance,France,FRA,National Forestry Accounting Plan (Plan comptable forestier national),2020,2020,Framework,Defines France's forest reference level and accounting rules for forest carbon stocks under the EU LULUCF framework for the 2021–2025 and 2026–2030 periods.,Conventional CDR,"Afforestation, reforestation, forest management",Cross-cutting,Information instrument,mrv_standard,,,,,,https://www.ecologie.gouv.fr/sites/default/files/documents/National%20Forest%20Accounting%20Plan%20France%202019%20with%20explanary%20note%20VEN.pdf
State of CDR (Edition 3) - Policymaking and governance,France,FRA,EU Nationally Determined Contribution – First NDC/INDC (2015) [France],2015,,Framework,"As an EU member state, France's climate commitments are anchored in the EU NDC framework, which includes land-use sinks and emerging engineered CDR pathways.",Multiple,Multiple,Cross-cutting,Regulatory instrument,target,2030,40,% net GHG reduction vs 1990,Emissions,No,https://unfccc.int/sites/default/files/NDC/2022-06/LV-03-06-EU%20INDC.pdf
State of CDR (Edition 3) - Policymaking and governance,France,FRA,EU Updated Nationally Determined Contribution (2020) [France],2020,,Framework,"As an EU member state, France's climate commitments are anchored in the EU NDC framework, which includes land-use sinks and emerging engineered CDR pathways.",Multiple,Multiple,Cross-cutting,Regulatory instrument,target,2030,55,% net GHG reduction vs 1990,Emissions,No,https://unfccc.int/sites/default/files/NDC/2022-06/EU_NDC_Submission_December%202020.pdf
State of CDR (Edition 3) - Policymaking and governance,France,FRA,EU Nationally Determined Contribution – Resubmission (2023) [France],2023,,Framework,"As an EU member state, France's climate commitments are anchored in the EU NDC framework, which includes land-use sinks and emerging engineered CDR pathways.",Multiple,Multiple,Cross-cutting,Regulatory instrument,target,2030,55,% net GHG reduction vs 1990,Emissions,No,https://unfccc.int/sites/default/files/NDC/2023-06/EU%20NDC%202023%20-%20Resubmission.pdf
State of CDR (Edition 3) - Policymaking and governance,France,FRA,EU Nationally Determined Contribution 2035 [France],2025,,Framework,"As an EU member state, France's climate commitments are anchored in the EU NDC framework, which includes land-use sinks and emerging engineered CDR pathways.",Multiple,Multiple,Cross-cutting,Regulatory instrument,target,2035,66.25-72.5,% net GHG reduction vs 1990,Emissions,No,https://unfccc.int/sites/default/files/2025-11/DK-2025-11-05%20EU%20NDC.pdf
State of CDR (Edition 3) - Policymaking and governance,India,IND,National Mission for a Green India (Green India Mission) – Revised Mission Document,2014,2025,Framework,Enhances forest and tree cover on 10 million hectares and contributes to India's NDC objective of creating an additional 2.5–3 GtCO₂-equivalent carbon sinks by 2030.,Conventional CDR,"Afforestation, reforestation, forest management; Agroforestry; Peatland and coastal wetland restoration",Supply,Economic instrument,capital_subsidy; operating_subsidy,,,,,,https://moef.gov.in/uploads/2017/08/GIM_Mission-Document-1.pdf
State of CDR (Edition 3) - Policymaking and governance,India,IND,Carbon Credit Trading Scheme (CCTS),2023,,Instrument,Establishes India's national compliance carbon market framework under the Energy Conservation Act; currently covers industrial sector emissions reductions; CDR/removals not yet eligible under current rules.,Multiple,Multiple,Demand,Regulatory instrument,compliance_market_integration,,,,,,https://beeindia.gov.in/sites/default/files/CCTS.pdf
State of CDR (Edition 3) - Policymaking and governance,India,IND,Compensatory Afforestation Fund Act 2016 (CAMPA) and Rules 2018,2016,2018,Instrument,"Establishes legally mandated national and state funds financing afforestation and ecosystem restoration as compensation for forest land diversion, substantially increasing forest carbon stocks.",Conventional CDR,"Afforestation, reforestation, forest management; Peatland and coastal wetland restoration",Supply,Economic instrument,capital_subsidy; operating_subsidy; regulatory_safeguard,,,,,,https://www.indiacode.nic.in/bitstream/123456789/2151/1/A2016-38.pdf
State of CDR (Edition 3) - Policymaking and governance,India,IND,India's Long-Term Low-Carbon Development Strategy (LT-LEDS),2022,,Framework,"Outlines India's pathway to net-zero emissions by 2070, including enhanced forest sinks, sustainable land management and potential future engineered removals (BECCS, DACCS).",Multiple,"Afforestation, reforestation, forest management; Bioenergy with carbon capture and storage (BECCS); Direct air capture with geological storage (DACCS)",Cross-cutting,Other,target; Other,2070,0,net zero emissions,Emissions,No,https://unfccc.int/sites/default/files/resource/India_LTLEDS.pdf
State of CDR (Edition 3) - Policymaking and governance,India,IND,CCUS Policy Framework and Deployment Mechanism (NITI Aayog),2022,,Framework,"Advisory report proposing a national CCUS framework including infrastructure, incentives, MRV and regulatory design; supports future engineered CDR deployment including BECCS and DACCS.",Novel CDR; Enabling infrastructure,CO₂ geological storage; CO₂ transport; Bioenergy with carbon capture and storage (BECCS); Direct air capture with geological storage (DACCS),Cross-cutting,Other,rd_d_funding; Other,,,,,,https://www.niti.gov.in/sites/default/files/2022-12/CCUS-Report.pdf
State of CDR (Edition 3) - Policymaking and governance,India,IND,"India's Intended Nationally Determined Contribution (INDC, 2015)",2015,,Framework,Commits to creating an additional 2.5–3 GtCO₂-equivalent carbon sink through forest and tree cover by 2030; also targets 50% cumulative electric power from non-fossil sources by 2030.,Conventional CDR,"Afforestation, reforestation, forest management",Cross-cutting,Regulatory instrument,target,2030,2.5-3,GtCO₂e sinks,Emissions,No,https://unfccc.int/sites/default/files/NDC/2022-08/India%20Updated%20First%20Nationally%20Determined%20Contrib.pdf
State of CDR (Edition 3) - Policymaking and governance,India,IND,National Action Plan on Climate Change (NAPCC),2008,,Framework,"India's overarching national climate framework comprising eight missions including the Green India Mission and National Mission for Sustainable Agriculture, which explicitly target forest carbon sinks and soil carbon sequestration.",Conventional CDR,"Afforestation, reforestation, forest management; Soil carbon sequestration in croplands & grasslands; Agroforestry",Cross-cutting,Other,Other,,,,,,https://moef.gov.in/wp-content/uploads/2018/04/Pg01-52.pdf
State of CDR (Edition 3) - Policymaking and governance,India,IND,India's Updated First Nationally Determined Contribution (2022),2022,,Framework,India's 2022 updated NDC targets 2.5–3 GtCO₂e of additional carbon sinks through forest and tree cover by 2030 and 50% non-fossil electricity capacity.,Conventional CDR,"Afforestation, reforestation, forest management",Cross-cutting,Regulatory instrument,target,2030,2.5-3,GtCO₂e sinks,Emissions,No,https://unfccc.int/sites/default/files/NDC/2022-08/India%20Updated%20First%20Nationally%20Determined%20Contribution%202022-2030.pdf
State of CDR (Edition 3) - Policymaking and governance,Indonesia,IDN,REDD+ National Strategy 2021–2030,2022,,Framework,"National REDD+ strategy for 2021–2030 supporting forest conservation, rehabilitation, peatland restoration, and other land-based measures that enhance or preserve carbon stocks.",Conventional CDR,"Afforestation, reforestation, forest management; Peatland and coastal wetland restoration",Cross-cutting,Other,Other,,,,,,https://redd.unfccc.int/files/indonesia_redd__national_strategy_2021-2030.pdf
State of CDR (Edition 3) - Policymaking and governance,Indonesia,IDN,Minister of Energy and Mineral Resources Regulation No. 2/2023 on CCUS in Upstream Oil and Gas,2023,,Instrument,"Establishes regulatory framework for CCUS implementation in upstream oil and gas, including storage, monitoring and verification, enabling future engineered removals infrastructure.",Novel CDR; Enabling infrastructure,CO₂ geological storage,Cross-cutting,Regulatory instrument,regulatory_safeguard; mrv_standard,,,,,,https://climate-laws.org/document/minister-of-energy-and-mineral-resources-regulation-no-2-of-2023-on-carbon-capture-utilisation-and-storage-in-oil-and-gas_3c82
State of CDR (Edition 3) - Policymaking and governance,Indonesia,IDN,UNCCD Land Degradation Neutrality National Report 2022,2015,2022,Framework,"Defines land-restoration and ecosystem-rehabilitation priorities relevant to land-based carbon sequestration, primarily framed under land degradation neutrality.",Conventional CDR,"Afforestation, reforestation, forest management; Agroforestry",Cross-cutting,Other,target,2030,Land Degradation Neutrality,qualitative target,Emissions,No,https://www.unccd.int/sites/default/files/national-reports/2022/IDN/UNCCD%20SO1%20Report%202022%20IDN.pdf
State of CDR (Edition 3) - Policymaking and governance,Indonesia,IDN,Indonesia's FOLU Net Sink 2030 – Operational Plan (MoEF Decree SK.168/MENLHK/PKTL/PLA.1/2/2022),2022,,Framework,"Operationalises Indonesia's FOLU Net Sink 2030 agenda across forests, peatlands and mangroves, targeting a net sink of −140 MtCO₂e from the FOLU sector by 2030.",Conventional CDR,"Afforestation, reforestation, forest management; Peatland and coastal wetland restoration",Cross-cutting,Other,target,2030,-140,MtCO₂e net FOLU sector emissions,Emissions,Yes,https://planologi.kehutanan.go.id/assets/img/publication/BUKU_RENOPS_FOLU_NETSINK_2030_(English).pdf
State of CDR (Edition 3) - Policymaking and governance,Indonesia,IDN,Strategic Plan of the Ministry of Environment and Forestry 2020–2024,2020,,Framework,"Defines ministry priorities for reducing deforestation, restoring peatlands and improving forest governance, with indirect support for land-based removals.",Conventional CDR,"Afforestation, reforestation, forest management; Peatland and coastal wetland restoration",Cross-cutting,Other,Other,,,,,,https://faolex.fao.org/docs/pdf/ins213370.pdf
State of CDR (Edition 3) - Policymaking and governance,Indonesia,IDN,MoEF Regulation No. 21/2022 on Procedures for Carbon Economic Value Implementation,2022,,Instrument,"MoEF implementing regulation for Presidential Regulation No. 98/2021, establishing carbon trading procedures, offsetting rules and recognition of carbon units including from forestry and other land-use sectors.",Multiple,Multiple,Demand,Regulatory instrument,compliance_market_integration; crediting_mechanism; mrv_standard,,,,,,https://climate-laws.org/document/regulation-212022-on-guidelines-for-implementing-the-carbon-economic-value-a200
State of CDR (Edition 3) - Policymaking and governance,Indonesia,IDN,OJK Regulation No. 14/2023 on Carbon Trading through Carbon Exchange,2023,,Instrument,"Establishes market-operational rules for Indonesia's carbon exchange (IDXCarbon), covering verification, trading procedures and governance for carbon units in both compliance and voluntary markets.",Multiple,Multiple,Demand,Regulatory instrument,compliance_market_integration; mrv_standard,,,,,,https://climate-laws.org/document/ojk-regulation-no-14-on-carbon-trading-ojk-14-2023_83dc
State of CDR (Edition 3) - Policymaking and governance,Indonesia,IDN,Forestry Long-Term Development Plan 2006–2025,2006,,Framework,Long-term forestry planning framework including reforestation and forest rehabilitation measures relevant to land-based carbon removals.,Conventional CDR,"Afforestation, reforestation, forest management",Cross-cutting,Other,Other,,,,,,http://extwprlegs1.fao.org/docs/pdf/ins158781.pdf
State of CDR (Edition 3) - Policymaking and governance,Indonesia,IDN,Indonesia Long-Term Strategy for Low Carbon and Climate Resilience 2050 (LTS-LCCR 2050),2021,,Framework,"Indonesia's long-term low-emission development strategy outlining pathways to net zero by 2060 or sooner, including enhanced forest sinks, peatland restoration and potential future BECCS.",Multiple,"Afforestation, reforestation, forest management; Peatland and coastal wetland restoration; Bioenergy with carbon capture and storage (BECCS)",Cross-cutting,Other,target,2060,0,net GHG emissions,Emissions,No,https://unfccc.int/sites/default/files/resource/Indonesia_LTS-LCCR_2021.pdf
State of CDR (Edition 3) - Policymaking and governance,Indonesia,IDN,Government Regulation No. 57/2016 on Peatland Protection and Management,2016,,Framework,Provides binding peatland protection framework supporting maintenance and enhancement of peat carbon stocks through restrictions on drainage and land conversion.,Conventional CDR,Peatland and coastal wetland restoration,Cross-cutting,Regulatory instrument,regulatory_safeguard,,,,,,https://climate-laws.org/document/government-regulation-no-57-2016-on-peat-ecosystem-protection-and-management_d5e3
State of CDR (Edition 3) - Policymaking and governance,Indonesia,IDN,Indonesia First Nationally Determined Contribution (2016),2016,,Framework,"Indonesia's 2016 First NDC targets 29% below BAU by 2030 (unconditional; 41% conditional), with FOLU sector contributing the majority of mitigation through forest conservation and land restoration.",Conventional CDR,"Afforestation, reforestation, forest management; Peatland and coastal wetland restoration",Cross-cutting,Regulatory instrument,target,2030,29,% below BAU (unconditional; 41% conditional),Emissions,No,https://unfccc.int/sites/default/files/NDC/2022-06/First%20NDC%20Indonesia_submitted%20to%20UNFCCC%20Set_November%20%202016.pdf
State of CDR (Edition 3) - Policymaking and governance,Indonesia,IDN,Indonesia Enhanced Nationally Determined Contribution (2021),2021,,Framework,Indonesia's 2021 enhanced NDC maintains the 29% unconditional target with strengthened FOLU and peatland restoration commitments.,Conventional CDR,"Afforestation, reforestation, forest management; Peatland and coastal wetland restoration",Cross-cutting,Regulatory instrument,target,2030,29,% below BAU (unconditional; 41% conditional),Emissions,No,https://unfccc.int/sites/default/files/NDC/2022-06/Indonesia%20Updated%20NDC%202021.pdf
State of CDR (Edition 3) - Policymaking and governance,Indonesia,IDN,Indonesia Updated Enhanced Nationally Determined Contribution (2022),2022,,Framework,Indonesia's 2022 updated NDC raises the unconditional target to 31.89% below BAU by 2030 with stronger FOLU sector contributions.,Conventional CDR,"Afforestation, reforestation, forest management; Peatland and coastal wetland restoration",Cross-cutting,Regulatory instrument,target,2030,31.89,% below BAU (unconditional; 43.2% conditional),Emissions,No,https://unfccc.int/sites/default/files/NDC/2022-09/Updated%20NDC%20Indonesia%202022%20-%20Updated%20Enhanced%20NDC.pdf
State of CDR (Edition 3) - Policymaking and governance,Indonesia,IDN,Indonesia Second Nationally Determined Contribution (2025),2025,,Framework,"Indonesia's Second NDC submitted October 2025, maintaining land-use and forest-sector sink enhancement via the FOLU Net Sink 2030 target; economy-wide reduction of 31.89% below BAU unconditionally, 43.2% conditionally.",Multiple,"Afforestation, reforestation, forest management; Peatland and coastal wetland restoration",Cross-cutting,Regulatory instrument,target,2030,31.89,% below BAU (unconditional; 43.2% conditional),Emissions,No,https://unfccc.int/sites/default/files/2025-10/Indonesia_Second%20NDC_2025.10.24.pdf
State of CDR (Edition 3) - Policymaking and governance,Indonesia,IDN,National Action Programme to Combat Land Degradation (NAP-CLD),2002,2025,Framework,"Supports land rehabilitation, afforestation and agroforestry measures relevant to carbon sequestration, primarily framed under land degradation policy.",Conventional CDR,"Afforestation, reforestation, forest management; Agroforestry",Cross-cutting,Other,Other,,,,,,https://www.unccd.int/documents/indonesia-national-action-programme
State of CDR (Edition 3) - Policymaking and governance,Italy,ITA,National Forestry Strategy (Strategia Forestale Nazionale),2023,,Framework,"Advances afforestation, reforestation and sustainable forest management, supporting enhancement of forest carbon sinks and agroforestry practices.",Conventional CDR,"Afforestation, reforestation, forest management; Agroforestry",Supply,Other,Other,,,,,,https://www.masaf.gov.it/flex/cm/pages/ServeBLOB.php/L/IT/IDPagina/15339
State of CDR (Edition 3) - Policymaking and governance,Italy,ITA,Integrated National Energy and Climate Plan (NECP/PNIEC) 2024,2024,,Framework,"Defines Italy's pathway to meet EU ESR and LULUCF targets, including land sinks, CCUS enabling infrastructure (Ravenna hub), and alignment with Italy's updated climate targets for 2030.",Multiple,Multiple,Cross-cutting,Other,target,2030,55,% net GHG reduction below 1990 (EU target),Emissions,Yes,https://commission.europa.eu/publications/italy-final-updated-necp-2021-2030-submitted-2024_en
State of CDR (Edition 3) - Policymaking and governance,Italy,ITA,National Forest Accounting Plan (Piano Nazionale Forestale) and Voluntary Carbon Registry,2018,2019,Framework,Defines Italy's forest reference level for EU LULUCF accounting (2021–2025 and 2026–2030 periods) and provides basis for a voluntary carbon crediting registry for agro-forestry sector.,Conventional CDR,"Afforestation, reforestation, forest management",Cross-cutting,Information instrument,mrv_standard,,,,,,https://www.mase.gov.it/portale/web/guest/nfap-italian-national-forestry-accounting-plan
State of CDR (Edition 3) - Policymaking and governance,Italy,ITA,"National Climate Adaptation Plan (Piano Nazionale di Adattamento ai Cambiamenti Climatici, PNACC)",2024,,Framework,Includes measures to enhance soil and biomass carbon stocks through ecosystem restoration and land management as part of climate adaptation strategy.,Conventional CDR,"Soil carbon sequestration in croplands & grasslands; Afforestation, reforestation, forest management; Peatland and coastal wetland restoration",Cross-cutting,Other,Other,,,,,,https://www.mase.gov.it/pagina/piano-nazionale-di-adattamento-ai-cambiamenti-climatici-pnacc
State of CDR (Edition 3) - Policymaking and governance,Italy,ITA,"Long-Term Strategy for Reducing Greenhouse Gas Emissions (Strategia Italiana di Lungo Termine, I-LTS)",2021,,Framework,"Italy's long-term decarbonisation strategy submitted to EU Commission in January 2021; outlines pathway to net-zero by 2050 including land sinks (20–40 MtCO₂/yr) and potential engineered removals (CCS, BECCS, DAC).",Multiple,"Afforestation, reforestation, forest management; Bioenergy with carbon capture and storage (BECCS); Direct air capture with geological storage (DACCS)",Cross-cutting,Other,target,2050,0,net GHG emissions,Emissions,No,https://climate-laws.org/document/long-term-strategy-for-reducing-greenhouse-gas-emissions-lts_3ffc
State of CDR (Edition 3) - Policymaking and governance,Italy,ITA,"Law Decree 181/2023 (Energy Decree), converted by Law 11/2024",2023,2024,Instrument,Streamlines permitting and regulatory framework for CCS infrastructure including transport and offshore geological storage; also amends D.Lgs. 162/2011.,Novel CDR; Enabling infrastructure,CO₂ transport; CO₂ geological storage,Supply,Regulatory instrument,regulatory_safeguard,,,,,,https://www.normattiva.it/atto/caricaDettaglioAtto?atto.dataPubblicazioneGazzetta=2023-12-09&atto.codiceRedazionale=23G00195&tipoDettaglio=originario
State of CDR (Edition 3) - Policymaking and governance,Italy,ITA,Legislative Decree 162/2011 – Transposition of EU CCS Directive 2009/31/CE,2011,2023; 2024,Instrument,"Core legal framework for CO₂ geological storage in Italy: defines permitting, monitoring, liability and regulatory requirements; amended by DL 181/2023 to streamline permitting for storage under 100 Kt.",Novel CDR; Enabling infrastructure,CO₂ transport; CO₂ geological storage,Cross-cutting,Regulatory instrument,regulatory_safeguard; mrv_standard,,,,,,https://www.normattiva.it/atto/caricaDettaglioAtto?atto.dataPubblicazioneGazzetta=2011-10-04&atto.codiceRedazionale=011G0207&tipoDettaglio=singolavigenza&classica=true&dataVigenza=13/06/2024
State of CDR (Edition 3) - Policymaking and governance,Italy,ITA,EU Nationally Determined Contribution – First NDC/INDC (2015) [Italy],2015,,Framework,"As an EU member state, Italy's climate commitments are anchored in the EU NDC framework, which includes land-use sinks and emerging engineered CDR pathways.",Multiple,Multiple,Cross-cutting,Regulatory instrument,target,2030,40,% net GHG reduction vs 1990,Emissions,No,https://unfccc.int/sites/default/files/NDC/2022-06/LV-03-06-EU%20INDC.pdf
State of CDR (Edition 3) - Policymaking and governance,Italy,ITA,EU Updated Nationally Determined Contribution (2020) [Italy],2020,,Framework,"As an EU member state, Italy's climate commitments are anchored in the EU NDC framework, which includes land-use sinks and emerging engineered CDR pathways.",Multiple,Multiple,Cross-cutting,Regulatory instrument,target,2030,55,% net GHG reduction vs 1990,Emissions,No,https://unfccc.int/sites/default/files/NDC/2022-06/EU_NDC_Submission_December%202020.pdf
State of CDR (Edition 3) - Policymaking and governance,Italy,ITA,EU Nationally Determined Contribution – Resubmission (2023) [Italy],2023,,Framework,"As an EU member state, Italy's climate commitments are anchored in the EU NDC framework, which includes land-use sinks and emerging engineered CDR pathways.",Multiple,Multiple,Cross-cutting,Regulatory instrument,target,2030,55,% net GHG reduction vs 1990,Emissions,No,https://unfccc.int/sites/default/files/NDC/2023-06/EU%20NDC%202023%20-%20Resubmission.pdf
State of CDR (Edition 3) - Policymaking and governance,Italy,ITA,EU Nationally Determined Contribution 2035 [Italy],2025,,Framework,"As an EU member state, Italy's climate commitments are anchored in the EU NDC framework, which includes land-use sinks and emerging engineered CDR pathways.",Multiple,Multiple,Cross-cutting,Regulatory instrument,target,2035,66.25-72.5,% net GHG reduction vs 1990,Emissions,No,https://unfccc.int/sites/default/files/2025-11/DK-2025-11-05%20EU%20NDC.pdf
State of CDR (Edition 3) - Policymaking and governance,Japan,JPN,Joint Crediting Mechanism (JCM),2013,2025,Instrument,Bilateral crediting mechanism generating internationally transferred mitigation outcomes toward Japan's NDC; includes emerging removal methodologies across partner countries.,Multiple,"Afforestation, reforestation, forest management; Bioenergy with carbon capture and storage (BECCS); Direct air capture with geological storage (DACCS); Peatland and coastal wetland restoration",Demand,Regulatory instrument,crediting_mechanism; mrv_standard,2030,100,MtCO₂ cumulative reductions/removals,Emissions,,https://www.jcm.go.jp/
State of CDR (Edition 3) - Policymaking and governance,Japan,JPN,METI Study Group: Future Directions for Negative Emissions Technologies (NETs),2023,,Framework,"Advisory document compiling recommendations on market design for carbon credits and removal credits, including roadmap for domestic CDR market development.",Multiple,Multiple,Cross-cutting,Information instrument,Other,,,,,,https://www.meti.go.jp/english/press/2023/0628_002.html
State of CDR (Edition 3) - Policymaking and governance,Japan,JPN,GX-ETS (Green Transformation Emissions Trading System) / GX League,2023,2025,Instrument,Japan's GX League voluntary ETS (from FY2023) transitioning to mandatory full-scale operation from FY2026 under the GX Promotion Act; eligible carbon credits include J-Credits and JCM credits covering some removals.,Multiple,"Afforestation, reforestation, forest management; Bioenergy with carbon capture and storage (BECCS); Direct air capture with geological storage (DACCS); Peatland and coastal wetland restoration",Demand,Regulatory instrument,compliance_market_integration; mrv_standard,,,,,,https://gx-league.go.jp/en/
State of CDR (Edition 3) - Policymaking and governance,Japan,JPN,Act on Promotion of Global Warming Countermeasures (温暖化対策推進法),1998,2025,Framework,Core climate law requiring the national Plan for Global Warming Countermeasures; provides legal framework for Japan's pathway to net zero by 2050; 2024 amendment strengthened JCM implementation and regional decarbonisation provisions.,Multiple,Multiple,Cross-cutting,Regulatory instrument,target,2050,0,net GHG emissions,Emissions,Yes,https://www.japaneselawtranslation.go.jp/en/laws/view/4479/en
State of CDR (Edition 3) - Policymaking and governance,Japan,JPN,J-Credit Scheme,2013,2025,Instrument,Government-certified domestic crediting system for quantified emission reductions and removals including land-based and selected engineered methodologies; credits eligible for GX-ETS compliance.,Multiple,"Afforestation, reforestation, forest management; Peatland and coastal wetland restoration; Biochar soil amendment; Bioenergy with carbon capture and storage (BECCS); Direct air capture with geological storage (DACCS)",Demand,Regulatory instrument,crediting_mechanism; mrv_standard,,,,,,https://japancredit.go.jp/english/
State of CDR (Edition 3) - Policymaking and governance,Japan,JPN,Green Growth Strategy through Achieving Carbon Neutrality in 2050,2020,2021,Framework,"Government industrial-policy framework for achieving carbon neutrality by 2050, identifying roles for CDR and carbon recycling technologies across sectors including CCUS and negative emissions.",Multiple,Multiple,Cross-cutting,Other,target,2050,0,net GHG emissions,Emissions,No,https://www.meti.go.jp/english/policy/energy_environment/global_warming/ggs2050/index.html
State of CDR (Edition 3) - Policymaking and governance,Japan,JPN,Basic Plan for Forest and Forestry (森林・林業基本計画),2021,,Framework,"Cabinet-approved national forest policy framework promoting forest management, afforestation and long-lived wood use; includes forest-stock enhancement targets contributing to Japan's LULUCF carbon sink.",Conventional CDR,"Afforestation, reforestation, forest management; Durable wood products",Supply,Other,Other,,,,,,https://www.maff.go.jp/e/policies/forestry/
State of CDR (Edition 3) - Policymaking and governance,Japan,JPN,"Plan for Global Warming Countermeasures (地球温暖化対策計画, 2025 edition)",2025,,Framework,Cabinet-approved national climate implementation plan (February 2025); sets sector-by-sector mitigation pathways including LULUCF sink contributions toward Japan's 2035 (60%) and 2040 (73%) NDC targets.,Multiple,"Afforestation, reforestation, forest management; Soil carbon sequestration in croplands & grasslands; Peatland and coastal wetland restoration; Multiple",Cross-cutting,Regulatory instrument,target,2035; 2040,60; 73,% below FY2013 levels,Emissions,No,https://www.env.go.jp/content/000338677.pdf
State of CDR (Edition 3) - Policymaking and governance,Japan,JPN,Act on Carbon Dioxide Storage Businesses (CCS Business Act),2024,,Instrument,"Establishes licensing system, storage rights, safety regulations and monitoring requirements for CCS businesses in Japan; enacted May 2024, entered into force August 2024.",Novel CDR; Enabling infrastructure,CO₂ transport; CO₂ geological storage,Cross-cutting,Regulatory instrument,regulatory_safeguard; mrv_standard,,,,,,https://www.meti.go.jp/english/press/2024/0213_003.html
State of CDR (Edition 3) - Policymaking and governance,Japan,JPN,Green Innovation Fund (グリーンイノベーション基金),2021,2025,Instrument,"2 trillion yen fund supporting R&D, demonstration and social implementation of decarbonisation technologies including CCUS, BECCS and potential novel CDR methods over 10 years.",Novel CDR; Enabling infrastructure,Bioenergy with carbon capture and storage (BECCS); Direct air capture with geological storage (DACCS); CO₂ geological storage,Supply,Economic instrument,rd_d_funding,,,,,,https://www.meti.go.jp/english/policy/energy_environment/global_warming/gifund/index.html
State of CDR (Edition 3) - Policymaking and governance,Japan,JPN,CCS Long-Term Roadmap (CCS長期ロードマップ),2023,,Framework,National roadmap for scaling CCS; targets commercial deployment by 2030 with 6–12 MtCO₂/year storage and 120–240 MtCO₂/year by 2050; enabling framework for future BECCS/DACCS deployment.,Novel CDR; Enabling infrastructure,CO₂ transport; CO₂ geological storage; Bioenergy with carbon capture and storage (BECCS),Supply,Other,target,2030; 2050,6-12; 120-240,MtCO₂/year storage capacity,CO₂ storage,No,https://www.enecho.meti.go.jp/en/category/special/article/detail_201.html
State of CDR (Edition 3) - Policymaking and governance,Japan,JPN,Direct Payments for Environmentally Friendly Agriculture (環境保全型農業直接支払),2011,2024,Instrument,Provides direct payments to farmers for environmental practices including cover cropping and other soil carbon-enhancing methods.,Conventional CDR,Soil carbon sequestration in croplands & grasslands,Supply,Economic instrument,operating_subsidy,,,,,,https://www.maff.go.jp/e/policies/env/sustainagri/directpay.html
State of CDR (Edition 3) - Policymaking and governance,Japan,JPN,"Japan's Intended Nationally Determined Contribution (INDC, 2015)",2015,,Framework,"Japan's 2015 INDC targets 26% below FY2013 levels by 2030, with LULUCF contributing ~2.7% of mitigation through forest carbon sinks and wood products.",Conventional CDR,"Afforestation, reforestation, forest management; Durable wood products",Cross-cutting,Regulatory instrument,target,2030,26,% below FY2013 levels,Emissions,No,https://www4.unfccc.int/sites/NDCStaging/Pages/Party.aspx?party=JPN
State of CDR (Edition 3) - Policymaking and governance,Japan,JPN,Japan's Nationally Determined Contribution (2021) – 46% by 2030,2021,,Framework,"Japan's 2021 enhanced NDC targets 46% below FY2013 by 2030, with forests and wood products maintaining a significant land-based sink contribution.",Conventional CDR,"Afforestation, reforestation, forest management; Durable wood products",Cross-cutting,Regulatory instrument,target,2030,46,% below FY2013 levels,Emissions,No,https://unfccc.int/sites/default/files/NDC/2022-06/Japans_NDC_April%202021.pdf
State of CDR (Edition 3) - Policymaking and governance,Japan,JPN,Japan's Nationally Determined Contribution 2025 (2035/2040 NDC),2025,,Framework,Japan's active NDC submitted February 2025; targets 60% below FY2013 by FY2035 and 73% by FY2040; LULUCF removals and JCM contributions incorporated in the mitigation pathway.,Multiple,"Afforestation, reforestation, forest management; Soil carbon sequestration in croplands & grasslands; Multiple",Cross-cutting,Regulatory instrument,target,2035; 2040,60; 73,% below FY2013 levels,Emissions,No,https://unfccc.int/sites/default/files/2025-02/Japans%202035-2040%20NDC.pdf
State of CDR (Edition 3) - Policymaking and governance,Japan,JPN,Japan's Long-Term Strategy under the Paris Agreement (LT-LEDS),2019,,Framework,"Japan's LT-LEDS setting long-term direction toward a decarbonised society, identifying roles for removals and sinks including forest management, BECCS and DAC in the net-zero pathway.",Multiple,"Afforestation, reforestation, forest management; Bioenergy with carbon capture and storage (BECCS); Direct air capture with geological storage (DACCS)",Cross-cutting,Other,target,2050,0,net GHG emissions,Emissions,No,https://www.env.go.jp/en/headline/2406.html
State of CDR (Edition 3) - Policymaking and governance,Republic of Korea,KOR,Framework Act on Carbon Neutrality and Green Growth for Coping with Climate Crisis,2021,2024,Framework,Korea's core climate law legally enshrining carbon neutrality by 2050 and a minimum 35% GHG reduction below 2018 levels by 2030 (raised to 40% in Enforcement Decree); provides governance structure and legal basis for all climate policies.,Multiple,Multiple,Cross-cutting,Regulatory instrument,target,2030; 2050,40; 0,% below 2018 levels; net zero,Emissions,Yes,https://elaw.klri.re.kr/eng_mobile/viewer.do?hseq=59958&type=part&key=39
State of CDR (Edition 3) - Policymaking and governance,Republic of Korea,KOR,Carbon Neutrality Vision and Strategy for Industry and Energy,2021,,Framework,"Strategic vision for decarbonising industry and energy sectors, including CCUS and long-term carbon neutrality pathways; indirectly supports future CDR deployment.",Multiple,CO₂ geological storage; Bioenergy with carbon capture and storage (BECCS); Multiple,Cross-cutting,Other,Other,,,,,,https://english.motie.go.kr/en/pc/pressreleases/bbs/bbsView.do?bbs_seq_n=897&bbs_cd_n=2
State of CDR (Edition 3) - Policymaking and governance,Republic of Korea,KOR,Korea Emissions Trading System (K-ETS),2015,,Instrument,"National cap-and-trade system; allows limited use of offset credits including forestry-based removals, creating partial compliance demand for conventional CDR.",Conventional CDR,"Afforestation, reforestation, forest management",Demand,Regulatory instrument,compliance_market_integration; mrv_standard,,,,,,https://icapcarbonaction.com/en/ets/korea-emissions-trading-system-k-ets
State of CDR (Edition 3) - Policymaking and governance,Republic of Korea,KOR,2050 Carbon Neutral Strategy of the Republic of Korea,2020,,Framework,"Korea's LT-LEDS submitted to UNFCCC December 2020; sets carbon neutrality by 2050 direction including roles for forest sinks, BECCS and CDR technologies without quantified CDR targets.",Multiple,"Afforestation, reforestation, forest management; Bioenergy with carbon capture and storage (BECCS); Multiple",Cross-cutting,Other,target,2050,0,net GHG emissions,Emissions,No,https://unfccc.int/sites/default/files/resource/LTS1_RKorea.pdf
State of CDR (Edition 3) - Policymaking and governance,Republic of Korea,KOR,"Republic of Korea – Intended Nationally Determined Contribution (INDC, 2015)",2015,,Framework,Korea's initial mitigation pledge targeting 37% GHG reduction below BAU by 2030; includes potential future role for sinks and international credits.,Multiple,Multiple,Cross-cutting,Regulatory instrument,target,2030,37,% below BAU,Emissions,No,https://faolex.fao.org/docs/pdf/kor187062.pdf
State of CDR (Edition 3) - Policymaking and governance,Republic of Korea,KOR,Republic of Korea's Enhanced Update of its First Nationally Determined Contribution (2021),2021,,Framework,Enhanced update of Korea's First NDC raising the 2030 target to 40% below 2018 levels (absolute economy-wide); forest carbon sinks part of mitigation strategy.,Conventional CDR,"Afforestation, reforestation, forest management",Cross-cutting,Regulatory instrument,target,2030,40,% below 2018 levels,Emissions,No,https://unfccc.int/sites/default/files/NDC/2022-06/211223_The%20Republic%20of%20Korea%27s%20Enhanced%20Update%20of%20its%20First%20Nationally%20Determined%20Contribution_211227_editorial%20change.pdf
State of CDR (Edition 3) - Policymaking and governance,Republic of Korea,KOR,"Republic of Korea's 2035 Nationally Determined Contribution (Second NDC, 2025)",2025,,Framework,"Korea's Second NDC submitted December 2025, targeting 53–61% reduction in net GHG emissions by 2035 vs 2018 levels; includes strengthened forest sink contribution.",Conventional CDR,"Afforestation, reforestation, forest management",Cross-cutting,Regulatory instrument,target,2035,53-61,% below 2018 levels,Emissions,No,https://unfccc.int/sites/default/files/2025-12/The%20Republic%20of%20Koreas%202035%20NDC.pdf
State of CDR (Edition 3) - Policymaking and governance,Mexico,MEX,Estrategia Nacional de Cambio Climático (ENCC) – Actualización 2024,2024,,Framework,"Updated national climate strategy published in the Diario Oficial de la Federación on 30 September 2024; guides Mexico's medium- and long-term climate policy including forest conservation, restoration and land-use measures that support carbon sinks.",Conventional CDR,"Afforestation, reforestation, forest management",Cross-cutting,Other,Other,,,,,,https://www.dof.gob.mx/nota_detalle.php?codigo=5739992&fecha=30/09/2024
State of CDR (Edition 3) - Policymaking and governance,Mexico,MEX,Programa Nacional Forestal 2020–2024,2020,,Framework,"National forest programme supporting conservation, restoration, sustainable forest management and ecosystem services relevant to land-based removals.",Conventional CDR,"Afforestation, reforestation, forest management",Cross-cutting,Other,Other,,,,,,https://www.conafor.gob.mx/transparencia/docs/2021/Programa_Nacional_Forestal_PNF_2020-2024.pdf
State of CDR (Edition 3) - Policymaking and governance,Mexico,MEX,Estrategia Nacional REDD+ (ENAREDD+),2017,,Framework,National REDD+ strategy aiming to reduce emissions from deforestation and forest degradation and enhance forest carbon stocks through sustainable landscape management.,Conventional CDR,"Afforestation, reforestation, forest management",Cross-cutting,Other,Other,,,,,,https://www.gob.mx/conafor/documentos/estrategia-nacional-redd-enaredd
State of CDR (Edition 3) - Policymaking and governance,Mexico,MEX,Programa de Compensación Ambiental por Cambio de Uso de Suelo en Terrenos Forestales,2024,,Instrument,"Provides compensation financing for restoration, reforestation and landscape recovery in forest lands converted to other uses, supporting additional carbon sequestration.",Conventional CDR,"Afforestation, reforestation, forest management",Supply,Economic instrument,capital_subsidy; operating_subsidy,2024,23000,ha restoration,CDR,,https://www.gob.mx/conafor/documentos/reglas-de-operacion-2024
State of CDR (Edition 3) - Policymaking and governance,Mexico,MEX,Ley General de Desarrollo Forestal Sustentable,2018,2024,Framework,"General forestry law defining governance, sustainable forest management and restoration responsibilities relevant to forest carbon stocks.",Conventional CDR,"Afforestation, reforestation, forest management",Cross-cutting,Regulatory instrument,regulatory_safeguard,,,,,,https://www.fao.org/faolex/results/details/en/c/LEX-FAOC036056/
State of CDR (Edition 3) - Policymaking and governance,Mexico,MEX,Ley General de Cambio Climático,2012,2023,Framework,"Core climate law establishing Mexico's national climate governance framework and legal basis for instruments including the ETS; mandates emissions inventories, the ETS pilot and mitigation targets.",Multiple,Multiple,Demand,Regulatory instrument,target; compliance_market_integration,2030,30,% below BAU,Emissions,Yes,https://www.fao.org/faolex/results/details/en/c/LEX-FAOC113284/
State of CDR (Edition 3) - Policymaking and governance,Mexico,MEX,Sistema de Comercio de Emisiones de México (Mexico ETS),2020,2022,Instrument,"National cap-and-trade ETS — the first in Latin America — covering CO₂ from energy and industry sectors above 100,000 tCO₂/year; pilot phase 2020–2022, transition phase 2022; operational phase from 2025.",Multiple,Multiple,Demand,Regulatory instrument,compliance_market_integration; mrv_standard,,,,,,https://icapcarbonaction.com/en/ets/mexican-emissions-trading-system
State of CDR (Edition 3) - Policymaking and governance,Mexico,MEX,"Mexico's Intended Nationally Determined Contribution (INDC, 2015)",2015,,Framework,Mexico's initial INDC submitted March 2015; targets 22% unconditional GHG reduction below BAU by 2030 (36% conditional); includes forest sector commitments and zero-deforestation goal.,Conventional CDR,"Afforestation, reforestation, forest management",Cross-cutting,Regulatory instrument,target,2030,22,% below BAU (unconditional; 36% conditional),Emissions,No,https://unfccc.int/sites/default/files/NDC/2022-06/mexico_indc_03.30.2015.pdf
State of CDR (Edition 3) - Policymaking and governance,Mexico,MEX,Mexico's Updated Nationally Determined Contribution (NDC Actualización 2022),2022,,Framework,Mexico's 2022 updated NDC reaffirming the 22% unconditional / 36% conditional 2030 targets with updated sectoral detail and stronger emphasis on LULUCF and REDD+ contributions.,Conventional CDR,"Afforestation, reforestation, forest management",Cross-cutting,Regulatory instrument,target,2030,22,% below BAU (unconditional; 36% conditional),Emissions,No,https://unfccc.int/sites/default/files/NDC/2022-11/Mexico_NDC_UNFCCC_update2022_FINAL.pdf
State of CDR (Edition 3) - Policymaking and governance,Mexico,MEX,"Mexico's Contribución Determinada a Nivel Nacional 3.0 (NDC 3.0, 2025)",2025,,Framework,Mexico's Third NDC submitted November 2025; includes stronger commitments with forest and land-use measures as key mitigation contributors; adopts absolute emission reduction framing aligned with 1.5°C.,Conventional CDR,"Afforestation, reforestation, forest management",Cross-cutting,Regulatory instrument,target,2030,,% absolute emission reduction below 2000 levels,Emissions,No,https://unfccc.int/sites/default/files/2025-11/NDC%203.0%20Me%CC%81xico_spanish.pdf
State of CDR (Edition 3) - Policymaking and governance,Saudi Arabia,SAU,Greenhouse Gas Crediting and Offsetting Mechanism (GCOM),2024,,Instrument,"Establishes a national voluntary crediting mechanism for emissions reductions and removals, including MRV requirements and potential CDR methodologies.",Multiple,"Afforestation, reforestation, forest management; CO₂ geological storage",Cross-cutting,Regulatory instrument,crediting_mechanism; mrv_standard,,,,,,https://climatepolicydatabase.org/policies/greenhouse-gas-crediting-and-offsetting-mechanism-gcom
State of CDR (Edition 3) - Policymaking and governance,Saudi Arabia,SAU,Strategy and National Forestry Plan (2005–2025),2006,,Framework,"Establishes national forestry policy for conservation, reforestation and sustainable management, enhancing terrestrial carbon sinks.",Conventional CDR,"Afforestation, reforestation, forest management",Supply,Other,Other,,,,,,https://www.fao.org/faolex/results/details/en/c/LEX-FAOC145469
State of CDR (Edition 3) - Policymaking and governance,Saudi Arabia,SAU,Strategy and National Plan for Pastures (to 2033),2013,,Framework,"Aims to halt desertification, restore rangelands and improve vegetation cover, supporting soil and biomass carbon sequestration.",Conventional CDR,Soil carbon sequestration in croplands & grasslands,Supply,Other,Other,,,,,,https://faolex.fao.org/docs/pdf/sau151268.pdf
State of CDR (Edition 3) - Policymaking and governance,Saudi Arabia,SAU,Saudi Green Initiative (SGI) – National Tree Planting and Land Restoration Vision,2021,,Framework,"National strategy targeting large-scale afforestation and land restoration, including planting 10 billion trees and rehabilitating degraded land to enhance carbon sinks.",Conventional CDR,"Afforestation, reforestation, forest management",Supply,Other,target,2030+,10 billion trees; 40 million ha restoration,trees/ha restored,Emissions,No,https://www.sgi.gov.sa/
State of CDR (Edition 3) - Policymaking and governance,Saudi Arabia,SAU,"Saudi Arabia Intended Nationally Determined Contribution (INDC, 2015)",2015,,Framework,Saudi Arabia's initial mitigation pledge targeting up to 130 MtCO₂e mitigation contribution annually by 2030; includes Circular Carbon Economy framing and land-based mitigation.,Multiple,"Afforestation, reforestation, forest management; CO₂ geological storage",Cross-cutting,Regulatory instrument,target,2030,130,MtCO₂e mitigation contribution,Emissions,No,https://unfccc.int/sites/default/files/NDC/2022-06/saudi_arabia_indc_english.pdf
State of CDR (Edition 3) - Policymaking and governance,Saudi Arabia,SAU,Saudi Arabia Updated First Nationally Determined Contribution (2021),2021,,Framework,"Updated First NDC targeting 278 MtCO₂e reduction, avoidance and removal annually by 2030; more than doubles previous target; includes CCE approach, SGI afforestation and CCUS.",Multiple,"Afforestation, reforestation, forest management; CO₂ geological storage",Cross-cutting,Regulatory instrument,target,2030,278,MtCO₂e mitigation contribution,Emissions,No,https://unfccc.int/sites/default/files/resource/202203111154---KSA%20NDC%202021.pdf
State of CDR (Edition 3) - Policymaking and governance,Saudi Arabia,SAU,Saudi Arabia Second Nationally Determined Contribution (2025),2025,,Framework,"Saudi Arabia's Second NDC submitted December 2025; targets 335 MtCO₂e reduction, avoidance and removal annually by 2040; represents a 20.5% progression from the 2021 NDC; includes CCE approach, afforestation, CCUS and renewable energy.",Multiple,"Afforestation, reforestation, forest management; CO₂ geological storage",Cross-cutting,Regulatory instrument,target,2040,335,MtCO₂e mitigation contribution,Emissions,No,https://unfccc.int/sites/default/files/2026-01/2nd%20KSA%20NDC%20Document%20Final%20Document%20(28122025)_DNA.pdf
State of CDR (Edition 3) - Policymaking and governance,South Africa,ZAF,Forestry 2030 Roadmap (Forestry Strategy 2009–2030),2009,,Framework,"Promotes afforestation, reforestation and sustainable forest management to enhance forest carbon sinks.",Conventional CDR,"Afforestation, reforestation, forest management",Supply,Other,Other,,,,,,https://faolex.fao.org/docs/pdf/saf149602.pdf
State of CDR (Edition 3) - Policymaking and governance,South Africa,ZAF,Sustainable Forest Development in South Africa (White Paper),1997,,Framework,Establishes long-term forest conservation and sustainable management supporting carbon sink maintenance.,Conventional CDR,"Afforestation, reforestation, forest management",Supply,Other,Other,,,,,,https://faolex.fao.org/docs/pdf/saf148487.pdf
State of CDR (Edition 3) - Policymaking and governance,South Africa,ZAF,Policy Principles for Development Affecting Natural Forests,2008,,Framework,"Provides regulatory guidance to conserve natural forests, preventing loss of carbon stocks.",Conventional CDR,"Afforestation, reforestation, forest management",Cross-cutting,Regulatory instrument,regulatory_safeguard,,,,,,https://www.nda.gov.za/phocadownloadpap/General_Reports/POLICYGUIDEDEVCONTROLFORESTS.pdf
State of CDR (Edition 3) - Policymaking and governance,South Africa,ZAF,National Climate Change Adaptation Strategy (NCCAS),2020,,Framework,Promotes ecosystem restoration and resilience measures that enhance natural carbon sinks.,Conventional CDR,"Afforestation, reforestation, forest management; Soil carbon sequestration in croplands & grasslands",Cross-cutting,Information instrument,Other,,,,,,https://faolex.fao.org/docs/pdf/saf211400.pdf
State of CDR (Edition 3) - Policymaking and governance,South Africa,ZAF,Second National Action Programme to Combat Desertification & Drought (2018–2030),2018,,Framework,"Supports soil restoration, afforestation and ecosystem rehabilitation increasing biomass and soil carbon stocks.",Conventional CDR,"Soil carbon sequestration in croplands & grasslands; Afforestation, reforestation, forest management",Supply,Other,target,2030,Land degradation neutrality,qualitative target,Emissions,No,https://www.fao.org/faolex/results/details/en/c/LEX-FAOC231745
State of CDR (Edition 3) - Policymaking and governance,South Africa,ZAF,Carbon Tax Act (Act No. 15 of 2019),2019,2020; 2021; 2022; 2023,Instrument,"Establishes a nationwide carbon tax on GHG emissions from covered activities; offset allowance permits regulated entities to meet up to 5–10% (Phase 1) or 10–15% (Phase 2 from 2026) of their tax liability using domestic carbon offset credits, including AFOLU and forestry projects.",Conventional CDR,"Afforestation, reforestation, forest management",Demand,Economic instrument,compliance_market_integration; crediting_mechanism; tax_incentive,,,,,,https://www.gov.za/documents/acts/carbon-tax-act-15-2019-english-afrikaans-23-may-2019
State of CDR (Edition 3) - Policymaking and governance,South Africa,ZAF,South Africa First Nationally Determined Contribution (2015/2016),2015,,Framework,"South Africa's First NDC commits to peaking emissions between 2020–2025 and targets 398–614 MtCO₂e by 2025–2030, with forests and land use contributing to mitigation.",Multiple,"Afforestation, reforestation, forest management",Cross-cutting,Regulatory instrument,target,2030,398-614,MtCO₂e range,Emissions,No,https://unfccc.int/sites/default/files/NDC/2022-06/South%20Africa%20NDC%20%20FINAL%20NOVEMBER%202016.pdf
State of CDR (Edition 3) - Policymaking and governance,South Africa,ZAF,South Africa Updated First Nationally Determined Contribution (2021),2021,,Framework,"South Africa's 2021 updated NDC raises ambition, targeting 350–420 MtCO₂e by 2030 with land-sector contributions including agroforestry and ecosystem restoration.",Conventional CDR,"Afforestation, reforestation, forest management; Peatland and coastal wetland restoration",Cross-cutting,Regulatory instrument,target,2030,350-420,MtCO₂e,Emissions,No,https://unfccc.int/sites/default/files/NDC/2022-06/South%20Africa%20updated%20first%20NDC%20%20September%202021.pdf
State of CDR (Edition 3) - Policymaking and governance,South Africa,ZAF,South Africa Second Nationally Determined Contribution (2025),2025,,Framework,"South Africa's 2025 Second NDC targets 320–380 MtCO₂e by 2035, with continued land-sector and ecosystem restoration contributions.",Conventional CDR,"Afforestation, reforestation, forest management; Peatland and coastal wetland restoration",Cross-cutting,Regulatory instrument,target,2035,320-380,MtCO₂e,Emissions,No,https://unfccc.int/sites/default/files/2025-11/South_Africa_NDC_2025.pdf
State of CDR (Edition 3) - Policymaking and governance,United Kingdom,GBR,Climate Change Act 2008,2008,2019,Framework,Core UK climate law establishing binding net-zero and carbon-budget architecture; provides the overarching legal framework within which removals policy develops.,Multiple,Multiple,Cross-cutting,Regulatory instrument,target,2050,0,net GHG emissions,Emissions,Yes,https://www.legislation.gov.uk/ukpga/2008/27/contents
State of CDR (Edition 3) - Policymaking and governance,United Kingdom,GBR,Energy Act 2023,2023,,Instrument,Establishes the economic licensing framework for CO₂ transport and storage and other enabling provisions for CCUS infrastructure relevant to engineered CDR.,Novel CDR; Enabling infrastructure,CO₂ transport; CO₂ geological storage,Cross-cutting,Regulatory instrument,regulatory_safeguard,,,,,,https://www.legislation.gov.uk/ukpga/2023/52
State of CDR (Edition 3) - Policymaking and governance,United Kingdom,GBR,Storage of Carbon Dioxide (Licensing etc.) Regulations 2010,2010,2012; 2019,Instrument,"Defines licensing, monitoring, corrective measures, closure and post-closure obligations for CO₂ storage.",Novel CDR; Enabling infrastructure,CO₂ geological storage,Cross-cutting,Regulatory instrument,regulatory_safeguard; mrv_standard,,,,,,https://www.legislation.gov.uk/uksi/2010/2221
State of CDR (Edition 3) - Policymaking and governance,United Kingdom,GBR,Environmental Improvement Plan 2023,2023,,Framework,"Sets environmental targets and actions including increasing tree canopy and woodland cover and restoring peatlands and other ecosystems, supporting land-based CDR.",Conventional CDR,"Afforestation, reforestation, forest management; Peatland and coastal wetland restoration",Supply,Other,target,2050,16.5,% tree canopy and woodland cover in England,Emissions,No,https://www.gov.uk/government/publications/environmental-improvement-plan
State of CDR (Edition 3) - Policymaking and governance,United Kingdom,GBR,Environment Act 2021,2021,,Framework,"Establishes environmental governance and statutory targets relevant to land-use, biodiversity and ecosystem restoration, with indirect relevance to CDR sustainability and siting.",Multiple,Multiple,Cross-cutting,Regulatory instrument,regulatory_safeguard,,,,,,https://www.legislation.gov.uk/ukpga/2021/30/contents
State of CDR (Edition 3) - Policymaking and governance,United Kingdom,GBR,England Trees Action Plan 2021–2024,2021,,Framework,"Sets England's strategic framework for woodland creation, forestry expansion and implementation of the Nature for Climate Fund.",Conventional CDR,"Afforestation, reforestation, forest management",Supply,Other,Other,,,,,,https://www.gov.uk/government/publications/england-trees-action-plan-2021-to-2024
State of CDR (Edition 3) - Policymaking and governance,United Kingdom,GBR,England Peat Action Plan,2021,,Framework,"Sets England's framework for peatland restoration and sustainable management, complementing grant-based implementation.",Conventional CDR,Peatland and coastal wetland restoration,Supply,Other,Other,,,,,,https://www.gov.uk/government/publications/england-peat-action-plan
State of CDR (Edition 3) - Policymaking and governance,United Kingdom,GBR,Nature for Climate Peatland Grant Scheme,2021,,Instrument,Grant scheme funding peatland restoration in England to increase removals and reduce peatland emissions.,Conventional CDR,Peatland and coastal wetland restoration,Supply,Economic instrument,capital_subsidy; operating_subsidy,,,,,,https://www.gov.uk/guidance/nature-for-climate-peatland-grant-scheme
State of CDR (Edition 3) - Policymaking and governance,United Kingdom,GBR,UK Emissions Trading Scheme,2021,2025,Instrument,"UK compliance carbon market; 2025 policy decisions confirm future integration of engineered greenhouse gas removals, including BECCS and DACCS, into the scheme.",Novel CDR,Bioenergy with carbon capture and storage (BECCS); Direct air capture with geological storage (DACCS),Demand,Regulatory instrument,compliance_market_integration; mrv_standard,,,,,,https://assets.publishing.service.gov.uk/media/689cda8487bf475940723f5b/uk-ets-ggrs-main-response.pdf
State of CDR (Edition 3) - Policymaking and governance,United Kingdom,GBR,Greenhouse Gas Removals (GGR) Business Model,2023,2025,Instrument,Develops a contracts-for-difference-style support framework for early engineered greenhouse gas removals projects; aligned with future UK ETS integration.,Novel CDR,Direct air capture with geological storage (DACCS); Bioenergy with carbon capture and storage (BECCS),Demand,Economic instrument,public_procurement; operating_subsidy,,,,,,https://www.gov.uk/government/publications/greenhouse-gas-removals-ggr-business-model
State of CDR (Edition 3) - Policymaking and governance,United Kingdom,GBR,Net Zero Strategy: Build Back Greener,2021,,Framework,Sets UK decarbonisation pathway and includes a quantified ambition for novel greenhouse gas removals by 2030.,Novel CDR,Bioenergy with carbon capture and storage (BECCS); Direct air capture with geological storage (DACCS),Cross-cutting,Other,target,2030,5,MtCO₂/year novel removals,CDR,No,https://www.gov.uk/government/publications/net-zero-strategy
State of CDR (Edition 3) - Policymaking and governance,United Kingdom,GBR,Net Zero Innovation Portfolio,2021,,Instrument,Funds innovation programmes including DAC and other greenhouse gas removal technologies.,Novel CDR,Bioenergy with carbon capture and storage (BECCS); Direct air capture with geological storage (DACCS); Multiple,Cross-cutting,Economic instrument,rd_d_funding,,,,,,https://www.gov.uk/government/collections/net-zero-innovation-portfolio
State of CDR (Edition 3) - Policymaking and governance,United Kingdom,GBR,CCUS Investor Roadmap,2022,,Framework,"Sets out the pathway to deliver four CCUS clusters and substantial CO₂ capture volumes by 2030, enabling future engineered removals.",Novel CDR; Enabling infrastructure,CO₂ geological storage; CO₂ transport; Bioenergy with carbon capture and storage (BECCS),Cross-cutting,Other,target,2030,20-30,MtCO₂/year capture,CO₂ storage,No,https://www.gov.uk/government/publications/carbon-capture-usage-and-storage-ccus-investor-roadmap
State of CDR (Edition 3) - Policymaking and governance,United Kingdom,GBR,UK CCUS Action Plan,2018,,Framework,"Government strategy to scale up CCUS in the 2030s, helping create infrastructure relevant to future engineered CDR deployment.",Novel CDR; Enabling infrastructure,CO₂ geological storage; CO₂ transport,Cross-cutting,Other,Other,,,,,,https://www.gov.uk/government/publications/the-uk-carbon-capture-usage-and-storage-ccus-deployment-pathway-an-action-plan
State of CDR (Edition 3) - Policymaking and governance,United Kingdom,GBR,Cluster Sequencing for CCUS: Track-2,2023,,Instrument,Competitive support process for new CCUS clusters contributing to the UK's broader 2030 CCUS deployment ambition.,Novel CDR; Enabling infrastructure,CO₂ geological storage; CO₂ transport,Supply,Economic instrument,capital_subsidy; operating_subsidy,,,,,,https://www.gov.uk/government/publications/cluster-sequencing-for-carbon-capture-usage-and-storage-ccus-track-2
State of CDR (Edition 3) - Policymaking and governance,United Kingdom,GBR,CCUS Deployment: Track-1 Expansion – HyNet Cluster,2021,,Instrument,Supports expansion of the HyNet CCUS cluster as part of the UK's CCUS deployment programme.,Novel CDR; Enabling infrastructure,CO₂ geological storage; CO₂ transport,Supply,Economic instrument,capital_subsidy; operating_subsidy,,,,,,https://www.gov.uk/government/publications/carbon-capture-usage-and-storage-ccus-deployment-track-1-expansion-hynet-cluster
State of CDR (Edition 3) - Policymaking and governance,United Kingdom,GBR,Carbon Capture and Storage Infrastructure Fund (CIF),2021,,Instrument,Provides capital support for CO₂ transport and storage infrastructure and early capture projects.,Novel CDR; Enabling infrastructure,CO₂ geological storage; CO₂ transport,Supply,Economic instrument,capital_subsidy; operating_subsidy,,,,,,https://www.gov.uk/government/publications/design-of-the-carbon-capture-and-storage-ccs-infrastructure-fund/the-carbon-capture-and-storage-infrastructure-fund-an-update-on-its-design-accessible-webpage
State of CDR (Edition 3) - Policymaking and governance,United Kingdom,GBR,Ten Point Plan for a Green Industrial Revolution,2020,,Framework,"Supports hydrogen, CCUS and industrial decarbonisation clusters, indirectly enabling future engineered CDR deployment.",Novel CDR; Enabling infrastructure,CO₂ geological storage; CO₂ transport; Bioenergy with carbon capture and storage (BECCS),Cross-cutting,Other,Other,,,,,,https://www.gov.uk/government/publications/the-ten-point-plan-for-a-green-industrial-revolution
State of CDR (Edition 3) - Policymaking and governance,United Kingdom,GBR,Woodland Carbon Code,2011,2025,Instrument,"Government-backed voluntary standard for measuring, verifying and issuing woodland carbon units from afforestation and woodland creation projects.",Conventional CDR,"Afforestation, reforestation, forest management",Cross-cutting,Information instrument,mrv_standard; community_safeguard,,,,,,https://www.woodlandcarboncode.org.uk/view-the-code
State of CDR (Edition 3) - Policymaking and governance,United Kingdom,GBR,Peatland Code,2015,,Instrument,Voluntary standard for peatland restoration projects enabling verified emissions reductions and removals claims.,Conventional CDR,Peatland and coastal wetland restoration,Cross-cutting,Information instrument,mrv_standard; regulatory_safeguard,,,,,,https://www.iucn-uk-peatlandprogramme.org/peatland-code
State of CDR (Edition 3) - Policymaking and governance,United Kingdom,GBR,Scotland Peatland ACTION Programme,2012,2020,Instrument,"Funds peatland restoration projects in Scotland; £250m committed by Scottish Government to restore 250,000 ha by 2030.",Conventional CDR,Peatland and coastal wetland restoration,Supply,Economic instrument,capital_subsidy; operating_subsidy,,,,,,https://www.nature.scot/climate-change/nature-based-solutions/nature-based-solutions-practice/peatland-action
State of CDR (Edition 3) - Policymaking and governance,United Kingdom,GBR,Scotland Forestry Grant Scheme,2014,2024,Instrument,Provides grants for woodland creation and management/restoration of existing woodland in Scotland.,Conventional CDR,"Afforestation, reforestation, forest management; Durable wood products",Supply,Economic instrument,capital_subsidy; operating_subsidy,,,,,,https://www.ruralpayments.org/topics/all-schemes/forestry-grant-scheme/
State of CDR (Edition 3) - Policymaking and governance,United Kingdom,GBR,Wales Small Grants Woodland Creation Scheme,2023,,Instrument,Provides grants for tree planting and woodland creation in Wales.,Conventional CDR,"Afforestation, reforestation, forest management",Supply,Economic instrument,capital_subsidy; operating_subsidy,,,,,,https://www.gov.wales/small-grants-woodland-creation-scheme
State of CDR (Edition 3) - Policymaking and governance,United Kingdom,GBR,Wales Peatland Restoration Delivery Grant,2025,,Instrument,Provides grants for peatland restoration in Wales.,Conventional CDR,Peatland and coastal wetland restoration,Supply,Economic instrument,capital_subsidy; operating_subsidy,,,,,,https://naturalresources.wales/about-us/news-and-blogs/news/more-please-for-peatland-restoration-grant/?lang=en
State of CDR (Edition 3) - Policymaking and governance,United Kingdom,GBR,Northern Ireland Peatland Challenge Fund Competition,2024,,Instrument,Provides grants for peatland restoration projects in Northern Ireland.,Conventional CDR,Peatland and coastal wetland restoration,Supply,Economic instrument,capital_subsidy; operating_subsidy,,,,,,https://www.daera-ni.gov.uk/articles/peatland-challenge-fund-2024-2027
State of CDR (Edition 3) - Policymaking and governance,United Kingdom,GBR,Northern Ireland Small Woodland Grant Scheme,2022,,Instrument,Provides grants for new native woodland creation in Northern Ireland.,Conventional CDR,"Afforestation, reforestation, forest management",Supply,Economic instrument,capital_subsidy; operating_subsidy,,,,,,https://www.daera-ni.gov.uk/articles/daera-forestry-grants#toc-1
State of CDR (Edition 3) - Policymaking and governance,United Kingdom,GBR,Northern Ireland Forest Expansion Scheme,2022,,Instrument,Provides subsidies for new woodland planting in Northern Ireland.,Conventional CDR,"Afforestation, reforestation, forest management",Supply,Economic instrument,capital_subsidy; operating_subsidy,,,,,,https://www.daera-ni.gov.uk/articles/daera-forestry-grants#toc-0
State of CDR (Edition 3) - Policymaking and governance,United Kingdom,GBR,UK Green Claims Code,2021,,Instrument,Guidance on environmental marketing claims with indirect relevance to the integrity of carbon-removal and nature-credit claims.,Multiple,Multiple,Cross-cutting,Information instrument,regulatory_safeguard,,,,,,https://greenclaims.campaign.gov.uk/
State of CDR (Edition 3) - Policymaking and governance,United Kingdom,GBR,UK Nationally Determined Contribution – First NDC / INDC (2015),2015,,Framework,"UK's first INDC submitted July 2015 (as EU member state), targeting at least 40% GHG reduction below 1990 by 2030.",Multiple,Multiple,Cross-cutting,Regulatory instrument,target,2030,40,% below 1990 levels,Emissions,No,https://unfccc.int/sites/default/files/NDC/2022-06/LV-03-06-EU%20INDC.pdf
State of CDR (Edition 3) - Policymaking and governance,United Kingdom,GBR,UK Nationally Determined Contribution (2020) – 68% by 2030,2020,,Framework,"UK's first independent NDC submitted December 2020 post-Brexit, committing to at least 68% GHG reduction below 1990 levels by 2030.",Multiple,Multiple,Cross-cutting,Regulatory instrument,target,2030,68,% below 1990 levels,Emissions,No,https://unfccc.int/sites/default/files/NDC/2022-06/UK%20NDC%20ICTU%20Submission%20December%202020.pdf
State of CDR (Edition 3) - Policymaking and governance,United Kingdom,GBR,UK Nationally Determined Contribution – Second NDC (2025) – 81% by 2035,2025,,Framework,UK's Second NDC submitted January 2025; targets at least 81% GHG reduction below 1990 levels by 2035; aligned with Carbon Budget 6 and net-zero by 2050 pathway.,Multiple,Multiple,Cross-cutting,Regulatory instrument,target,2035,81,% below 1990 levels,Emissions,No,https://assets.publishing.service.gov.uk/media/679b5ee8413ef177de146c1e/uk-2035-nationally-determined-contribution.pdf
State of CDR (Edition 3) - Policymaking and governance,United States,USA,"United States Intended Nationally Determined Contribution (INDC, 2015)",2015,,Framework,"Original U.S. INDC submitted March 2015, targeting 26–28% economy-wide GHG reduction below 2005 levels by 2025.",Multiple,"Afforestation, reforestation, forest management; Soil carbon sequestration in croplands & grasslands; Peatland and coastal wetland restoration",Cross-cutting,Regulatory instrument,target,2025,26-28,% below 2005 levels,Emissions,No,https://unfccc.int/sites/default/files/NDC/2022-06/U.S.A.%20First%20NDC%20Submission.pdf
State of CDR (Edition 3) - Policymaking and governance,United States,USA,United States Nationally Determined Contribution (2021) – 50–52% by 2030,2021,,Framework,"U.S. 2030 NDC highlighting climate-smart agriculture, reforestation, forest management, grazing and coastal restoration as measures that strengthen domestic sinks.",Conventional CDR,"Afforestation, reforestation, forest management; Soil carbon sequestration in croplands & grasslands; Peatland and coastal wetland restoration; Agroforestry",Cross-cutting,Regulatory instrument,target,2030,50-52,% below 2005 levels,Emissions,No,https://faolex.fao.org/docs/pdf/usa217120.pdf
State of CDR (Edition 3) - Policymaking and governance,United States,USA,The United States of America Nationally Determined Contribution (2024) – 61–66% by 2035,2024,,Framework,"U.S. 2035 NDC setting a 61–66% economy-wide reduction target and reiterating measures to strengthen land-based sinks through agriculture, forestry and wetland restoration.",Conventional CDR,"Afforestation, reforestation, forest management; Soil carbon sequestration in croplands & grasslands; Peatland and coastal wetland restoration; Agroforestry",Cross-cutting,Regulatory instrument,target,2035,61-66,% below 2005 levels,Emissions,No,https://unfccc.int/sites/default/files/2024-12/United%20States%202035%20NDC.pdf
State of CDR (Edition 3) - Policymaking and governance,United States,USA,The Long-Term Strategy of the United States: Pathways to Net-Zero Greenhouse Gas Emissions by 2050,2021,,Framework,U.S. LT-LEDS setting the pathway to net-zero by 2050 and explicitly including maintaining and enhancing land sinks alongside technological removals.,Multiple,"Afforestation, reforestation, forest management; Soil carbon sequestration in croplands & grasslands; Peatland and coastal wetland restoration; Durable wood products; Bioenergy with carbon capture and storage (BECCS); Direct air capture with geological storage (DACCS)",Cross-cutting,Other,target,2050,0,net GHG emissions,Emissions,No,https://unfccc.int/sites/default/files/resource/US_accessibleLTS2021.pdf
State of CDR (Edition 3) - Policymaking and governance,United States,USA,Carbon Negative Shot (DOE Energy Earthshots),2021,2025,Framework,DOE initiative to drive durable carbon dioxide removal to less than $100/net tCO₂e and support gigaton-scale deployment by 2050.,Multiple,"Direct air capture with geological storage (DACCS); Bioenergy with carbon capture and storage (BECCS); Enhanced weathering; Direct ocean carbon capture and storage; Alkalinity enhancement of water bodies; Ocean fertilisation; Biomass sinking; Afforestation, reforestation, forest management; Soil carbon sequestration in croplands & grasslands",Cross-cutting,Other,target,2030; 2050,100; gigaton-scale,USD/net tCO₂e; scale target,CDR,No,https://www.energy.gov/documents/strategy-carbon-negative-shot
State of CDR (Edition 3) - Policymaking and governance,United States,USA,Section 45Q Credit for Carbon Oxide Sequestration,2008,2018; 2022,Instrument,"Federal tax credit for secure geologic storage, utilization, DAC and BECCS, creating a major demand-pull incentive for engineered carbon management and removals.",Novel CDR; Enabling infrastructure,Direct air capture with geological storage (DACCS); Bioenergy with carbon capture and storage (BECCS); CO₂ geological storage,Demand,Economic instrument,tax_incentive,,,,,,https://www.irs.gov/credits-deductions/credit-for-carbon-oxide-sequestration
State of CDR (Edition 3) - Policymaking and governance,United States,USA,Energy Act of 2020 – CCUS and CDR provisions,2020,,Instrument,"Authorizes multi-year RD&D, pilot and demonstration activities for carbon capture, DAC, storage and utilization.",Novel CDR; Enabling infrastructure,Direct air capture with geological storage (DACCS); CO₂ geological storage; CO₂ transport; Utilization,Supply,Regulatory instrument,rd_d_funding,,,,,,https://www.govinfo.gov/content/pkg/PLAW-116publ260/html/PLAW-116publ260.htm
State of CDR (Edition 3) - Policymaking and governance,United States,USA,Infrastructure Investment and Jobs Act (IIJA) – carbon management,2021,,Instrument,"Major federal investment in DAC hubs, storage and transport infrastructure, CarbonSAFE-related work, and wider carbon management deployment.",Novel CDR; Enabling infrastructure,Direct air capture with geological storage (DACCS); CO₂ geological storage; CO₂ transport,Supply,Economic instrument,capital_subsidy; operating_subsidy,,,,,,https://www.govinfo.gov/content/pkg/PLAW-117publ58/html/PLAW-117publ58.htm
State of CDR (Edition 3) - Policymaking and governance,United States,USA,SCALE Act core implementation via IIJA/CIFIA,2021,,Instrument,"Supports CO₂ transport and storage build-out through financing, storage support and permitting-related measures.",Novel CDR; Enabling infrastructure,CO₂ transport; CO₂ geological storage,Supply,Economic instrument,public_loan; capital_subsidy,,,,,,https://www.govinfo.gov/content/pkg/PLAW-117publ58/html/PLAW-117publ58.htm
State of CDR (Edition 3) - Policymaking and governance,United States,USA,Utilizing Significant Emissions with Innovative Technologies (USE IT) Act,2020,,Instrument,Supports CCUS and CO₂ transport development through permitting and coordination measures and authorizes related research and planning.,Novel CDR; Enabling infrastructure,Direct air capture with geological storage (DACCS); CO₂ transport; CO₂ geological storage,Supply,Regulatory instrument,regulatory_safeguard; rd_d_funding,,,,,,https://www.govinfo.gov/content/pkg/PLAW-116publ260/html/PLAW-116publ260.htm
State of CDR (Edition 3) - Policymaking and governance,United States,USA,Carbon Storage Assurance Facility Enterprise (CarbonSAFE) Initiative,2016,2021,Instrument,DOE/NETL initiative to develop commercial-scale geologic storage complexes and de-risk CO₂ storage infrastructure.,Novel CDR; Enabling infrastructure,CO₂ geological storage,Supply,Economic instrument,rd_d_funding; capital_subsidy,,,,,,https://www.netl.doe.gov/carbon-management/carbon-storage/carbonsafe
State of CDR (Edition 3) - Policymaking and governance,United States,USA,EPA Underground Injection Control – Class VI Well Regulations,2010,,Instrument,"Federal regulatory framework for geologic sequestration wells, including site characterization, monitoring, financial responsibility, closure and post-closure care.",Novel CDR; Enabling infrastructure,CO₂ geological storage,Cross-cutting,Regulatory instrument,regulatory_safeguard; mrv_standard,,,,,,https://www.epa.gov/uic/class-vi-wells-used-geologic-sequestration-carbon-dioxide
State of CDR (Edition 3) - Policymaking and governance,United States,USA,Farm Bill conservation programs – EQIP and CSP climate-smart practices,2018,2022,Instrument,"NRCS conservation programs that fund practices such as cover crops, reduced tillage, agroforestry, grazing management and tree planting that increase soil and biomass carbon.",Conventional CDR,"Soil carbon sequestration in croplands & grasslands; Agroforestry; Afforestation, reforestation, forest management",Supply,Economic instrument,capital_subsidy; operating_subsidy,,,,,,https://www.nrcs.usda.gov/farmbill
State of CDR (Edition 3) - Policymaking and governance,United States,USA,USDA Agricultural Conservation Easement Program (ACEP),2014,2018; 2022,Instrument,"Protects, restores and enhances wetlands and protects working farms and ranches through conservation easements, supporting land-based carbon storage.",Conventional CDR,Peatland and coastal wetland restoration; Soil carbon sequestration in croplands & grasslands,Supply,Economic instrument,capital_subsidy; operating_subsidy,,,,,,https://www.nrcs.usda.gov/programs-initiatives/agricultural-conservation-easement-program
State of CDR (Edition 3) - Policymaking and governance,United States,USA,Conservation Reserve Program,1985,2024,Instrument,"Pays landowners to convert environmentally sensitive land to long-term vegetative cover such as trees, grasses and wetlands, increasing carbon sequestration.",Conventional CDR,"Afforestation, reforestation, forest management; Soil carbon sequestration in croplands & grasslands; Peatland and coastal wetland restoration",Supply,Economic instrument,operating_subsidy,,,,,,https://www.fsa.usda.gov/resources/programs/conservation-reserve-program
State of CDR (Edition 3) - Policymaking and governance,United States,USA,USDA Greenhouse Gas Technical Assistance Provider and Third-Party Verifier Program,2023,2025,Instrument,USDA program under the Growing Climate Solutions Act to support technical assistance and third-party verification for voluntary agricultural and forestry carbon markets.,Conventional CDR,"Soil carbon sequestration in croplands & grasslands; Afforestation, reforestation, forest management",Cross-cutting,Information instrument,mrv_standard; Other,,,,,,https://www.ams.usda.gov/rules-regulations/GCSA
State of CDR (Edition 3) - Policymaking and governance,United States,USA,"National Fish, Wildlife and Plants Climate Adaptation Strategy",2012,,Framework,"Promotes conservation, restoration and management of forests, grasslands, wetlands, rivers and coasts, supporting maintenance and enhancement of land-based carbon sinks.",Conventional CDR,"Afforestation, reforestation, forest management; Peatland and coastal wetland restoration; Soil carbon sequestration in croplands & grasslands; Agroforestry",Cross-cutting,Other,Other,,,,,,https://www.st.nmfs.noaa.gov/Assets/ecosystems/documents/NFWPCAS-Final.pdf
State of CDR (Edition 3) - Policymaking and governance,United States,USA,Plan to Conserve Global Forests,2021,,Framework,"Whole-of-government plan to conserve and restore global forests and other ecosystems as carbon sinks through finance, diplomacy and policy support.",Conventional CDR,"Afforestation, reforestation, forest management; Peatland and coastal wetland restoration; Durable wood products",Cross-cutting,Other,Other,,,,,,https://faolex.fao.org/docs/pdf/us210398.pdf
State of CDR (Edition 3) - Policymaking and governance,United States,USA,U.S. Ocean Climate Action Plan,2023,,Framework,National ocean-climate strategy that includes research and governance development for marine carbon dioxide removal approaches and ocean ecosystem restoration.,Novel CDR,Direct ocean carbon capture and storage; Alkalinity enhancement of water bodies; Ocean fertilisation; Biomass sinking,Cross-cutting,Other,Other,,,,,,https://bidenwhitehouse.archives.gov/wp-content/uploads/2023/03/Ocean-Climate-Action-Plan_Final.pdf
State of CDR (Edition 3) - Policymaking and governance,China,CHN,"China's Intended Nationally Determined Contribution (INDC, 2015)",2015,,Framework,"China's 2015 INDC commits to peak CO₂ emissions around 2030 and increase forest stock volume by 4.5 billion m³ above 2005 levels, making forest sinks a central mitigation pillar.",Conventional CDR,"Afforestation, reforestation, forest management",Cross-cutting,Regulatory instrument,target,2030,4.5 billion m³ above 2005,forest stock volume increase,Emissions,No,https://unfccc.int/sites/default/files/NDC/2022-06/China%27s%20INDC%20-%20on%2030%20June%202015.pdf
State of CDR (Edition 3) - Policymaking and governance,China,CHN,China's Updated Nationally Determined Contribution (2021),2021,,Framework,"China's 2021 updated NDC raises forest stock target to 6 billion m³ above 2005 levels by 2030 and reaffirms CO₂ peak before 2030, strengthening the land-based CDR commitment.",Conventional CDR,"Afforestation, reforestation, forest management",Cross-cutting,Regulatory instrument,target,2030,6 billion m³ above 2005,forest stock volume increase,Emissions,No,https://unfccc.int/sites/default/files/NDC/2022-06/%E4%B8%AD%E5%9B%BD%E8%90%BD%E5%AE%9E%E5%9B%BD%E5%AE%B6%E8%87%AA%E4%B8%BB%E8%B4%A1%E7%8C%AE%E6%88%90%E6%95%88%E5%92%8C%E6%96%B0%E7%9B%AE%E6%A0%87%E6%96%B0%E4%B8%BE%E6%8E%AA.pdf
State of CDR (Edition 3) - Policymaking and governance,China,CHN,China's 2035 Nationally Determined Contribution,2025,,Framework,"China's 2035 NDC commits to reduce economy-wide net GHG emissions to 7–10% below peak levels by 2035 and grow forest stock volume to over 24 billion m³, a major land-sink target.",Conventional CDR,"Afforestation, reforestation, forest management",Cross-cutting,Regulatory instrument,target,2035,7-10,% below peak emissions; forest stock >24 billion m³ by 2035,Emissions,No,https://unfccc.int/documents/497392
State of CDR (Edition 3) - Policymaking and governance,China,CHN,Action Plan for Carbon Dioxide Peaking Before 2030 [2030年前碳达峰行动方案],2021,,Framework,"Sets the pathway to peak CO₂ before 2030, including measures to expand forest and mangrove sinks and to speed up CCUS demonstration projects.",Multiple,"Afforestation, reforestation, forest management; Peatland and coastal wetland restoration; Bioenergy with carbon capture and storage (BECCS); CO₂ geological storage",Cross-cutting,Other,target; Other,2030,25% forest coverage; 19 billion m³ stock,% land area / m³,Emissions,No,https://en.ndrc.gov.cn/policies/202110/t20211027_1301020.html
State of CDR (Edition 3) - Policymaking and governance,China,CHN,"14th Five-Year National Reserve Forest Development Implementation Plan [""十四五""国家储备林建设实施方案]",2023,,Framework,"Expands national reserve forests to enhance long-term carbon storage via reforestation, forest tending and mixed-species plantations.",Conventional CDR,"Afforestation, reforestation, forest management",Supply,Other,target,2025,36 million mu (≈2.4 million ha) new reserve forests,ha new reserve forest,CDR,No,https://faolex.fao.org/docs/pdf/chn231038.pdf
State of CDR (Edition 3) - Policymaking and governance,China,CHN,"Outline of the 14th Five-Year Forestry and Grassland Protection and Development Plan [""十四五""林草保护发展规划纲要]",2021,,Framework,"Sets national goals for forest, grassland and wetland protection and restoration, increasing ecosystem carbon sinks through higher forest cover, stock and wetland protection rates.",Conventional CDR,"Afforestation, reforestation, forest management; Peatland and coastal wetland restoration; Soil carbon sequestration in croplands & grasslands",Cross-cutting,Other,target,2025,Forest 24.1%; stock 19 billion m³; wetland 55%,multiple targets,CDR,No,https://faolex.fao.org/docs/pdf/chn206160.pdf
State of CDR (Edition 3) - Policymaking and governance,China,CHN,Outline of the 14th Five-Year Plan for Economic and Social Development and Long-Range Objectives Through 2035 [中华人民共和国国民经济和社会发展第十四个五年规划和2035年远景目标纲要],2021,,Framework,"Top-level development plan including strengthening ecosystem carbon sinks, promoting green and low-carbon technologies, and advancing CCUS; provides overarching guidance for both land-based and technological CDR.",Multiple,Multiple,Cross-cutting,Other,Other,,,,,,https://en.ndrc.gov.cn/policies/202203/P020220315511326748336.pdf
State of CDR (Edition 3) - Policymaking and governance,China,CHN,National ETS – China Certified Emission Reduction (CCER) Scheme,2021,2024,Instrument,"National ETS allowing covered entities to use CCER offsets—including afforestation and mangrove projects—for up to 5% of verified emissions, creating compliance demand for land-based CDR.",Conventional CDR,"Afforestation, reforestation, forest management; Peatland and coastal wetland restoration",Demand,Regulatory instrument,compliance_market_integration; mrv_standard,,,,,,https://icapcarbonaction.com/en/ets/china-national-ets
State of CDR (Edition 3) - Policymaking and governance,China,CHN,Law of the People's Republic of China on Water and Soil Conservation [中华人民共和国水土保持法],1991,2010,Instrument,"Law requiring afforestation and vegetation restoration to prevent soil erosion, protecting and increasing land carbon stocks.",Conventional CDR,"Afforestation, reforestation, forest management; Soil carbon sequestration in croplands & grasslands",Cross-cutting,Regulatory instrument,regulatory_safeguard,,,,,,https://english.mee.gov.cn/Resources/laws/envir_elatedlaws/202012/t20201204_811489.shtml
State of CDR (Edition 3) - Policymaking and governance,China,CHN,Grassland Law of the People's Republic of China [中华人民共和国草原法],1985,2002; 2009; 2013; 2021,Instrument,Legal framework for grassland protection and sustainable use; constrains degradation and supports long-term soil and biomass carbon on rangelands.,Conventional CDR,Soil carbon sequestration in croplands & grasslands,Cross-cutting,Regulatory instrument,regulatory_safeguard,,,,,,https://faolex.fao.org/docs/pdf/chn167104.pdf
State of CDR (Edition 3) - Policymaking and governance,China,CHN,Technical Guideline for Environmental Risk Assessment of CCUS Projects (Trial) [二氧化碳捕集、利用与封存环境风险评估技术导则（试行）],2016,,Instrument,Technical standard for assessing environmental risks of CCUS projects; enables permitting of geological storage and future BECCS/DACCS.,Novel CDR; Enabling infrastructure,Bioenergy with carbon capture and storage (BECCS); Direct air capture with geological storage (DACCS); CO₂ geological storage,Cross-cutting,Regulatory instrument,regulatory_safeguard; mrv_standard,,,,,,http://www.mee.gov.cn/gkml/hbb/bgt/201606/t20160624_356016.htm
State of CDR (Edition 3) - Policymaking and governance,China,CHN,Notice on Promoting CCUS Pilot Demonstration [国家发展改革委关于推动碳捕集、利用和封存示范工作的通知],2013,,Instrument,"National guidance and support for CCUS pilot and demonstration projects in the industrial sector, lowering barriers to early large-scale CCUS deployment.",Novel CDR; Enabling infrastructure,Bioenergy with carbon capture and storage (BECCS); Direct air capture with geological storage (DACCS); CO₂ geological storage,Supply,Economic instrument,rd_d_funding,,,,,,https://www.ndrc.gov.cn/xxgk/zcfb/tz/201305/t20130509_963892.html
State of CDR (Edition 3) - Policymaking and governance,China,CHN,Notice on Environmental Protection for CCUS Experimental Demonstration Projects [环境保护部关于CCUS试验示范项目环境保护工作的通知],2013,,Instrument,"Sets environmental protection and risk-control requirements for CCUS experimental and demonstration projects, enabling safe permitting.",Novel CDR; Enabling infrastructure,Bioenergy with carbon capture and storage (BECCS); Direct air capture with geological storage (DACCS); CO₂ geological storage,Cross-cutting,Regulatory instrument,regulatory_safeguard,,,,,,https://www.mee.gov.cn/gkml/hbb/bgt/201311/t20131104_262804.htm
State of CDR (Edition 3) - Policymaking and governance,China,CHN,National Key Low-Carbon Technologies Promotion Catalogue [国家重点推广的低碳技术目录（第一批）],2014,2015; 2017,Instrument,"Technology catalogue identifying priority low-carbon technologies—including CCUS and carbon-sink options—to be promoted nationwide, guiding investment and diffusion.",Multiple,"CO₂ geological storage; Afforestation, reforestation, forest management; Multiple",Supply,Information instrument,Other,,,,,,https://www.ndrc.gov.cn/xxgk/zcfb/gg/201409/t20140905_961102.html
State of CDR (Edition 3) - Policymaking and governance,China,CHN,Catalogue of Major Environmental Protection Technologies and Equipment (2011 Edition) [国家鼓励的重大环保技术装备目录（2011年版）],2011,,Instrument,Catalogue encouraging R&D and commercialization of environmental protection equipment including CO₂ capture technologies; superseded by newer editions.,Novel CDR; Enabling infrastructure,CO₂ geological storage,Supply,Information instrument,Other,,,,,,https://qzlx.people.com.cn/n/2013/1023/c366722-23303447.html
State of CDR (Edition 3) - Policymaking and governance,China,CHN,Regulations on Restoring Farmland to Forest [退耕还林条例],2002,2015,Instrument,"Regulatory and subsidy framework for farmland-to-forest conversion programmes, supporting afforestation and protection of new forests.",Conventional CDR,"Afforestation, reforestation, forest management",Supply,Economic instrument,capital_subsidy; regulatory_safeguard,,,,,,https://www.gov.cn/gongbao/content/2016/content_5139491.htm
State of CDR (Edition 3) - Policymaking and governance,China,CHN,Natural Forest Protection Program (NFPP) [天然林保护工程],1998,,Instrument,"Long-running programme restricting commercial logging and funding forest protection and restoration, increasing forest carbon stocks.",Conventional CDR,"Afforestation, reforestation, forest management",Supply,Economic instrument,capital_subsidy; operating_subsidy; regulatory_safeguard,,,,,,https://documents1.worldbank.org/curated/en/644411468769266652/pdf/multi0page.pdf
State of CDR (Edition 3) - Policymaking and governance,China,CHN,China National Biodiversity Conservation Strategy and Action Plan (2011–2030) [中国生物多样性保护战略与行动计划],2011,,Framework,"National biodiversity strategy strengthening protection and restoration of forests, wetlands and other ecosystems, indirectly enhancing carbon sinks.",Conventional CDR,"Afforestation, reforestation, forest management; Peatland and coastal wetland restoration",Cross-cutting,Other,Other,,,,,,https://www.cbd.int/doc/world/cn/cn-nbsap-v2-en.pdf
State of CDR (Edition 3) - Policymaking and governance,China,CHN,National Agricultural Sustainable Development Plan (2015–2030),2015,,Framework,Sectoral plan promoting sustainable agricultural practices; indirectly supports soil carbon and agro-ecological restoration.,Conventional CDR,Soil carbon sequestration in croplands & grasslands; Agroforestry,Cross-cutting,Other,Other,,,,,,http://www.chinaagtradefair.com/index.php?case=archive&act=show&aid=45
State of CDR (Edition 3) - Policymaking and governance,China,CHN,Implementation Plan for Agricultural and Rural Emission Reduction and Carbon Sequestration (2022–2030) [农业农村减排固碳实施方案],2022,,Framework,"Sets goals and actions to reduce agricultural emissions and enhance farmland soil carbon, with specific tasks on soil carbon sequestration.",Conventional CDR,Soil carbon sequestration in croplands & grasslands; Agroforestry,Supply,Other,Other; target,2030,Qualitative 2025 & 2030 goals,qualitative soil carbon targets,CDR,No,https://www.moa.gov.cn/govpublic/KJJYS/202206/t20220623_6403784.htm
State of CDR (Edition 3) - Policymaking and governance,China,CHN,National Wetland Conservation Plan (2022–2030) [全国湿地保护规划（2022—2030年）],2022,,Framework,"Sets national objectives for wetland protection and restoration, enhancing coastal and inland wetland carbon sinks.",Conventional CDR,Peatland and coastal wetland restoration,Cross-cutting,Other,target,2025,55,% wetland protection rate,CDR,No,https://english.www.gov.cn/statecouncil/ministries/202210/20/content_WS6350875dc6d0a757729e1728.html
State of CDR (Edition 3) - Policymaking and governance,China,CHN,Climate-smart Agriculture Technical Specification for Wheat–Rice Production (NY/T 4298-2023),2023,,Instrument,Technical standard promoting climate-smart wheat–rice systems with soil-carbon-enhancing practices and GHG measurement guidance.,Conventional CDR,Soil carbon sequestration in croplands & grasslands,Cross-cutting,Information instrument,mrv_standard,,,,,,http://www.reea.agri.cn/stgjhz/201912/P020191210367966718424.pdf
State of CDR (Edition 3) - Policymaking and governance,Germany,DEU,EU Nationally Determined Contribution – First NDC/INDC (2015) [Germany],2015,,Framework,"As an EU member state, Germany's climate commitments are anchored in the EU NDC, targeting at least 40% GHG reduction below 1990 by 2030; land-use sinks including German forests contribute to the EU-wide pathway.",Multiple,Multiple,Cross-cutting,Regulatory instrument,target,2030,40,% net GHG reduction vs 1990,Emissions,No,https://unfccc.int/sites/default/files/NDC/2022-06/LV-03-06-EU%20INDC.pdf
State of CDR (Edition 3) - Policymaking and governance,Germany,DEU,EU Updated Nationally Determined Contribution (2020) [Germany],2020,,Framework,EU Updated NDC raising ambition to at least 55% net GHG reduction below 1990 by 2030; includes strengthened LULUCF requirements with binding national forest/land targets for Germany.,Multiple,Multiple,Cross-cutting,Regulatory instrument,target,2030,55,% net GHG reduction vs 1990,Emissions,No,https://unfccc.int/sites/default/files/NDC/2022-06/EU_NDC_Submission_December%202020.pdf
State of CDR (Edition 3) - Policymaking and governance,Germany,DEU,EU Nationally Determined Contribution – Resubmission (2023) [Germany],2023,,Framework,EU 2023 resubmission retaining the 55% target; Germany's LULUCF sector faces binding removal obligations under Regulation (EU) 2018/841 as amended.,Multiple,Multiple,Cross-cutting,Regulatory instrument,target,2030,55,% net GHG reduction vs 1990,Emissions,No,https://unfccc.int/sites/default/files/NDC/2023-06/EU%20NDC%202023%20-%20Resubmission.pdf
State of CDR (Edition 3) - Policymaking and governance,Germany,DEU,EU Nationally Determined Contribution 2035 [Germany],2025,,Framework,EU Second NDC targets 66.25–72.5% net GHG reduction below 1990 by 2035; strengthened land-sector targets and growing relevance of engineered CDR pathways for Germany's net-zero 2045 trajectory.,Multiple,Multiple,Cross-cutting,Regulatory instrument,target,2035,66.25-72.5,% net GHG reduction vs 1990,Emissions,No,https://unfccc.int/sites/default/files/2025-11/DK-2025-11-05%20EU%20NDC.pdf
State of CDR (Edition 3) - Policymaking and governance,Germany,DEU,Federal Climate Action Act (Klimaschutzgesetz – KSG),2019,2024,Framework,"Economy-wide and sectoral GHG target framework with annual monitoring; sets binding national net-zero by 2045 and sectoral targets including LULUCF, providing the legal basis within which CDR policy operates.",Multiple,Multiple,Cross-cutting,Regulatory instrument,target,2030; 2040; 2045,-65%; -88%; 0,% vs 1990; climate neutrality,Emissions,Yes,https://www.gesetze-im-internet.de/ksg/
State of CDR (Edition 3) - Policymaking and governance,Germany,DEU,Long-Term Strategy on Negative Emissions – Key Points (BMWK Eckpunkte),2024,,Framework,"Key points for a long-term strategy governing CDR and negative emissions, including developing targets for technical sinks for 2035/2040/2045 in Germany.",Multiple,Multiple,Cross-cutting,Other,Other,2035; 2040; 2045,TBD,MtCO₂/year technical sinks (targets under development),CDR,No,https://www.bmwk.de/Redaktion/DE/Downloads/E/240226-eckpunkte-negativemissionen.pdf?__blob=publicationFile&v=4
State of CDR (Edition 3) - Policymaking and governance,Germany,DEU,Carbon Management Strategy – Key Points (BMWK Eckpunkte),2024,,Framework,Key points to establish CO₂ transport and storage infrastructure and governance for CCUS; enables BECCS/DACCS deployment pathways.,Novel CDR; Enabling infrastructure,CO₂ geological storage; CO₂ transport; Bioenergy with carbon capture and storage (BECCS),Cross-cutting,Other,Other,,,,,,https://www.bmwk.de/Redaktion/DE/Downloads/E/240226-eckpunkte-cms.pdf?__blob=publicationFile&v=4
State of CDR (Edition 3) - Policymaking and governance,Germany,DEU,Carbon Dioxide Storage Act (Kohlendioxidspeicherungsgesetz – KSpG),2012,2025,Instrument,"Lex specialis implementing EU CCS Directive; rules for permitting, monitoring, liability transfer, and third-party access to CO₂ storage; amended 2025 to expand beyond demonstration scope.",Novel CDR; Enabling infrastructure,CO₂ geological storage,Cross-cutting,Regulatory instrument,regulatory_safeguard; mrv_standard,,,,,,https://www.gesetze-im-internet.de/kspg/KSpG.pdf
State of CDR (Edition 3) - Policymaking and governance,Germany,DEU,High Seas Dumping Act (Hohe-See-Einbringungs-Gesetz),1998,2026,Instrument,Implements London Convention/Protocol; regulates marine dumping. Current regime permits marine CDR only for legitimate scientific research; 2026 amendment updates scope.,Novel CDR,Direct ocean carbon capture and storage; Alkalinity enhancement of water bodies; Ocean fertilisation; Biomass sinking,Cross-cutting,Regulatory instrument,regulatory_safeguard,,,,,,https://www.gesetze-im-internet.de/hoheseeeinbrg/HoheSeeEinbrG.pdf
State of CDR (Edition 3) - Policymaking and governance,Germany,DEU,Federal Nature Conservation Act (Bundesnaturschutzgesetz – BNatSchG),2009,,Instrument,Framework for nature protection and environmental safeguards; indirectly constrains siting/permitting for CDR projects and supports ecosystem carbon stocks.,Conventional CDR,Multiple,Cross-cutting,Regulatory instrument,regulatory_safeguard,,,,,,https://www.gesetze-im-internet.de/bnatschg_2009/
State of CDR (Edition 3) - Policymaking and governance,Germany,DEU,Federal Soil Protection Act & Ordinance (Bundes-Bodenschutzgesetz – BBodSchG / BBodSchV),1998,,Instrument,Baseline standards for soil health; enabling context for soil-carbon practices and biochar soil amendment; full title: Federal Soil Protection and Contaminated Sites Ordinance.,Conventional CDR,Soil carbon sequestration in croplands & grasslands; Biochar soil amendment,Cross-cutting,Regulatory instrument,regulatory_safeguard,,,,,,https://www.gesetze-im-internet.de/bbodschg/
State of CDR (Edition 3) - Policymaking and governance,Germany,DEU,Federal Action Plan on Nature-based Solutions (Aktionsprogramm Natürlicher Klimaschutz – ANK),2023,,Instrument,"Large federal grants for ecosystem restoration and carbon-stock enhancement: peatlands, wetlands, forests, soils and coastal pilots; primary demand-side instrument for conventional CDR.",Conventional CDR,"Afforestation, reforestation, forest management; Peatland and coastal wetland restoration; Soil carbon sequestration in croplands & grasslands",Supply,Economic instrument,capital_subsidy; operating_subsidy,,,,,,https://www.bmuv.de/publikation/aktionsprogramm-natuerlicher-klimaschutz
State of CDR (Edition 3) - Policymaking and governance,Germany,DEU,National Peatland Protection Strategy (Nationale Moorschutzstrategie),2022,,Framework,National framework to restore and rewet peatlands and support climate-beneficial land management; CDR-relevant where measures increase net removals; typically paired with ANK funding.,Conventional CDR,Peatland and coastal wetland restoration,Supply,Other,Other,,,,,,https://www.bmuv.de/publikation/nationale-moorschutzstrategie
State of CDR (Edition 3) - Policymaking and governance,Germany,DEU,Germany CAP Strategic Plan (GAP-Strategieplan 2023–2027),2023,,Instrument,"National implementation of the EU CAP; funds interventions including afforestation, soil carbon, peatland/wetland restoration and agroforestry.",Conventional CDR,"Afforestation, reforestation, forest management; Agroforestry; Soil carbon sequestration in croplands & grasslands; Peatland and coastal wetland restoration",Supply,Economic instrument,capital_subsidy; operating_subsidy,,,,,,https://agriculture.ec.europa.eu/cap-my-country/cap-strategic-plans/germany_en
State of CDR (Edition 3) - Policymaking and governance,Germany,DEU,Joint Task for Agricultural Structures and Coastal Protection (GAK),1969,2025,Instrument,"Long-standing national co-funding instrument for agriculture, forestry, rural development and coastal/flood protection; supports afforestation, peatland restoration and soil carbon.",Conventional CDR,"Afforestation, reforestation, forest management; Peatland and coastal wetland restoration; Soil carbon sequestration in croplands & grasslands",Supply,Economic instrument,capital_subsidy; operating_subsidy,,,,,,https://www.bmleh.de/DE/themen/laendliche-regionen/foerderung-des-laendlichen-raumes/gemeinschaftsaufgabe-agrarstruktur-kuestenschutz/gemeinschaftsaufgabe-agrarstr-kuestenschutz_node.html
State of CDR (Edition 3) - Policymaking and governance,Germany,DEU,National Biomass Strategy – Key Points (Eckpunkte Nationale Biomassestrategie – NaBoS),2022,,Framework,Strategy to guide sustainable biomass production and use; indirectly relevant for CDR methods via safeguards and prioritisation of biomass use.,Conventional CDR; Novel CDR,"Bioenergy with carbon capture and storage (BECCS); Afforestation, reforestation, forest management",Cross-cutting,Other,Other,,,,,,https://www.bundesumweltministerium.de/download/eckpunkte-fuer-eine-nationale-biomassestrategie-nabis
State of CDR (Edition 3) - Policymaking and governance,Germany,DEU,Carbon Contracts for Difference for Industry – Round 1 (Klimaschutzverträge),2024,,Instrument,15-year CCfDs for deep industrial decarbonisation; primarily emissions-reduction focused; indirect CDR relevance for industrial CCUS applications.,Novel CDR; Enabling infrastructure,CO₂ geological storage,Demand,Economic instrument,public_procurement,,,,,,https://www.bundesanzeiger.de/pub/publication/rCvuhldJgZsc8PKz029/content/rCvuhldJgZsc8PKz029/BAnz%20AT%2030.08.2024%20B1.pdf?inline=
State of CDR (Edition 3) - Policymaking and governance,Germany,DEU,Carbon Contracts for Difference – Guideline (Förderrichtlinie Klimaschutzverträge),2024,,Instrument,"Administrative and legal basis for the Klimaschutzverträge CCfD programme; sets eligibility, auction rules and contract terms.",Novel CDR; Enabling infrastructure,CO₂ geological storage; Multiple,Demand,Economic instrument,public_procurement,,,,,,https://www.bundeswirtschaftsministerium.de/Redaktion/DE/Downloads/F/foerderrichtlinie-klimaschutzvertraege.pdf?__blob=publicationFile&v=4
State of CDR (Edition 3) - Policymaking and governance,Germany,DEU,"Carbon Contracts for Difference – Round 2 (2025 call, up to EUR 5bn)",2025,,Instrument,Second auction round for CCfDs; up to EUR 5bn; deep decarbonisation focus including industrial CCUS; target of 40 MtCO₂/year mitigation until 2045.,Novel CDR; Enabling infrastructure,CO₂ geological storage; Multiple,Demand,Economic instrument,public_procurement,2045,40,MtCO₂/year mitigation,CO₂ storage,No,https://www.klimaschutzvertraege.info/
State of CDR (Edition 3) - Policymaking and governance,Germany,DEU,Government Financial Support for Clean Technology Production (State Aid Scheme SA.107122),2023,,Instrument,EC-authorised state-aid framework supporting clean-tech manufacturing including CCUS components; broad decarbonisation rather than targeted CDR procurement.,Novel CDR; Enabling infrastructure,CO₂ geological storage; Multiple,Supply,Economic instrument,capital_subsidy,,,,,,https://ec.europa.eu/commission/presscorner/detail/en/IP_23_3779
State of CDR (Edition 3) - Policymaking and governance,Germany,DEU,Future Strategy for Research and Innovation (Zukunftsstrategie Forschung und Innovation),2022,,Framework,Federal R&I umbrella strategy setting priorities including negative emissions and CDR-relevant technologies; indirect enabler.,Multiple,Multiple,Cross-cutting,Other,rd_d_funding,,,,,,https://www.bmftr.bund.de/SharedDocs/Downloads/DE/2022/zukunftsstrategie-fui.html
State of CDR (Edition 3) - Policymaking and governance,Germany,DEU,Federal Funding for Industry and Climate Protection (Bundesförderung Industrie und Klimaschutz – BIK),2024,,Instrument,Supports investments in climate-friendly industrial facilities; Module 2 covers CCU/CCS; indirect CDR relevance.,Novel CDR; Enabling infrastructure,CO₂ geological storage; Multiple,Supply,Economic instrument,capital_subsidy,,,,,,https://www.foerderdatenbank.de/FDB/Content/DE/Foerderprogramm/Bund/BMWi/bik-modul1-2.html
State of CDR (Edition 3) - Policymaking and governance,Russia,RUS,"Russia Intended Nationally Determined Contribution (INDC, 2015)",2015,,Framework,Russia's 2015 INDC sets a 2030 emissions limit explicitly relying on maximum forest and ecosystem absorption capacity.,Conventional CDR,"Afforestation, reforestation, forest management; Soil carbon sequestration in croplands & grasslands",Cross-cutting,Regulatory instrument,target,2030,≤70,% of 1990 levels incl. full forest absorption,Emissions,No,https://faolex.fao.org/docs/pdf/rus190391E.pdf
State of CDR (Edition 3) - Policymaking and governance,Russia,RUS,Russia Nationally Determined Contribution 2020–2030,2020,,Framework,Russia's 2020 NDC reaffirms the 2030 emissions limit and dependence on forest sinks and ecosystem absorption; superseded by 2025 Second NDC.,Conventional CDR,"Afforestation, reforestation, forest management",Cross-cutting,Regulatory instrument,target,2030,≤70,% of 1990 levels incl. full forest absorption,Emissions,No,https://faolex.fao.org/docs/pdf/rus216708.pdf
State of CDR (Edition 3) - Policymaking and governance,Russia,RUS,Russia Second Nationally Determined Contribution (2035 NDC),2025,,Framework,"Russia's 2025 Second NDC targets 65–67% net GHG emission reduction by 2035 compared to 1990 levels, explicitly accounting for forest sink contributions.",Conventional CDR,"Afforestation, reforestation, forest management",Cross-cutting,Regulatory instrument,target,2035,65-67,% reduction vs 1990 levels,Emissions,No,https://unfccc.int/sites/default/files/2025-09/RF_second_NDC.pdf
State of CDR (Edition 3) - Policymaking and governance,Russia,RUS,Climate Doctrine of the Russian Federation (2023 Revision),2023,,Framework,"Sets long-term goal of achieving balance between emissions and absorption by 2060, implying large-scale enhancement of ecosystem and technological sinks.",Conventional CDR,Multiple,Cross-cutting,Other,target,2060,0,net balance between emissions and absorption,Emissions,No,http://www.fao.org/faolex/results/details/en/c/LEX-FAOC228240
State of CDR (Edition 3) - Policymaking and governance,Russia,RUS,Strategy of Socio-Economic Development with Low GHG Emissions to 2050,2021,,Framework,Long-term strategy relying on increasing ecosystem absorption — primarily forests — to meet mitigation goals by 2050.,Conventional CDR,Multiple,Cross-cutting,Other,Other,,,,,,https://faolex.fao.org/docs/pdf/rus223320E.pdf
State of CDR (Edition 3) - Policymaking and governance,Russia,RUS,"Fundamentals of State Policy in the Use, Conservation, Protection and Reproduction of Forests until 2030",2013,,Framework,"Establishes national principles and goals for forest protection and reproduction, supporting long-term enhancement of forest carbon sinks.",Conventional CDR,"Afforestation, reforestation, forest management",Supply,Other,Other,,,,,,http://www.fao.org/faolex/results/details/en/c/LEX-FAOC228242
State of CDR (Edition 3) - Policymaking and governance,Russia,RUS,Strategy for Development of the Forestry Complex until 2030 (Government Order No. 312-r),2021,,Framework,"Modernises forestry sector, enhances forest protection and reproduction, supporting sustained carbon sequestration.",Conventional CDR,"Afforestation, reforestation, forest management",Cross-cutting,Other,Other,,,,,,http://www.fao.org/faolex/results/details/en/c/LEX-FAOC228248
State of CDR (Edition 3) - Policymaking and governance,Russia,RUS,Forestry Development Strategy until 2030,2018,,Framework,"Sectoral strategy to improve sustainable forest use, protection and regeneration, indirectly strengthening forest sink capacity.",Conventional CDR,"Afforestation, reforestation, forest management",Cross-cutting,Other,Other,,,,,,http://government.ru/docs/34064/
State of CDR (Edition 3) - Policymaking and governance,Russia,RUS,State Program 'Forestry Development 2013–2020',2014,,Instrument,"Programme to reduce forest loss, increase restoration and strengthen forest protection, enhancing land-based carbon removals.",Conventional CDR,"Afforestation, reforestation, forest management",Supply,Economic instrument,operating_subsidy; capital_subsidy,,,,,,http://www.fao.org/faolex/results/details/en/c/LEX-FAOC228301
State of CDR (Edition 3) - Policymaking and governance,Russia,RUS,Federal Scientific and Technical Program on Environmental Development and Climate Change (2021–2030),2021,,Instrument,"Develops national GHG monitoring systems, carbon-budget tools, and technologies to increase absorption capacity.",Multiple,Multiple,Cross-cutting,Economic instrument,rd_d_funding,,,,,,http://www.fao.org/faolex/results/details/en/c/LEX-FAOC208958
State of CDR (Edition 3) - Policymaking and governance,Turkey,TUR,"Turkey's Intended Nationally Determined Contribution (INDC, 2015)",2015,,Framework,"Turkey's 2015 INDC commits to up to 21% GHG reduction below BAU by 2030, with forest sinks and land-use measures as central mitigation contributions.",Conventional CDR,"Afforestation, reforestation, forest management; Soil carbon sequestration in croplands & grasslands",Cross-cutting,Regulatory instrument,target,2030,21,% below BAU,Emissions,No,https://unfccc.int/sites/default/files/NDC/2022-06/The_INDC_of_TURKEY_v.15.19.30.pdf
State of CDR (Edition 3) - Policymaking and governance,Turkey,TUR,Turkey's Updated First Nationally Determined Contribution (2021/2023),2021,,Framework,"Turkey's updated NDC raises ambition to 41% below BAU by 2030, with strong reliance on forest sinks and land-use measures; formally submitted April 2023.",Multiple,"Afforestation, reforestation, forest management; Soil carbon sequestration in croplands & grasslands",Cross-cutting,Regulatory instrument,target,2030,41,% below BAU,Emissions,No,https://unfccc.int/sites/default/files/NDC/2023-04/T%C3%9CRK%C4%B0YE_UPDATED%201st%20NDC_EN.pdf
State of CDR (Edition 3) - Policymaking and governance,Turkey,TUR,Turkey's Second Nationally Determined Contribution (2025 NDC),2025,,Framework,"Turkey's 2025 Second NDC targets a 466 MtCO₂e reduction below BAU by 2035, capping emissions at 643 MtCO₂e; forests and land sinks remain central with new mentions of BECCS and DACCS for future deployment.",Multiple,"Afforestation, reforestation, forest management; Soil carbon sequestration in croplands & grasslands; Bioenergy with carbon capture and storage (BECCS); Direct air capture with geological storage (DACCS)",Cross-cutting,Regulatory instrument,target,2035,466 MtCO₂e below BAU (cap: 643 MtCO₂e),MtCO₂e reduction below BAU,Emissions,No,https://unfccc.int/sites/default/files/2025-11/The%20Second%20NDC%20of%20T%C3%BCrkiye.pdf
State of CDR (Edition 3) - Policymaking and governance,Turkey,TUR,Turkey Long-Term Climate Strategy / Net Zero 2053 Vision,2024,,Framework,"Establishes Turkey's long-term net-zero target by 2053 and highlights forests, land sinks and potential future engineered CDR including BECCS and DACCS.",Multiple,"Afforestation, reforestation, forest management; Soil carbon sequestration in croplands & grasslands; Bioenergy with carbon capture and storage (BECCS); Direct air capture with geological storage (DACCS)",Cross-cutting,Other,target,2053,0,net GHG emissions,Emissions,No,https://unfccc.int/sites/default/files/resource/Turkiye_Long_Term_Climate_Strategy.pdf
State of CDR (Edition 3) - Policymaking and governance,Turkey,TUR,National Climate Change Action Plan (2011–2023),2011,2023,Framework,"Action plan specifying afforestation, forest rehabilitation and improved land-use practices as mitigation actions to enhance carbon sinks.",Conventional CDR,"Afforestation, reforestation, forest management; Peatland and coastal wetland restoration",Supply,Other,Other,,,,,,https://webdosya.csb.gov.tr/db/iklim/editordosya/iklim_degisikligi_eylem_plani_EN_2014.pdf
State of CDR (Edition 3) - Policymaking and governance,Turkey,TUR,National Climate Change Strategy 2010–2023,2010,2023,Framework,"Establishes Turkey's long-term mitigation/adaptation strategy, including enhanced land-use sinks and afforestation as key mitigation elements.",Conventional CDR,"Afforestation, reforestation, forest management",Cross-cutting,Other,Other,,,,,,https://webdosya.csb.gov.tr/db/iklim/editordosya/iklim_degisikligi_stratejisi_EN(2).pdf
State of CDR (Edition 3) - Policymaking and governance,Turkey,TUR,Forest Law No. 6831 (as amended),1956,Multiple,Instrument,"Core legal framework for forest protection, reforestation and sustainable forest management; maintains and expands forest carbon sinks.",Conventional CDR,"Afforestation, reforestation, forest management",Cross-cutting,Regulatory instrument,regulatory_safeguard,,,,,,https://www.ecolex.org/details/legislation/forest-law-no-6831-lex-faoc020346/
State of CDR (Edition 3) - Policymaking and governance,Turkey,TUR,National GHG Monitoring System (MRV Regulation No. 2012/2729),2012,2014; 2017,Instrument,"Establishes national MRV system including land-use and forestry sectors, enabling future CDR accounting and tracking.",Multiple,Multiple,Cross-cutting,Regulatory instrument,mrv_standard,,,,,,https://www.resmigazete.gov.tr/eskiler/2012/12/20121230M2-29.htm
