tech_name,region,country,unit,year_start,year_peak,year_sat,series_type,scale,source
Cane Sugar,MUS,Mauritius,thousand metric tons,1813,1976,1979,saturating,national,regional_csv
Railroad,NOR,Norway,kilometers,1825,1957,1971,saturating,national,regional_csv
Railroad,FRA,France,kilometers,1825,1933,1940,saturating,national,regional_csv
Railroad,FIN,Finland,kilometers,1825,1979,2000,saturating,national,regional_csv
Railroad,SWE,Sweden,kilometers,1825,1938,1958,saturating,national,regional_csv
Railroad,DNK,Denmark,kilometers,1825,1930,1937,saturating,national,regional_csv
Railroad,ITA,Italy,kilometers,1825,1942,2000,pre_saturation,national,regional_csv
Railroad,PRT,Portugal,kilometers,1825,1994,2000,pre_saturation,national,regional_csv
Beer Production,BEL,Belgium,thousand hectolitres,1831,1931,2003,pre_saturation,national,regional_csv
Railroad,GBR,United Kingdom,kilometers,1825,1926,1950,saturating,national,regional_csv
Railroad,ESP,Spain,kilometers,1825,1952,1968,saturating,national,regional_csv
Railroad,USA,United States,kilometers,1830,1916,1935,saturating,national,regional_csv
Railroad,PAN,Panama,kilometers,1830,1986,1999,saturating,national,regional_csv
Railroad,CHE,Switzerland,kilometers,1825,1937,1946,saturating,national,regional_csv
Railroad,BEL,Belgium,kilometers,1825,1933,1941,saturating,national,regional_csv
Railroad,NLD,Netherlands,kilometers,1825,1929,1934,saturating,national,regional_csv
Cane Sugar,PHL,Philippines,thousand metric tons,1849,2008,2010,saturating,national,regional_csv
Telegraph Traffic,NLD,Netherlands,Number (millions),1830,1919,1919,declining_structural,national,regional_csv
Postal Traffic,FRA,France,Number (millions),1830,1993,1993,pre_saturation,national,regional_csv
Beer Production,FRA,France,thousand hectolitres,1835,1934,2005,pre_saturation,national,regional_csv
Railroad,CAN,Canada,kilometers,1836,1974,1979,saturating,national,regional_csv
Railroad,ECU,Ecuador,kilometers,1845,1963,1968,saturating,national,regional_csv
Railroad,BRA,Brazil,kilometers,1845,1960,1962,saturating,national,regional_csv
Railroad,URY,Uruguay,kilometers,1845,1982,1999,saturating,national,regional_csv
Gold,AUS,Australia,metric tons,1851,1998,2004,pre_saturation,national,regional_csv
Railroad,PRY,Paraguay,kilometers,1845,1937,1953,saturating,national,regional_csv
Postal Traffic,BRA,Brazil,Number (millions),1840,1960,1998,pre_saturation,national,regional_csv
Railroad,COL,Colombia,kilometers,1845,1961,1981,saturating,national,regional_csv
Postal Traffic,GBR,United Kingdom,Number (millions),1839,1993,1993,pre_saturation,national,regional_csv
Telegraph Traffic,ESP,Spain,Number (millions),1830,1965,1993,pre_saturation,national,regional_csv
Cane Sugar,ZAF,South Africa,thousand metric tons,1859,1998,2010,pre_saturation,national,regional_csv
Zinc,USA,United States of America,thousand metric tons,1860,1969,2008,pre_saturation,national,regional_csv
Crude Oil,USA,USA,thousand metric tons,1860,1973,2008,pre_saturation,national,regional_csv
Railroad,GUY,Guyana,kilometers,1845,1914,1928,saturating,national,regional_csv
Gold,NZL,New Zealand,metric tons,1857,1866,1866,declining_structural,national,regional_csv
Steamships,DNK,Denmark,-,1844,1914,1926,saturating,national,regional_csv
Railroad,JPN,Japan,kilometers,1853,1987,1990,saturating,national,regional_csv
Postal Traffic,CHE,Switzerland,Number (millions),1850,1990,1993,saturating,national,regional_csv
Telegraph Traffic,CHE,Switzerland,Number (millions),1830,1919,1919,declining_structural,national,regional_csv
Postal Traffic,SWE,Sweden,Number (millions),1850,1991,1993,saturating,national,regional_csv
Postal Traffic,AUS,Australia,Number (millions),1851,1993,1993,pre_saturation,national,regional_csv
Crude Oil,CAN,Canada,thousand metric tons,1867,2007,2008,pre_saturation,national,regional_csv
Postal Traffic,IND,India,Number (millions),1853,2000,2000,pre_saturation,national,regional_csv
Railroad,ARG,Argentina,kilometers,1845,1955,1961,saturating,national,regional_csv
Railroad,TWN,Taiwan,kilometers,1853,1998,1998,pre_saturation,national,regional_csv
Railroad,IND,India,kilometers,1853,1936,1940,saturating,national,regional_csv
Cane Sugar,TTO,Trinidad & Tobago,thousand metric tons,1870,1965,2007,pre_saturation,national,regional_csv
Railroad,GHA,Ghana,kilometers,1862,1969,1998,saturating,national,regional_csv
Telegraph Traffic,SWE,Sweden,Number (millions),1855,1951,1991,pre_saturation,national,regional_csv
Railroad,KEN,Kenya,kilometers,1862,1997,1998,pre_saturation,national,regional_csv
Railroad,MOZ,Mozambique,kilometers,1862,1971,1975,saturating,national,regional_csv
Telegraph Traffic,NOR,Norway,Number (millions),1855,1947,1992,pre_saturation,national,regional_csv
Postal Traffic,HUN,Hungary,Number (millions),1849,1986,1993,pre_saturation,national,regional_csv
Telegraph Traffic,NZL,New Zealand,Number (millions),1850,1960,1966,saturating,national,regional_csv
Postal Traffic,BEL,Belgium,Number (millions),1850,1979,1992,pre_saturation,national,regional_csv
Postal Traffic,ESP,Spain,Number (millions),1846,1978,1990,pre_saturation,national,regional_csv
Postal Traffic,NZL,New Zealand,Number (millions),1853,1992,1992,pre_saturation,national,regional_csv
Railroad,EGY,Egypt,kilometers,1862,1991,1998,saturating,national,regional_csv
Silver,JPN,Japan,metric tons,1874,1939,1941,saturating,national,regional_csv
Postal Traffic,DNK,Denmark,Number (millions),1861,1991,1993,pre_saturation,national,regional_csv
Telegraph Traffic,IND,India,Number (millions),1866,1983,1998,pre_saturation,national,regional_csv
Telegraph Traffic,FRA,France,Number (millions),1858,1919,1993,pre_saturation,national,regional_csv
Railroad,MUS,Mauritius,kilometers,1862,1918,1930,saturating,national,regional_csv
Railroad,ETH,Ethiopia,kilometers,1862,1917,1988,saturating,national,regional_csv
Gold,JPN,Japan,metric tons,1874,1940,2007,pre_saturation,national,regional_csv
Railroad,GIN,Guinea,kilometers,1862,1984,1993,saturating,national,regional_csv
Railroad,BEN,Benin,kilometers,1862,1936,1940,saturating,national,regional_csv
Railroad,AGO,Angola,kilometers,1862,1971,1974,saturating,national,regional_csv
Railroad,CHL,Chile,kilometers,1860,1927,1942,saturating,national,regional_csv
Crude Oil,JPN,Japan,thousand metric tons,1879,1967,1971,saturating,national,regional_csv
Railroad,DZA,Algeria,kilometers,1862,1930,1936,saturating,national,regional_csv
Beer Production,NOR,Norway,thousand hectolitres,1870,1999,2006,pre_saturation,national,regional_csv
Railroad,THA,Thailand,kilometers,1853,1940,1987,pre_saturation,national,regional_csv
Postal Traffic,NLD,Netherlands,Number (millions),1849,1989,1989,pre_saturation,national,regional_csv
Railroad,NZL,New Zealand,kilometers,1865,1951,1958,saturating,national,regional_csv
Telegraph Traffic,ITA,Italy,Number (millions),1861,1964,1992,pre_saturation,national,regional_csv
Postal Traffic,GRC,Greece,Number (millions),1840,1989,1990,pre_saturation,national,regional_csv
Railroad,VEN,Venezuela,kilometers,1870,1940,1954,saturating,national,regional_csv
Railroad,LKA,Sri Lanka,kilometers,1871,1969,1976,saturating,national,regional_csv
Sulphuric Acid,JPN,Japan,thousand metric tons,1876,1974,1993,saturating,national,regional_csv
Postal Traffic,ITA,Italy,Number (millions),1861,1989,1992,pre_saturation,national,regional_csv
Postal Traffic,NOR,Norway,Number (millions),1848,1993,1993,pre_saturation,national,regional_csv
Railroad,NGA,Nigeria,kilometers,1873,1975,1998,saturating,national,regional_csv
Railroad,ZAF,South Africa,kilometers,1873,1986,1998,pre_saturation,national,regional_csv
Telegraph Traffic,DNK,Denmark,Number (millions),1865,1919,1919,declining_structural,national,regional_csv
Railroad,AUS,Australia,kilometers,1869,1927,1954,saturating,national,regional_csv
Railroad,SLV,El Salvador,kilometers,1875,1984,1986,saturating,national,regional_csv
Beer Production,ITA,Italy,thousand hectolitres,1879,2003,2004,pre_saturation,national,regional_csv
Railroad,NIC,Nicaragua,kilometers,1875,1949,1956,saturating,national,regional_csv
Beer Production,USA,USA,thousand hectolitres,1870,1998,1998,pre_saturation,national,regional_csv
Steamships,GBR,United Kingdom,-,1814,1914,1914,declining_structural,national,regional_csv
Steamships,NOR,Norway,-,1866,1915,1988,pre_saturation,national,regional_csv
Cane Sugar,EGY,Egypt,thousand metric tons,1888,2007,2010,pre_saturation,national,regional_csv
Beer Production,SWE,Sweden,thousand hectolitres,1885,1995,2007,pre_saturation,national,regional_csv
Silver,AUS,Australia,metric tons,1882,2002,2004,pre_saturation,national,regional_csv
Beer Production,NZL,New Zealand,thousand hectolitres,1886,1987,1990,saturating,national,regional_csv
Railroad,SLE,Sierra Leone,kilometers,1873,1915,1930,saturating,national,regional_csv
Public Roads,USA,United States,miles,1900,2018,2020,saturating,national,regional_csv
Railroad,SEN,Senegal,kilometers,1873,1936,1958,saturating,national,regional_csv
Primary Bauxite Production,World,World,metric tons,1900,2019,2019,pre_saturation,global,regional_csv
Gold,IND,India,metric tons,1885,1913,1913,declining_structural,national,regional_csv
Nickel Production,CAN,Canada,thousand metric tons,1889,1970,2008,pre_saturation,national,regional_csv
Cement,USA,United States,metric tons,1900,2005,2007,saturating,national,regional_csv
Crude Oil,IND,India,thousand metric tons,1889,2002,2008,pre_saturation,national,regional_csv
Rare Earth Mine Production,World,World,metric tons,1900,2019,2019,pre_saturation,global,regional_csv
Zinc,World,World,thousand metric tons,1900,2014,2019,pre_saturation,global,regional_csv
Primary Aluminum Production,World,World,metric tons,1900,2018,2019,pre_saturation,global,regional_csv
Telegraph Traffic,HUN,Hungary,Number (millions),1868,1916,1916,declining_structural,national,regional_csv
Raw Steel Production,USA,United States,metric tons,1900,1973,2019,pre_saturation,national,regional_csv
Graphite,World,World,metric tons,1900,2012,2019,pre_saturation,global,regional_csv
Primary Aluminum Production,USA,United States,metric tons,1900,1980,2019,pre_saturation,national,regional_csv
Cadmium Refining,World,World,metric tons,1900,2016,2018,saturating,global,regional_csv
Telegraph Traffic,ZAF,South Africa,Number (millions),1873,1971,1993,pre_saturation,national,regional_csv
Primary Copper,USA,United States,metric tons,1900,1998,2018,pre_saturation,national,regional_csv
Nickel Production,World,World,thousand metric tons,1900,2013,2018,pre_saturation,global,regional_csv
Primary Copper,World,World,metric tons,1900,2016,2018,saturating,global,regional_csv
Silver,World,World,metric tons,1900,2016,2018,saturating,global,regional_csv
Railroad,GTM,Guatemala,kilometers,1875,1929,1968,saturating,national,regional_csv
Gold,ZAF,South Africa,metric tons,1884,1970,2004,pre_saturation,national,regional_csv
Cane Sugar,MEX,Mexico,thousand metric tons,1892,2001,2010,pre_saturation,national,regional_csv
Beer Production,ROU,Romania,thousand hectolitres,1881,2007,2007,pre_saturation,national,regional_csv
Telegraph Traffic,AUS,Australia,Number (millions),1863,1946,1951,saturating,national,regional_csv
Beer Production,AUS,Australia,thousand hectolitres,1889,1980,1983,saturating,national,regional_csv
Gold,World,World,metric tons,1900,2018,2018,pre_saturation,global,regional_csv
Railroad,BLZ,Belize,kilometers,1875,1916,1921,saturating,national,regional_csv
Cobalt,World,World,metric tons,1901,2018,2019,pre_saturation,global,regional_csv
Lead,USA,United States,metric tons,1900,1926,1929,saturating,national,regional_csv
Telegraph Traffic,FIN,Finland,Number (millions),1866,1947,1956,saturating,national,regional_csv
Ammonia Synthesis,World,World,thousand tons of nitrogen equivalent,1905,2019,2022,pre_saturation,global,regional_csv
Sand and Gravel|Industrial,USA,United States,metric tons,1902,2018,2019,pre_saturation,national,regional_csv
Steamships,FIN,Finland,-,1839,1920,1920,declining_structural,national,regional_csv
Sand and Gravel|Construction,USA,United States,metric tons,1902,2006,2019,pre_saturation,national,regional_csv
Salt Production,USA,United States,metric tons,1900,2008,2017,pre_saturation,national,regional_csv
Ammonia Synthesis,BEL,Belgium,thousand tons of nitrogen equivalent,1905,2007,2022,pre_saturation,national,regional_csv
Ammonia Synthesis,CAN,Canada,thousand tons of nitrogen equivalent,1905,1999,2022,pre_saturation,national,regional_csv
Ammonia Synthesis,FRA,France,thousand tons of nitrogen equivalent,1905,2007,2022,pre_saturation,national,regional_csv
Ammonia Synthesis,DEU,Germany,thousand tons of nitrogen equivalent,1905,1980,1988,saturating,national,regional_csv
Ammonia Synthesis,ITA,Italy,thousand tons of nitrogen equivalent,1905,1979,2022,pre_saturation,national,regional_csv
Ammonia Synthesis,JPN,Japan,thousand tons of nitrogen equivalent,1905,1974,2022,pre_saturation,national,regional_csv
Ammonia Synthesis,NLD,Netherlands,thousand tons of nitrogen equivalent,1905,2016,2022,pre_saturation,national,regional_csv
Ammonia Synthesis,POL,Poland,thousand tons of nitrogen equivalent,1905,2020,2022,pre_saturation,national,regional_csv
Ammonia Synthesis,SWE,Sweden,thousand tons of nitrogen equivalent,1905,1984,2022,pre_saturation,national,regional_csv
Ammonia Synthesis,USA,USA,thousand tons of nitrogen equivalent,1905,1996,2022,pre_saturation,national,regional_csv
Telegraph Traffic,JPN,Japan,Number (millions),1869,1963,1987,pre_saturation,national,regional_csv
Cane Sugar,NIC,Nicaragua,thousand metric tons,1893,2009,2010,pre_saturation,national,regional_csv
Railroad,HTI,Haiti,kilometers,1875,1931,1965,saturating,national,regional_csv
Beer Production,DNK,Denmark,thousand hectolitres,1891,1983,2007,pre_saturation,national,regional_csv
Gold,GHA,Ghana,metric tons,1889,1999,2004,pre_saturation,national,regional_csv
Iron Ore,World,World,metric tons,1904,2018,2019,pre_saturation,global,regional_csv
Crude Oil,IDN,Indonesia,thousand metric tons,1893,1977,2008,pre_saturation,national,regional_csv
Cane Sugar,SLV,El Salvador,thousand metric tons,1894,1999,2010,pre_saturation,national,regional_csv
Sulphuric Acid,SWE,Sweden,thousand metric tons,1887,1986,2003,pre_saturation,national,regional_csv
Railroad,PER,Peru,kilometers,1883,1949,1952,saturating,national,regional_csv
Tin,World,World,thousand metric tons,1905,2017,2019,pre_saturation,global,regional_csv
Postal Traffic,JPN,Japan,Number (millions),1873,1993,1993,pre_saturation,national,regional_csv
Crude Oil,ROU,Romania,thousand metric tons,1895,1976,2008,pre_saturation,national,regional_csv
Railroad,HND,Honduras,kilometers,1875,1926,1937,saturating,national,regional_csv
Telegraph Traffic,GBR,United Kingdom,Number (millions),1870,1919,1919,declining_structural,national,regional_csv
Beer Production,JPN,Japan,thousand hectolitres,1896,1994,1996,saturating,national,regional_csv
Cane Sugar,IND,India,thousand metric tons,1898,2007,2010,pre_saturation,national,regional_csv
Cadmium Refining,USA,United States,metric tons,1900,1969,2010,pre_saturation,national,regional_csv
Telephones,JPN,Japan,-,1892,2000,2002,saturating,national,regional_csv
Beer Production,CHE,Switzerland,thousand hectolitres,1885,1971,1995,pre_saturation,national,regional_csv
Postal Traffic,MEX,Mexico,Number (millions),1878,1976,1993,pre_saturation,national,regional_csv
Telegraph Traffic,MEX,Mexico,Number (millions),1877,1982,1988,saturating,national,regional_csv
Zinc,AUS,Australia,thousand metric tons,1889,2002,2004,pre_saturation,national,regional_csv
Crude Oil,RUS,Russia,thousand metric tons,1895,1983,1989,saturating,national,regional_csv
Cane Sugar,JPN,Japan,thousand metric tons,1898,1989,2010,pre_saturation,national,regional_csv
Sulphuric Acid,ITA,Italy,thousand metric tons,1893,1967,1969,saturating,national,regional_csv
Crude Oil,MEX,Mexico,thousand metric tons,1901,2004,2006,saturating,national,regional_csv
Milk Production,NLD,Netherlands,thousand metric tons,1903,1983,2010,pre_saturation,national,regional_csv
Stove,USA,United States,%,1900,1972,2011,saturating,national,regional_csv
Cane Sugar,GTM,Guatemala,thousand metric tons,1901,2005,2010,pre_saturation,national,regional_csv
Gold,ZWE,Zimbabwe,metric tons,1898,1916,1916,declining_structural,national,regional_csv
Cane Sugar,DOM,Dominican Republic,thousand metric tons,1904,1976,2010,pre_saturation,national,regional_csv
Cane Sugar,USA,USA,thousand metric tons,1885,1992,1993,pre_saturation,national,regional_csv
Nickel Production,USA,United States,thousand metric tons,1900,1997,2012,pre_saturation,national,regional_csv
Milk Production,JPN,Japan,thousand metric tons,1899,1996,2005,saturating,national,regional_csv
Passenger Cars,USA,US,MW,1900,2005,2005,pre_saturation,national,regional_csv
Railroad,DOM,Dominican Republic,kilometers,1885,1940,1973,saturating,national,regional_csv
Cane Sugar,MOZ,Mozambique,thousand metric tons,1901,1972,2010,pre_saturation,national,regional_csv
Telephones,ITA,Italy,-,1883,1990,1990,pre_saturation,national,regional_csv
Telephones,CHE,Switzerland,-,1900,1991,1993,saturating,national,regional_csv
Milk Production,AUS,Australia,thousand metric tons,1907,2002,2010,pre_saturation,national,regional_csv
Passenger Cars,USA,United States,-,1900,2001,2002,pre_saturation,national,regional_csv
Cane Sugar,TWN,Taiwan,thousand metric tons,1897,1938,1999,pre_saturation,national,regional_csv
Silver,ZAF,South Africa,metric tons,1902,1986,2004,pre_saturation,national,regional_csv
Railroad,MYS,Malaysia,kilometers,1886,1973,1991,saturating,national,regional_csv
Telegraph Traffic,EGY,Egypt,Number (millions),1880,1925,1986,pre_saturation,national,regional_csv
Lead,World,World,metric tons,1900,2012,2018,pre_saturation,global,regional_csv
Railroad,BOL,Bolivia,kilometers,1890,1987,1993,saturating,national,regional_csv
Crude Oil,TTO,Trinidad & Tobago,thousand metric tons,1910,1978,2008,pre_saturation,national,regional_csv
Passenger Cars,FRA,France,-,1895,2000,2000,pre_saturation,national,regional_csv
Crude Oil,EGY,Egypt,thousand metric tons,1911,1992,1995,saturating,national,regional_csv
Natural Gas Power,World,World,MW,1903,2000,2000,pre_saturation,global,regional_csv
Beer Production,URY,Uruguay,thousand hectolitres,1891,1961,2003,pre_saturation,national,regional_csv
Gold,PHL,Phillipines,metric tons,1908,2007,2008,pre_saturation,national,regional_csv
Telephones,NZL,New Zealand,-,1890,1987,1987,pre_saturation,national,regional_csv
Crude Oil,IRN,Iran,thousand metric tons,1912,1974,2008,pre_saturation,national,regional_csv
Telephones,BEL,Belgium,-,1896,1998,1998,pre_saturation,national,regional_csv
Telephones,FRA,France,-,1889,1985,1985,pre_saturation,national,regional_csv
Telegraph Traffic,ROU,Romania,Number (millions),1875,1926,1985,pre_saturation,national,regional_csv
Sulphuric Acid,RUS,Russia,thousand metric tons,1860,1988,2003,pre_saturation,national,regional_csv
Postal Traffic,TWN,Taiwan,Number (millions),1896,2000,2000,pre_saturation,national,regional_csv
Postal Traffic,PRT,Portugal,Number (millions),1878,1992,1992,pre_saturation,national,regional_csv
Lithium Mine Production,World,World,metric tons,1925,2018,2019,pre_saturation,global,regional_csv
Gold,COD,Zaire,metric tons,1910,1941,2004,pre_saturation,national,regional_csv
Passenger Cars,CAN,Canada,-,1904,1998,1998,pre_saturation,national,regional_csv
Crude Oil,ARG,Argentina,thousand metric tons,1915,1996,2008,pre_saturation,national,regional_csv
Crude Oil,PER,Peru,thousand metric tons,1915,1982,2008,pre_saturation,national,regional_csv
Cement,World,World,metric tons,1926,2014,2019,saturating,global,regional_csv
Passenger Cars,GBR,United Kingdom,-,1904,1998,1998,pre_saturation,national,regional_csv
Railroad,UGA,Uganda,kilometers,1905,1986,1998,saturating,national,regional_csv
Railroad,MDG,Madagascar,kilometers,1905,1984,1998,saturating,national,regional_csv
Railroad,MAR,Morocco,kilometers,1905,1928,1998,pre_saturation,national,regional_csv
Railroad,SDN,Sudan,kilometers,1906,1977,1998,saturating,national,regional_csv
Railroad,CIV,Ivory Coast,kilometers,1905,1955,1998,saturating,national,regional_csv
Postal Traffic,LKA,Sri Lanka,Number (millions),1900,1983,1993,pre_saturation,national,regional_csv
Zinc,CAN,Canada,thousand metric tons,1911,2002,2003,pre_saturation,national,regional_csv
Railroad,COG,Republic of the Congo,kilometers,1905,1995,1998,saturating,national,regional_csv
Telephones,AUS,Australia,-,1901,1993,1993,pre_saturation,national,regional_csv
Milk Production,CAN,Canada,thousand metric tons,1920,1999,2010,pre_saturation,national,regional_csv
Telephones,NLD,Netherlands,-,1900,2002,2003,pre_saturation,national,regional_csv
Tin,CHN,China,thousand metric tons,1913,2001,2003,pre_saturation,national,regional_csv
Zinc,JPN,Japan,thousand metric tons,1913,1974,2003,pre_saturation,national,regional_csv
Milk Production,DNK,Denmark,thousand metric tons,1920,1931,1934,saturating,national,regional_csv
Cane Sugar,PAN,Panama,thousand metric tons,1921,1979,2010,pre_saturation,national,regional_csv
Telephones,EGY,Egypt,-,1911,2002,2002,pre_saturation,national,regional_csv
Railroad,MWI,Malawi,kilometers,1905,1989,1995,saturating,national,regional_csv
Caustic Soda,JPN,Japan,thousand metric tons,1905,2003,2003,pre_saturation,national,regional_csv
Crude Oil,VEN,Venezuela,thousand metric tons,1915,1970,2008,pre_saturation,national,regional_csv
Synthetic Filaments,CAN,Canada,thousand metric tons,1910,1986,1998,pre_saturation,national,regional_csv
Silver,MMR,Myanmar,metric tons,1910,1928,2004,pre_saturation,national,regional_csv
Primary Bauxite Production,USA,United States,metric tons,1900,1943,1988,pre_saturation,national,regional_csv
Railroad,SOM,Somalia,kilometers,1905,1927,1953,saturating,national,regional_csv
Telephones,DNK,Denmark,-,1900,1990,1990,pre_saturation,national,regional_csv
Synthetic Filaments,USA,United States of America,thousand metric tons,1910,1979,1998,pre_saturation,national,regional_csv
Washing Machines,USA,US,MW,1920,2008,2008,pre_saturation,national,regional_csv
Telephones,URY,Uruguay,-,1889,1988,1988,pre_saturation,national,regional_csv
Beer Production,CHL,Chile,thousand hectolitres,1917,2007,2007,pre_saturation,national,regional_csv
Railroad,TUN,Tunisia,kilometers,1909,1996,1998,saturating,national,regional_csv
Passenger Cars,NOR,Norway,-,1914,2000,2000,pre_saturation,national,regional_csv
Beer Production,ESP,Spain,thousand hectolitres,1917,2006,2007,pre_saturation,national,regional_csv
Crude Oil,COL,Colombia,thousand metric tons,1922,1999,2008,pre_saturation,national,regional_csv
Postal Traffic,ZWE,Zimbabwe,Number (millions),1898,1984,1986,pre_saturation,national,regional_csv
Refrigerators,USA,US,MW,1918,2003,2003,pre_saturation,national,regional_csv
Milk Production,ARG,Argentina,thousand metric tons,1925,1999,2010,saturating,national,regional_csv
Milk Production,NZL,New Zealand,thousand metric tons,1925,2010,2010,pre_saturation,national,regional_csv
Milk Production,HND,Honduras,thousand metric tons,1926,2005,2010,pre_saturation,national,regional_csv
Postal Traffic,NGA,Nigeria,Number (millions),1895,1981,1982,pre_saturation,national,regional_csv
Cane Sugar,TUR,Turkey,thousand metric tons,1926,1998,2010,pre_saturation,national,regional_csv
Telephones,SWE,Sweden,-,1885,1992,1993,pre_saturation,national,regional_csv
Cane Sugar,HTI,Haiti,thousand metric tons,1918,1961,2002,pre_saturation,national,regional_csv
Cane Sugar,MDG,Madagascar,thousand metric tons,1924,1978,1990,saturating,national,regional_csv
Laundry Dryers,USA,US,MW,1920,2003,2003,pre_saturation,national,regional_csv
Crude Oil,ECU,Ecuador,thousand metric tons,1925,2006,2008,pre_saturation,national,regional_csv
Sulphuric Acid,CAN,Canada,thousand metric tons,1919,1998,2002,pre_saturation,national,regional_csv
Postal Traffic,TUN,Tunisia,Number (millions),1894,1983,1983,pre_saturation,national,regional_csv
Silver,PHL,Phillipine,metric tons,1922,1981,2008,pre_saturation,national,regional_csv
Passenger Cars,CHE,Switzerland,-,1910,2000,2000,pre_saturation,national,regional_csv
Telegraph Traffic,LKA,Sri Lanka,Number (millions),1900,1981,1982,pre_saturation,national,regional_csv
Passenger Cars,ITA,Italy,-,1914,1998,1999,pre_saturation,national,regional_csv
Beer Production,MEX,Mexico,thousand hectolitres,1925,2007,2007,pre_saturation,national,regional_csv
Sulphuric Acid,FIN,Finland,thousand metric tons,1922,1999,2003,pre_saturation,national,regional_csv
Milk Production,SWE,Sweden,thousand metric tons,1929,1950,2010,pre_saturation,national,regional_csv
Crude Oil,IRQ,Iraq,thousand metric tons,1927,1979,2008,pre_saturation,national,regional_csv
Crude Oil,BOL,Bolivia,thousand metric tons,1928,2007,2008,pre_saturation,national,regional_csv
Passenger Cars,CHL,Chile,-,1915,1997,1997,pre_saturation,national,regional_csv
Passenger Cars,DNK,Denmark,-,1914,2000,2000,pre_saturation,national,regional_csv
Crude Oil,CHN,China,thousand metric tons,1926,2008,2008,pre_saturation,national,regional_csv
Telegraph Traffic,THA,Thailand,Number (millions),1910,1980,1993,pre_saturation,national,regional_csv
Telephones,NOR,Norway,-,1900,1984,1984,pre_saturation,national,regional_csv
Beer Production,NLD,Netherlands,thousand hectolitres,1925,2003,2005,pre_saturation,national,regional_csv
Postal Traffic,KEN,Kenya,Number (millions),1909,1993,1993,pre_saturation,national,regional_csv
Postal Traffic,THA,Thailand,Number (millions),1910,1993,1993,pre_saturation,national,regional_csv
Passenger Cars,ARG,Argentina,-,1920,1998,1998,pre_saturation,national,regional_csv
Zinc,MEX,Mexico,thousand metric tons,1925,2003,2003,pre_saturation,national,regional_csv
Milk Production,GBR,UK,thousand metric tons,1932,1983,2010,pre_saturation,national,regional_csv
Beer Production,PER,Peru,thousand hectolitres,1927,1987,2005,pre_saturation,national,regional_csv
Passenger Cars,SWE,Sweden,-,1923,2000,2000,pre_saturation,national,regional_csv
Passenger Cars,JPN,Japan,-,1914,1997,1997,pre_saturation,national,regional_csv
Sulphuric Acid,USA,United States of America,thousand metric tons,1899,1992,2002,pre_saturation,national,regional_csv
Synthetic Filaments,BRA,Brazil,thousand metric tons,1926,1989,1996,saturating,national,regional_csv
Silver,COD,Zaire,metric tons,1921,1946,2001,pre_saturation,national,regional_csv
Passenger Cars,IRL,Ireland,-,1923,2000,2000,pre_saturation,national,regional_csv
Milk Production,IRL,Ireland,thousand metric tons,1926,1985,2008,saturating,national,regional_csv
Raw Steel Production,World,World,metric tons,1943,2019,2019,pre_saturation,global,regional_csv
Synthetic Filaments,IND,India,thousand metric tons,1922,1998,1998,pre_saturation,national,regional_csv
Synthetic Filaments,CHN,China,thousand metric tons,1922,1997,1998,pre_saturation,national,regional_csv
Crude Oil,BRN,Brunei,thousand metric tons,1931,1979,2008,pre_saturation,national,regional_csv
Passenger Cars,MEX,Mexico,-,1924,2000,2000,pre_saturation,national,regional_csv
Synthetic Filaments,JPN,Japan,thousand metric tons,1922,1979,1985,saturating,national,regional_csv
Synthetic Filaments,AUS,Australia,thousand metric tons,1922,1971,1973,saturating,national,regional_csv
Crude Oil,BHR,Bahrain,thousand metric tons,1933,2000,2005,saturating,national,regional_csv
Beer Production,ZAF,South Africa,thousand hectolitres,1917,1989,1998,saturating,national,regional_csv
Railroad,PHL,Philippines,kilometers,1900,1917,1936,saturating,national,regional_csv
Beer Production,MOZ,Mozambique,thousand hectolitres,1930,2005,2005,pre_saturation,national,regional_csv
Beer Production,EGY,Egypt,thousand hectolitres,1925,1988,1990,saturating,national,regional_csv
Synthetic Filaments,ITA,Italy,thousand metric tons,1913,1990,1992,saturating,national,regional_csv
Sulphuric Acid,IND,India,thousand metric tons,1928,2003,2003,pre_saturation,national,regional_csv
Beer Production,FIN,Finland,thousand hectolitres,1932,1996,2007,pre_saturation,national,regional_csv
Passenger Cars,AUS,Australia,-,1923,1997,1997,pre_saturation,national,regional_csv
Radio,FIN,Finland,-,1926,1999,1999,pre_saturation,national,regional_csv
Nitric Acid,JPN,Japan,thousand metric tons,1930,1991,1995,saturating,national,regional_csv
Passenger Cars,ZAF,South Africa,-,1920,1996,1996,pre_saturation,national,regional_csv
Gold,FJI,Fiji,metric tons,1933,1997,2007,pre_saturation,national,regional_csv
Railroad,BWA,Botswana,kilometers,1920,1974,1993,saturating,national,regional_csv
Hydrochloric Acid,JPN,Japan,thousand metric tons,1930,1997,2003,pre_saturation,national,regional_csv
Steamships,AUT,Austria,-,1837,1912,1912,pre_saturation,national,regional_csv
Telephones,HUN,Hungary,-,1922,1998,1998,pre_saturation,national,regional_csv
Crude Oil,MAR,Morocco,thousand metric tons,1933,1963,2008,pre_saturation,national,regional_csv
Passenger Cars,VEN,Venezuela,-,1928,1983,2001,pre_saturation,national,regional_csv
Gold,PNG,Papua New Guinea,metric tons,1930,2000,2007,pre_saturation,national,regional_csv
Crude Oil,SAU,Saudi Arabia,thousand metric tons,1937,1980,2008,pre_saturation,national,regional_csv
Beer Production,JAM,Jamaica,thousand hectolitres,1937,1990,2007,pre_saturation,national,regional_csv
Cane Sugar,IRN,Iran,thousand metric tons,1940,2002,2010,pre_saturation,national,regional_csv
Synthetic Filaments,POL,Poland,thousand metric tons,1922,1980,1993,pre_saturation,national,regional_csv
Passenger Cars,NZL,New Zealand,-,1927,2000,2000,pre_saturation,national,regional_csv
Beer Production,KEN,Kenya,thousand hectolitres,1938,2007,2007,pre_saturation,national,regional_csv
Passenger Cars,PER,Peru,-,1927,1997,1997,pre_saturation,national,regional_csv
Crude Oil,HUN,Hungary,thousand metric tons,1939,2002,2008,pre_saturation,national,regional_csv
Telephones,IRL,Ireland,-,1924,1993,1993,pre_saturation,national,regional_csv
Beer Production,TZA,Tanzania,thousand hectolitres,1938,2007,2007,pre_saturation,national,regional_csv
Telegraph Traffic,GUY,Guyana,Number (millions),1884,1944,1950,saturating,national,regional_csv
Hydrochloric Acid,USA,United States of America,thousand metric tons,1929,2000,2003,pre_saturation,national,regional_csv
Postal Traffic,TUR,Turkey,Number (millions),1928,1992,1998,pre_saturation,national,regional_csv
Caustic Soda,USA,United States of America,thousand metric tons,1899,1979,1994,saturating,national,regional_csv
Telegraph Traffic,CAN,Canada,Number (millions),1912,1951,1953,saturating,national,regional_csv
Nitric Acid,USA,United States of America,thousand metric tons,1929,1997,2003,pre_saturation,national,regional_csv
Beer Production,DOM,Dominican Republic,thousand hectolitres,1936,2005,2006,pre_saturation,national,regional_csv
Synthetic Filaments,SWE,Sweden,thousand metric tons,1924,1983,1992,pre_saturation,national,regional_csv
Beer Production,PRT,Portugal,thousand hectolitres,1937,2006,2006,pre_saturation,national,regional_csv
Sulphuric Acid,GRC,Greece,thousand metric tons,1930,1997,2003,pre_saturation,national,regional_csv
Fluid Catalytic Cracking Refineries,World,World,MW,1940,2007,2007,pre_saturation,global,regional_csv
Telephones,IND,India,-,1915,1988,1988,pre_saturation,national,regional_csv
Telegraph Traffic,NGA,Nigeria,Number (millions),1901,1962,1972,pre_saturation,national,regional_csv
Sulphuric Acid,AUS,Australia,thousand metric tons,1928,1974,1995,pre_saturation,national,regional_csv
Beer Production,PAN,Panama,thousand hectolitres,1933,1999,2000,pre_saturation,national,regional_csv
Beer Production,TUR,Turkey,thousand hectolitres,1939,2006,2006,pre_saturation,national,regional_csv
Crude Oil,BRA,Brazil,thousand metric tons,1942,2008,2008,pre_saturation,national,regional_csv
Passenger Cars,IRQ,Iraq,-,1927,1989,1993,saturating,national,regional_csv
Passenger Cars,BEL,Belgium,-,1928,2001,2001,pre_saturation,national,regional_csv
Space Launches,World,World,-,1957,2022,2022,pre_saturation,global,regional_csv
Synthetic Filaments,ESP,Spain,thousand metric tons,1928,1985,1993,pre_saturation,national,regional_csv
Postal Traffic,MUS,Mauritius,Number (millions),1876,1905,1905,declining_structural,national,regional_csv
Cane Sugar,MMR,Myanmar,thousand metric tons,1945,2008,2010,saturating,national,regional_csv
Milk Production,URY,Uruguay,thousand metric tons,1937,2009,2010,pre_saturation,national,regional_csv
Telephones,PRT,Portugal,-,1929,1998,1998,pre_saturation,national,regional_csv
Space Launches,RUS,Russia,-,1957,1981,2022,pre_saturation,national,regional_csv
Passenger Cars,PAN,Panama,-,1928,1997,1997,pre_saturation,national,regional_csv
Milk Production,TUR,Turkey,thousand metric tons,1945,2010,2010,pre_saturation,national,regional_csv
Nuclear Weapons,USA,United States,-,1945,1967,2010,pre_saturation,national,regional_csv
Telephones,ARG,Argentina,-,1913,1988,1988,pre_saturation,national,regional_csv
Railroad,IRQ,Iraq,kilometers,1921,1972,1975,saturating,national,regional_csv
Telegraph Traffic,URY,Uruguay,Number (millions),1910,1962,1978,pre_saturation,national,regional_csv
Passenger Cars,TUR,Turkey,-,1930,2003,2003,pre_saturation,national,regional_csv
Telephones,LKA,Sri Lanka,-,1922,1988,1988,pre_saturation,national,regional_csv
Telegraph Traffic,COL,Colombia,Number (millions),1911,1982,1987,pre_saturation,national,regional_csv
Milk Production,ITA,Italy,thousand metric tons,1946,2000,2010,pre_saturation,national,regional_csv
Milk Production,ZAF,South Africa,thousand metric tons,1946,2010,2010,pre_saturation,national,regional_csv
Space Launches,USA,United States,-,1958,2022,2022,pre_saturation,national,regional_csv
Crude Oil,CUB,Cuba,thousand metric tons,1944,2003,2008,pre_saturation,national,regional_csv
Passenger Cars,EGY,Egypt,-,1928,1997,1997,pre_saturation,national,regional_csv
Cane Sugar,TZA,Tanzania,thousand metric tons,1946,2010,2010,pre_saturation,national,regional_csv
Railroad,SYR,Syria,kilometers,1922,1988,1988,pre_saturation,national,regional_csv
Synthetic Filaments,COL,Colombia,thousand metric tons,1939,1993,2003,pre_saturation,national,regional_csv
Passenger Cars,IND,India,-,1935,2000,2000,pre_saturation,national,regional_csv
Zinc,PER,Peru,thousand metric tons,1940,2001,2003,pre_saturation,national,regional_csv
Beer Production,ISR,Israel,thousand hectolitres,1935,1993,1998,pre_saturation,national,regional_csv
Passenger Cars,MWI,Malawi,-,1926,1990,1992,pre_saturation,national,regional_csv
Telephones,ZAF,South Africa,-,1925,1988,1988,pre_saturation,national,regional_csv
Postal Traffic,DZA,Algeria,Number (millions),1926,1993,1993,pre_saturation,national,regional_csv
Crude Oil,NLD,Netherlands,thousand metric tons,1946,1986,2008,pre_saturation,national,regional_csv
Crude Oil,KWT,Kuwait,thousand metric tons,1946,1972,2008,pre_saturation,national,regional_csv
Synthetic Filaments,ARG,Argentina,thousand metric tons,1936,1986,1998,pre_saturation,national,regional_csv
Telephones,BRA,Brazil,-,1907,1988,1988,pre_saturation,national,regional_csv
Cane Sugar,PAK,Pakistan,thousand metric tons,1948,2008,2010,pre_saturation,national,regional_csv
Passenger Cars,THA,Thailand,-,1930,1997,1997,pre_saturation,national,regional_csv
Beer Production,PRY,Paraguay,thousand hectolitres,1930,1993,1993,pre_saturation,national,regional_csv
Milk Production,ISR,Israel,thousand metric tons,1948,2008,2010,saturating,national,regional_csv
Cane Sugar,ZWE,Zimbabwe,thousand metric tons,1948,1999,2010,pre_saturation,national,regional_csv
Beer Production,GTM,Guatemala,thousand hectolitres,1931,1996,2000,pre_saturation,national,regional_csv
Passenger Cars,PRT,Portugal,-,1931,1993,1998,pre_saturation,national,regional_csv
Sulphuric Acid,PER,Peru,thousand metric tons,1942,2003,2003,pre_saturation,national,regional_csv
Cane Sugar,CHN,China,thousand metric tons,1949,2008,2010,pre_saturation,national,regional_csv
Zinc,ARG,Argentina,thousand metric tons,1942,1998,2003,saturating,national,regional_csv
Crude Oil,TUR,Turkey,thousand metric tons,1947,1991,2008,pre_saturation,national,regional_csv
Nuclear Weapons,RUS,Russia,-,1949,1986,2010,pre_saturation,national,regional_csv
Nickel Production,ZAF,South Africa,thousand metric tons,1941,2003,2004,pre_saturation,national,regional_csv
Steamships,ITA,Italy,-,1862,1924,1925,pre_saturation,national,regional_csv
Milk Production,EGY,Egypt,thousand metric tons,1947,2008,2010,pre_saturation,national,regional_csv
Aquaculture Production,LAO,Lao PDR,metric tons,1960,2020,2020,pre_saturation,national,regional_csv
Aquaculture Production,LTU,Lithuania,metric tons,1960,1991,2020,pre_saturation,national,regional_csv
Aquaculture Production,MOZ,Mozambique,metric tons,1960,2003,2020,pre_saturation,national,regional_csv
Aquaculture Production,MWI,Malawi,metric tons,1960,2017,2020,pre_saturation,national,regional_csv
Aquaculture Production,MAR,Morocco,metric tons,1960,1999,2020,pre_saturation,national,regional_csv
Aquaculture Production,KOR,"Korea, Rep.",metric tons,1960,2019,2020,pre_saturation,national,regional_csv
Aquaculture Production,MNE,Montenegro,metric tons,1960,2018,2020,pre_saturation,national,regional_csv
Aquaculture Production,KGZ,Kyrgyz Republic,metric tons,1960,2019,2020,pre_saturation,national,regional_csv
Crude Oil,PAK,Pakistan,thousand metric tons,1948,1991,2008,pre_saturation,national,regional_csv
Aquaculture Production,MUS,Mauritius,metric tons,1960,2020,2020,pre_saturation,national,regional_csv
Aquaculture Production,MDG,Madagascar,metric tons,1960,2017,2020,pre_saturation,national,regional_csv
Aquaculture Production,MEX,Mexico,metric tons,1960,2020,2020,pre_saturation,national,regional_csv
Aquaculture Production,MDA,Moldova,metric tons,1960,2019,2020,pre_saturation,national,regional_csv
Aquaculture Production,MLT,Malta,metric tons,1960,2020,2020,pre_saturation,national,regional_csv
Aquaculture Production,LBY,Libya,metric tons,1960,2005,2020,pre_saturation,national,regional_csv
Aquaculture Production,LBR,Liberia,metric tons,1960,2020,2020,pre_saturation,national,regional_csv
Aquaculture Production,KWT,Kuwait,metric tons,1960,2006,2020,pre_saturation,national,regional_csv
Aquaculture Production,LSO,Lesotho,metric tons,1960,2020,2020,pre_saturation,national,regional_csv
Aquaculture Production,KIR,Kiribati,metric tons,1960,2000,2020,pre_saturation,national,regional_csv
Aquaculture Production,MLI,Mali,metric tons,1960,2020,2020,pre_saturation,national,regional_csv
Aquaculture Production,LVA,Latvia,metric tons,1960,1989,2020,pre_saturation,national,regional_csv
Aquaculture Production,PRK,"Korea, Dem. People's Rep.",metric tons,1960,1989,2020,pre_saturation,national,regional_csv
Aquaculture Production,MHL,Marshall Islands,metric tons,1960,2020,2020,pre_saturation,national,regional_csv
Aquaculture Production,MYS,Malaysia,metric tons,1960,2012,2020,pre_saturation,national,regional_csv
Aquaculture Production,FSM,"Micronesia, Fed. Sts.",metric tons,1960,1985,2020,pre_saturation,national,regional_csv
Aquaculture Production,LBN,Lebanon,metric tons,1960,2011,2020,pre_saturation,national,regional_csv
Aquaculture Production,AFG,Afghanistan,metric tons,1960,2020,2020,pre_saturation,national,regional_csv
Aquaculture Production,KEN,Kenya,metric tons,1960,2014,2020,pre_saturation,national,regional_csv
Aquaculture Production,BWA,Botswana,metric tons,1960,2020,2020,pre_saturation,national,regional_csv
Aquaculture Production,VGB,British Virgin Islands,metric tons,1960,2017,2020,saturating,national,regional_csv
Aquaculture Production,BRN,Brunei Darussalam,metric tons,1960,2020,2020,pre_saturation,national,regional_csv
Aquaculture Production,BGR,Bulgaria,metric tons,1960,2019,2020,pre_saturation,national,regional_csv
Aquaculture Production,BFA,Burkina Faso,metric tons,1960,2020,2020,pre_saturation,national,regional_csv
Aquaculture Production,BDI,Burundi,metric tons,1960,2019,2020,pre_saturation,national,regional_csv
Aquaculture Production,CPV,Cabo Verde,metric tons,1960,2020,2020,pre_saturation,national,regional_csv
Aquaculture Production,KHM,Cambodia,metric tons,1960,2020,2020,pre_saturation,national,regional_csv
Aquaculture Production,CMR,Cameroon,metric tons,1960,2020,2020,pre_saturation,national,regional_csv
Aquaculture Production,CAN,Canada,metric tons,1960,2016,2018,saturating,national,regional_csv
Aquaculture Production,CAF,Central African Republic,metric tons,1960,1992,2020,pre_saturation,national,regional_csv
Aquaculture Production,TCD,Chad,metric tons,1960,2015,2020,pre_saturation,national,regional_csv
Aquaculture Production,CHL,Chile,metric tons,1960,2020,2020,pre_saturation,national,regional_csv
Aquaculture Production,CHN,China,metric tons,1960,2020,2020,pre_saturation,national,regional_csv
Aquaculture Production,COL,Colombia,metric tons,1960,2020,2020,pre_saturation,national,regional_csv
Aquaculture Production,COD,"Congo, Dem. Rep.",metric tons,1960,2020,2020,pre_saturation,national,regional_csv
Telegraph Traffic,CHN,China,Number (millions),1929,1988,1993,pre_saturation,national,regional_csv
Aquaculture Production,COG,"Congo, Rep.",metric tons,1960,2020,2020,pre_saturation,national,regional_csv
Aquaculture Production,CRI,Costa Rica,metric tons,1960,2013,2020,pre_saturation,national,regional_csv
Aquaculture Production,CIV,Cote d'Ivoire,metric tons,1960,2019,2020,pre_saturation,national,regional_csv
Aquaculture Production,HRV,Croatia,metric tons,1960,2020,2020,pre_saturation,national,regional_csv
Aquaculture Production,CUB,Cuba,metric tons,1960,1999,2020,pre_saturation,national,regional_csv
Aquaculture Production,BRA,Brazil,metric tons,1960,2020,2020,pre_saturation,national,regional_csv
Aquaculture Production,BIH,Bosnia and Herzegovina,metric tons,1960,2006,2010,saturating,national,regional_csv
Aquaculture Production,CYP,Cyprus,metric tons,1960,2019,2020,pre_saturation,national,regional_csv
Aquaculture Production,BOL,Bolivia,metric tons,1960,2019,2020,pre_saturation,national,regional_csv
Aquaculture Production,ALB,Albania,metric tons,1960,2020,2020,pre_saturation,national,regional_csv
Aquaculture Production,World,World,metric tons,1960,2020,2020,pre_saturation,global,regional_csv
Aquaculture Production,DZA,Algeria,metric tons,1960,2020,2020,pre_saturation,national,regional_csv
Aquaculture Production,ASM,American Samoa,metric tons,1960,2011,2020,saturating,national,regional_csv
Aquaculture Production,AGO,Angola,metric tons,1960,2020,2020,pre_saturation,national,regional_csv
Aquaculture Production,ATG,Antigua and Barbuda,metric tons,1960,2014,2020,saturating,national,regional_csv
Aquaculture Production,ARG,Argentina,metric tons,1960,2014,2020,pre_saturation,national,regional_csv
Aquaculture Production,ARM,Armenia,metric tons,1960,2020,2020,pre_saturation,national,regional_csv
Aquaculture Production,ABW,Aruba,metric tons,1960,2011,2020,pre_saturation,national,regional_csv
Aquaculture Production,AUS,Australia,metric tons,1960,2020,2020,pre_saturation,national,regional_csv
Aquaculture Production,AUT,Austria,metric tons,1960,2020,2020,pre_saturation,national,regional_csv
Aquaculture Production,AZE,Azerbaijan,metric tons,1960,1991,2020,pre_saturation,national,regional_csv
Aquaculture Production,BHS,"Bahamas, The",metric tons,1960,2005,2020,pre_saturation,national,regional_csv
Aquaculture Production,BHR,Bahrain,metric tons,1960,2016,2020,pre_saturation,national,regional_csv
Aquaculture Production,BGD,Bangladesh,metric tons,1960,2020,2020,pre_saturation,national,regional_csv
Aquaculture Production,BRB,Barbados,metric tons,1960,2016,2020,saturating,national,regional_csv
Aquaculture Production,BLR,Belarus,metric tons,1960,1989,2020,pre_saturation,national,regional_csv
Aquaculture Production,BEL,Belgium,metric tons,1960,2000,2002,saturating,national,regional_csv
Aquaculture Production,BLZ,Belize,metric tons,1960,2004,2020,pre_saturation,national,regional_csv
Aquaculture Production,BEN,Benin,metric tons,1960,2019,2020,pre_saturation,national,regional_csv
Aquaculture Production,BTN,Bhutan,metric tons,1960,2018,2020,pre_saturation,national,regional_csv
Aquaculture Production,CUW,Curacao,metric tons,1960,2015,2018,saturating,national,regional_csv
Aquaculture Production,CZE,Czechia,metric tons,1960,2018,2020,pre_saturation,national,regional_csv
Aquaculture Production,KAZ,Kazakhstan,metric tons,1960,1991,2020,pre_saturation,national,regional_csv
Aquaculture Production,GTM,Guatemala,metric tons,1960,2020,2020,pre_saturation,national,regional_csv
Aquaculture Production,GNB,Guinea-Bissau,metric tons,1960,2017,2020,pre_saturation,national,regional_csv
Passenger Cars,DOM,Dominican Republic,-,1928,1996,1996,pre_saturation,national,regional_csv
Passenger Cars,KEN,Kenya,-,1932,1997,1997,pre_saturation,national,regional_csv
Aquaculture Production,GUY,Guyana,metric tons,1960,2017,2020,pre_saturation,national,regional_csv
Aquaculture Production,HTI,Haiti,metric tons,1960,2019,2020,pre_saturation,national,regional_csv
Aquaculture Production,HND,Honduras,metric tons,1960,2020,2020,pre_saturation,national,regional_csv
Aquaculture Production,HKG,"Hong Kong SAR, China",metric tons,1960,1988,2020,pre_saturation,national,regional_csv
Aquaculture Production,HUN,Hungary,metric tons,1960,1983,2020,pre_saturation,national,regional_csv
Aquaculture Production,ISL,Iceland,metric tons,1960,2020,2020,pre_saturation,national,regional_csv
Aquaculture Production,IND,India,metric tons,1960,2020,2020,pre_saturation,national,regional_csv
Aquaculture Production,IDN,Indonesia,metric tons,1960,2017,2019,saturating,national,regional_csv
Aquaculture Production,IRN,"Iran, Islamic Rep.",metric tons,1960,2020,2020,pre_saturation,national,regional_csv
Aquaculture Production,IRQ,Iraq,metric tons,1960,2017,2020,pre_saturation,national,regional_csv
Aquaculture Production,IRL,Ireland,metric tons,1960,2002,2020,pre_saturation,national,regional_csv
Aquaculture Production,ISR,Israel,metric tons,1960,2005,2007,saturating,national,regional_csv
Aquaculture Production,ITA,Italy,metric tons,1960,2001,2020,pre_saturation,national,regional_csv
Aquaculture Production,JAM,Jamaica,metric tons,1960,2006,2020,pre_saturation,national,regional_csv
Aquaculture Production,JPN,Japan,metric tons,1960,1988,1995,saturating,national,regional_csv
Aquaculture Production,JOR,Jordan,metric tons,1960,2020,2020,pre_saturation,national,regional_csv
Aquaculture Production,GIN,Guinea,metric tons,1960,2020,2020,pre_saturation,national,regional_csv
Aquaculture Production,GUM,Guam,metric tons,1960,2002,2020,pre_saturation,national,regional_csv
Aquaculture Production,DNK,Denmark,metric tons,1960,1995,2020,pre_saturation,national,regional_csv
Aquaculture Production,GRD,Grenada,metric tons,1960,2016,2020,pre_saturation,national,regional_csv
Aquaculture Production,DMA,Dominica,metric tons,1960,2006,2009,saturating,national,regional_csv
Aquaculture Production,DOM,Dominican Republic,metric tons,1960,1994,2020,pre_saturation,national,regional_csv
Aquaculture Production,ECU,Ecuador,metric tons,1960,2020,2020,pre_saturation,national,regional_csv
Aquaculture Production,EGY,"Egypt, Arab Rep.",metric tons,1960,2019,2020,pre_saturation,national,regional_csv
Aquaculture Production,SLV,El Salvador,metric tons,1960,2019,2020,pre_saturation,national,regional_csv
Aquaculture Production,GNQ,Equatorial Guinea,metric tons,1960,2011,2020,pre_saturation,national,regional_csv
Aquaculture Production,ERI,Eritrea,metric tons,1960,2003,2020,pre_saturation,national,regional_csv
Aquaculture Production,EST,Estonia,metric tons,1960,1991,2020,pre_saturation,national,regional_csv
Aquaculture Production,SWZ,Eswatini,metric tons,1960,2010,2020,pre_saturation,national,regional_csv
Aquaculture Production,ETH,Ethiopia,metric tons,1960,2020,2020,pre_saturation,national,regional_csv
Aquaculture Production,FRO,Faroe Islands,metric tons,1960,2019,2020,pre_saturation,national,regional_csv
Aquaculture Production,FJI,Fiji,metric tons,1960,1999,2020,pre_saturation,national,regional_csv
Aquaculture Production,FIN,Finland,metric tons,1960,1991,2020,pre_saturation,national,regional_csv
Aquaculture Production,PYF,French Polynesia,metric tons,1960,2005,2020,pre_saturation,national,regional_csv
Aquaculture Production,GAB,Gabon,metric tons,1960,1999,2020,pre_saturation,national,regional_csv
Aquaculture Production,GMB,"Gambia, The",metric tons,1960,2006,2020,pre_saturation,national,regional_csv
Aquaculture Production,GEO,Georgia,metric tons,1960,1991,2020,pre_saturation,national,regional_csv
Aquaculture Production,DEU,Germany,metric tons,1960,1984,2020,pre_saturation,national,regional_csv
Aquaculture Production,GHA,Ghana,metric tons,1960,2018,2020,pre_saturation,national,regional_csv
Aquaculture Production,GRC,Greece,metric tons,1960,2018,2020,saturating,national,regional_csv
Aquaculture Production,MMR,Myanmar,metric tons,1960,2020,2020,pre_saturation,national,regional_csv
Capture Fisheries,ABW,Aruba,metric tons,1960,1978,1985,saturating,national,regional_csv
Aquaculture Production,NRU,Nauru,metric tons,1960,2012,2020,pre_saturation,national,regional_csv
Capture Fisheries,LVA,Latvia,metric tons,1960,1988,2020,pre_saturation,national,regional_csv
Capture Fisheries,LSO,Lesotho,metric tons,1960,2020,2020,pre_saturation,national,regional_csv
Capture Fisheries,LBR,Liberia,metric tons,1960,2020,2020,pre_saturation,national,regional_csv
Capture Fisheries,LBY,Libya,metric tons,1960,2009,2020,pre_saturation,national,regional_csv
Capture Fisheries,LTU,Lithuania,metric tons,1960,1991,2020,pre_saturation,national,regional_csv
Capture Fisheries,MUS,Mauritius,metric tons,1960,2019,2020,pre_saturation,national,regional_csv
Capture Fisheries,MDG,Madagascar,metric tons,1960,2017,2020,pre_saturation,national,regional_csv
Capture Fisheries,MWI,Malawi,metric tons,1960,2018,2020,pre_saturation,national,regional_csv
Capture Fisheries,MYS,Malaysia,metric tons,1960,2016,2020,pre_saturation,national,regional_csv
Capture Fisheries,MDV,Maldives,metric tons,1960,2005,2020,pre_saturation,national,regional_csv
Capture Fisheries,MLT,Malta,metric tons,1960,1996,2020,pre_saturation,national,regional_csv
Capture Fisheries,MHL,Marshall Islands,metric tons,1960,2019,2020,pre_saturation,national,regional_csv
Capture Fisheries,LAO,Lao PDR,metric tons,1960,2020,2020,pre_saturation,national,regional_csv
Capture Fisheries,KGZ,Kyrgyz Republic,metric tons,1960,1990,2020,pre_saturation,national,regional_csv
Capture Fisheries,KOR,"Korea, Rep.",metric tons,1960,1986,2020,pre_saturation,national,regional_csv
Capture Fisheries,IND,India,metric tons,1960,2017,2020,saturating,national,regional_csv
Capture Fisheries,IDN,Indonesia,metric tons,1960,2018,2020,pre_saturation,national,regional_csv
Capture Fisheries,IRN,"Iran, Islamic Rep.",metric tons,1960,2019,2020,pre_saturation,national,regional_csv
Capture Fisheries,IRQ,Iraq,metric tons,1960,2006,2020,pre_saturation,national,regional_csv
Capture Fisheries,IRL,Ireland,metric tons,1960,1995,2020,pre_saturation,national,regional_csv
Capture Fisheries,JAM,Jamaica,metric tons,1960,1994,1996,saturating,national,regional_csv
Capture Fisheries,JPN,Japan,metric tons,1960,1984,1988,saturating,national,regional_csv
Capture Fisheries,KAZ,Kazakhstan,metric tons,1960,1989,2020,pre_saturation,national,regional_csv
Capture Fisheries,KEN,Kenya,metric tons,1960,2000,2020,pre_saturation,national,regional_csv
Capture Fisheries,KIR,Kiribati,metric tons,1960,2019,2020,pre_saturation,national,regional_csv
Capture Fisheries,MRT,Mauritania,metric tons,1960,2018,2020,pre_saturation,national,regional_csv
Capture Fisheries,MEX,Mexico,metric tons,1960,2018,2020,pre_saturation,national,regional_csv
Aquaculture Production,NPL,Nepal,metric tons,1960,2020,2020,pre_saturation,national,regional_csv
Capture Fisheries,PHL,Philippines,metric tons,1960,2008,2010,saturating,national,regional_csv
Capture Fisheries,OMN,Oman,metric tons,1960,2020,2020,pre_saturation,national,regional_csv
Capture Fisheries,PAK,Pakistan,metric tons,1960,1999,2020,pre_saturation,national,regional_csv
Capture Fisheries,PLW,Palau,metric tons,1960,1978,2020,pre_saturation,national,regional_csv
Capture Fisheries,PAN,Panama,metric tons,1960,1985,2020,pre_saturation,national,regional_csv
Capture Fisheries,PNG,Papua New Guinea,metric tons,1960,2018,2020,pre_saturation,national,regional_csv
Capture Fisheries,PRY,Paraguay,metric tons,1960,1997,2000,saturating,national,regional_csv
Capture Fisheries,POL,Poland,metric tons,1960,1975,2020,pre_saturation,national,regional_csv
Capture Fisheries,FSM,"Micronesia, Fed. Sts.",metric tons,1960,2020,2020,pre_saturation,national,regional_csv
Capture Fisheries,QAT,Qatar,metric tons,1960,2008,2020,pre_saturation,national,regional_csv
Capture Fisheries,ROU,Romania,metric tons,1960,1987,2020,pre_saturation,national,regional_csv
Capture Fisheries,RUS,Russian Federation,metric tons,1960,1989,2020,pre_saturation,national,regional_csv
Capture Fisheries,RWA,Rwanda,metric tons,1960,2020,2020,pre_saturation,national,regional_csv
Capture Fisheries,WSM,Samoa,metric tons,1960,2007,2020,pre_saturation,national,regional_csv
Capture Fisheries,NOR,Norway,metric tons,1960,1977,2020,pre_saturation,national,regional_csv
Capture Fisheries,MNP,Northern Mariana Islands,metric tons,1960,2001,2020,pre_saturation,national,regional_csv
Capture Fisheries,MKD,North Macedonia,metric tons,1960,2020,2020,pre_saturation,national,regional_csv
Capture Fisheries,NGA,Nigeria,metric tons,1960,2017,2020,pre_saturation,national,regional_csv
Capture Fisheries,MDA,Moldova,metric tons,1960,1990,2020,pre_saturation,national,regional_csv
Capture Fisheries,MCO,Monaco,metric tons,1960,1992,2004,saturating,national,regional_csv
Capture Fisheries,MNG,Mongolia,metric tons,1960,1979,2020,pre_saturation,national,regional_csv
Capture Fisheries,MNE,Montenegro,metric tons,1960,2008,2020,pre_saturation,national,regional_csv
Capture Fisheries,MAR,Morocco,metric tons,1960,2019,2020,pre_saturation,national,regional_csv
Capture Fisheries,MOZ,Mozambique,metric tons,1960,2019,2020,pre_saturation,national,regional_csv
Capture Fisheries,MMR,Myanmar,metric tons,1960,2017,2020,pre_saturation,national,regional_csv
Capture Fisheries,NRU,Nauru,metric tons,1960,2020,2020,pre_saturation,national,regional_csv
Capture Fisheries,NPL,Nepal,metric tons,1960,2008,2020,saturating,national,regional_csv
Capture Fisheries,NLD,Netherlands,metric tons,1960,2005,2020,pre_saturation,national,regional_csv
Capture Fisheries,NCL,New Caledonia,metric tons,1960,1987,2020,pre_saturation,national,regional_csv
Capture Fisheries,NZL,New Zealand,metric tons,1960,1997,2020,pre_saturation,national,regional_csv
Capture Fisheries,NIC,Nicaragua,metric tons,1960,2018,2020,pre_saturation,national,regional_csv
Capture Fisheries,NER,Niger,metric tons,1960,2003,2020,pre_saturation,national,regional_csv
Capture Fisheries,ISL,Iceland,metric tons,1960,1997,2020,pre_saturation,national,regional_csv
Capture Fisheries,HUN,Hungary,metric tons,1960,1984,2020,pre_saturation,national,regional_csv
Capture Fisheries,HKG,"Hong Kong SAR, China",metric tons,1960,1989,2020,pre_saturation,national,regional_csv
Capture Fisheries,CAF,Central African Republic,metric tons,1960,2010,2020,pre_saturation,national,regional_csv
Capture Fisheries,BFA,Burkina Faso,metric tons,1960,2020,2020,pre_saturation,national,regional_csv
Capture Fisheries,CPV,Cabo Verde,metric tons,1960,2015,2020,pre_saturation,national,regional_csv
Capture Fisheries,KHM,Cambodia,metric tons,1960,2013,2017,saturating,national,regional_csv
Capture Fisheries,CMR,Cameroon,metric tons,1960,2019,2020,pre_saturation,national,regional_csv
Capture Fisheries,CAN,Canada,metric tons,1960,1988,1990,saturating,national,regional_csv
Capture Fisheries,CYM,Cayman Islands,metric tons,1960,1981,2020,pre_saturation,national,regional_csv
Capture Fisheries,HND,Honduras,metric tons,1960,1991,2020,pre_saturation,national,regional_csv
Capture Fisheries,CHL,Chile,metric tons,1960,1994,2020,pre_saturation,national,regional_csv
Capture Fisheries,CHN,China,metric tons,1960,2015,2020,pre_saturation,national,regional_csv
Capture Fisheries,COL,Colombia,metric tons,1960,1997,2020,pre_saturation,national,regional_csv
Capture Fisheries,COM,Comoros,metric tons,1960,2010,2020,pre_saturation,national,regional_csv
Capture Fisheries,COD,"Congo, Dem. Rep.",metric tons,1960,2000,2007,saturating,national,regional_csv
Capture Fisheries,COG,"Congo, Rep.",metric tons,1960,2018,2020,pre_saturation,national,regional_csv
Capture Fisheries,CRI,Costa Rica,metric tons,1960,2000,2020,pre_saturation,national,regional_csv
Capture Fisheries,BGR,Bulgaria,metric tons,1960,1976,2020,pre_saturation,national,regional_csv
Capture Fisheries,BRN,Brunei Darussalam,metric tons,1960,2019,2020,pre_saturation,national,regional_csv
Capture Fisheries,VGB,British Virgin Islands,metric tons,1960,2003,2020,pre_saturation,national,regional_csv
Capture Fisheries,BRA,Brazil,metric tons,1960,1985,1987,saturating,national,regional_csv
Capture Fisheries,AZE,Azerbaijan,metric tons,1960,1988,2020,pre_saturation,national,regional_csv
Capture Fisheries,BHS,"Bahamas, The",metric tons,1960,2012,2020,pre_saturation,national,regional_csv
Capture Fisheries,BHR,Bahrain,metric tons,1960,2012,2020,pre_saturation,national,regional_csv
Capture Fisheries,BGD,Bangladesh,metric tons,1960,2020,2020,pre_saturation,national,regional_csv
Capture Fisheries,BLR,Belarus,metric tons,1960,1989,2020,pre_saturation,national,regional_csv
Capture Fisheries,BLZ,Belize,metric tons,1960,2010,2020,pre_saturation,national,regional_csv
Capture Fisheries,BMU,Bermuda,metric tons,1960,1978,2020,pre_saturation,national,regional_csv
Capture Fisheries,BOL,Bolivia,metric tons,1960,2019,2020,pre_saturation,national,regional_csv
Capture Fisheries,BIH,Bosnia and Herzegovina,metric tons,1960,2004,2020,saturating,national,regional_csv
Capture Fisheries,CIV,Cote d'Ivoire,metric tons,1960,2018,2020,pre_saturation,national,regional_csv
Capture Fisheries,HRV,Croatia,metric tons,1960,2014,2020,pre_saturation,national,regional_csv
Capture Fisheries,CUB,Cuba,metric tons,1960,1986,2020,pre_saturation,national,regional_csv
Capture Fisheries,GAB,Gabon,metric tons,1960,1998,2020,pre_saturation,national,regional_csv
Capture Fisheries,GMB,"Gambia, The",metric tons,1960,2017,2020,pre_saturation,national,regional_csv
Capture Fisheries,GEO,Georgia,metric tons,1960,2019,2020,pre_saturation,national,regional_csv
Capture Fisheries,GHA,Ghana,metric tons,1960,1999,2020,pre_saturation,national,regional_csv
Capture Fisheries,GRL,Greenland,metric tons,1960,2017,2020,pre_saturation,national,regional_csv
Capture Fisheries,GRD,Grenada,metric tons,1960,1977,2020,pre_saturation,national,regional_csv
Capture Fisheries,GUM,Guam,metric tons,1960,2001,2020,pre_saturation,national,regional_csv
Capture Fisheries,GTM,Guatemala,metric tons,1960,2000,2020,pre_saturation,national,regional_csv
Capture Fisheries,GIN,Guinea,metric tons,1960,2019,2020,pre_saturation,national,regional_csv
Capture Fisheries,GNB,Guinea-Bissau,metric tons,1960,2020,2020,pre_saturation,national,regional_csv
Capture Fisheries,GUY,Guyana,metric tons,1960,2003,2020,pre_saturation,national,regional_csv
Capture Fisheries,HTI,Haiti,metric tons,1960,2011,2020,saturating,national,regional_csv
Capture Fisheries,PYF,French Polynesia,metric tons,1960,2014,2020,pre_saturation,national,regional_csv
Capture Fisheries,FIN,Finland,metric tons,1960,2016,2020,pre_saturation,national,regional_csv
Capture Fisheries,CUW,Curacao,metric tons,1960,2018,2020,pre_saturation,national,regional_csv
Capture Fisheries,FJI,Fiji,metric tons,1960,2004,2007,saturating,national,regional_csv
Capture Fisheries,CYP,Cyprus,metric tons,1960,2002,2020,pre_saturation,national,regional_csv
Capture Fisheries,CZE,Czechia,metric tons,1960,2003,2020,pre_saturation,national,regional_csv
Capture Fisheries,DNK,Denmark,metric tons,1960,1980,2020,pre_saturation,national,regional_csv
Capture Fisheries,DMA,Dominica,metric tons,1960,1982,2020,pre_saturation,national,regional_csv
Capture Fisheries,DOM,Dominican Republic,metric tons,1960,1994,2020,pre_saturation,national,regional_csv
Capture Fisheries,ECU,Ecuador,metric tons,1960,1985,2020,pre_saturation,national,regional_csv
Capture Fisheries,EGY,"Egypt, Arab Rep.",metric tons,1960,2003,2020,pre_saturation,national,regional_csv
Capture Fisheries,SLV,El Salvador,metric tons,1960,2014,2020,pre_saturation,national,regional_csv
Capture Fisheries,GNQ,Equatorial Guinea,metric tons,1960,2012,2020,pre_saturation,national,regional_csv
Capture Fisheries,ERI,Eritrea,metric tons,1960,2000,2020,pre_saturation,national,regional_csv
Capture Fisheries,EST,Estonia,metric tons,1960,1988,2020,pre_saturation,national,regional_csv
Capture Fisheries,SWZ,Eswatini,metric tons,1960,1988,2020,pre_saturation,national,regional_csv
Capture Fisheries,FRO,Faroe Islands,metric tons,1960,2017,2020,pre_saturation,national,regional_csv
Capture Fisheries,STP,Sao Tome and Principe,metric tons,1960,2016,2020,pre_saturation,national,regional_csv
Capture Fisheries,SAU,Saudi Arabia,metric tons,1960,2013,2020,pre_saturation,national,regional_csv
Aquaculture Production,SDN,Sudan,metric tons,1960,2018,2020,saturating,national,regional_csv
Aquaculture Production,TJK,Tajikistan,metric tons,1960,1991,2020,pre_saturation,national,regional_csv
Aquaculture Production,SYR,Syrian Arab Republic,metric tons,1960,2006,2010,saturating,national,regional_csv
Aquaculture Production,CHE,Switzerland,metric tons,1960,2019,2020,pre_saturation,national,regional_csv
Aquaculture Production,SWE,Sweden,metric tons,1960,2016,2020,pre_saturation,national,regional_csv
Tin,BRA,Brazil,thousand metric tons,1943,1989,2003,pre_saturation,national,regional_csv
Aquaculture Production,SUR,Suriname,metric tons,1960,2001,2020,pre_saturation,national,regional_csv
Aquaculture Production,VCT,St. Vincent and the Grenadines,metric tons,1960,2020,2020,pre_saturation,national,regional_csv
Aquaculture Production,THA,Thailand,metric tons,1960,2009,2020,pre_saturation,national,regional_csv
Aquaculture Production,LCA,St. Lucia,metric tons,1960,1999,2020,pre_saturation,national,regional_csv
Aquaculture Production,KNA,St. Kitts and Nevis,metric tons,1960,1989,1991,saturating,national,regional_csv
Aquaculture Production,LKA,Sri Lanka,metric tons,1960,2020,2020,pre_saturation,national,regional_csv
Aquaculture Production,ESP,Spain,metric tons,1960,2018,2020,pre_saturation,national,regional_csv
Aquaculture Production,SSD,South Sudan,metric tons,1960,2020,2020,pre_saturation,national,regional_csv
Aquaculture Production,ZAF,South Africa,metric tons,1960,2020,2020,pre_saturation,national,regional_csv
Aquaculture Production,TZA,Tanzania,metric tons,1960,2015,2020,pre_saturation,national,regional_csv
Aquaculture Production,SVN,Slovenia,metric tons,1960,2019,2020,pre_saturation,national,regional_csv
Aquaculture Production,TUV,Tuvalu,metric tons,1960,2003,2020,pre_saturation,national,regional_csv
Aquaculture Production,USA,United States,metric tons,1960,2004,2020,pre_saturation,national,regional_csv
Aquaculture Production,GBR,United Kingdom,metric tons,1960,2014,2020,pre_saturation,national,regional_csv
Milk Production,ZWE,Zimbabwe,thousand metric tons,1947,2010,2010,pre_saturation,national,regional_csv
Aquaculture Production,ARE,United Arab Emirates,metric tons,1960,2017,2019,saturating,national,regional_csv
Capture Fisheries,SEN,Senegal,metric tons,1960,2017,2020,pre_saturation,national,regional_csv
Aquaculture Production,UGA,Uganda,metric tons,1960,2020,2020,pre_saturation,national,regional_csv
Aquaculture Production,TCA,Turks and Caicos Islands,metric tons,1960,1987,2020,pre_saturation,national,regional_csv
Aquaculture Production,TLS,Timor-Leste,metric tons,1960,2010,2020,pre_saturation,national,regional_csv
Aquaculture Production,TKM,Turkmenistan,metric tons,1960,1989,2020,pre_saturation,national,regional_csv
Aquaculture Production,TUR,Turkiye,metric tons,1960,2020,2020,pre_saturation,national,regional_csv
Aquaculture Production,TUN,Tunisia,metric tons,1960,2020,2020,pre_saturation,national,regional_csv
Aquaculture Production,TTO,Trinidad and Tobago,metric tons,1960,2019,2020,pre_saturation,national,regional_csv
Aquaculture Production,TON,Tonga,metric tons,1960,2008,2012,saturating,national,regional_csv
Aquaculture Production,TGO,Togo,metric tons,1960,2019,2020,pre_saturation,national,regional_csv
Aquaculture Production,SLB,Solomon Islands,metric tons,1960,2015,2020,pre_saturation,national,regional_csv
Aquaculture Production,SVK,Slovak Republic,metric tons,1960,2019,2020,pre_saturation,national,regional_csv
Aquaculture Production,UZB,Uzbekistan,metric tons,1960,2020,2020,pre_saturation,national,regional_csv
Aquaculture Production,MNP,Northern Mariana Islands,metric tons,1960,2014,2020,saturating,national,regional_csv
Aquaculture Production,PNG,Papua New Guinea,metric tons,1960,2020,2020,pre_saturation,national,regional_csv
Aquaculture Production,PAN,Panama,metric tons,1960,2014,2020,pre_saturation,national,regional_csv
Aquaculture Production,PLW,Palau,metric tons,1960,2009,2020,pre_saturation,national,regional_csv
Aquaculture Production,PAK,Pakistan,metric tons,1960,2020,2020,pre_saturation,national,regional_csv
Aquaculture Production,OMN,Oman,metric tons,1960,2020,2020,pre_saturation,national,regional_csv
Aquaculture Production,NOR,Norway,metric tons,1960,2020,2020,pre_saturation,national,regional_csv
Aquaculture Production,MKD,North Macedonia,metric tons,1960,2019,2020,pre_saturation,national,regional_csv
Aquaculture Production,PER,Peru,metric tons,1960,2019,2020,pre_saturation,national,regional_csv
Aquaculture Production,NGA,Nigeria,metric tons,1960,2015,2020,pre_saturation,national,regional_csv
Aquaculture Production,NER,Niger,metric tons,1960,2020,2020,pre_saturation,national,regional_csv
Aquaculture Production,NIC,Nicaragua,metric tons,1960,2014,2020,saturating,national,regional_csv
Aquaculture Production,NZL,New Zealand,metric tons,1960,2020,2020,pre_saturation,national,regional_csv
Aquaculture Production,NCL,New Caledonia,metric tons,1960,2005,2020,pre_saturation,national,regional_csv
Aquaculture Production,PRY,Paraguay,metric tons,1960,2020,2020,pre_saturation,national,regional_csv
Aquaculture Production,PHL,Philippines,metric tons,1960,2011,2020,pre_saturation,national,regional_csv
Aquaculture Production,SGP,Singapore,metric tons,1960,2006,2020,pre_saturation,national,regional_csv
Aquaculture Production,SAU,Saudi Arabia,metric tons,1960,2020,2020,pre_saturation,national,regional_csv
Aquaculture Production,SLE,Sierra Leone,metric tons,1960,2015,2020,saturating,national,regional_csv
Capture Fisheries,AUS,Australia,metric tons,1960,2005,2020,pre_saturation,national,regional_csv
Beer Production,BOL,Bolivia,thousand hectolitres,1937,1997,1999,pre_saturation,national,regional_csv
Aquaculture Production,SYC,Seychelles,metric tons,1960,2004,2020,pre_saturation,national,regional_csv
Aquaculture Production,SRB,Serbia,metric tons,1960,2010,2020,pre_saturation,national,regional_csv
Aquaculture Production,SEN,Senegal,metric tons,1960,2016,2020,pre_saturation,national,regional_csv
Aquaculture Production,WSM,Samoa,metric tons,1960,2015,2020,pre_saturation,national,regional_csv
Aquaculture Production,POL,Poland,metric tons,1960,2020,2020,pre_saturation,national,regional_csv
Aquaculture Production,RWA,Rwanda,metric tons,1960,2020,2020,pre_saturation,national,regional_csv
Aquaculture Production,RUS,Russian Federation,metric tons,1960,2020,2020,pre_saturation,national,regional_csv
Aquaculture Production,QAT,Qatar,metric tons,1960,2013,2020,pre_saturation,national,regional_csv
Aquaculture Production,PRI,Puerto Rico,metric tons,1960,2002,2020,pre_saturation,national,regional_csv
Aquaculture Production,PRT,Portugal,metric tons,1960,2020,2020,pre_saturation,national,regional_csv
Aquaculture Production,URY,Uruguay,metric tons,1960,2013,2020,pre_saturation,national,regional_csv
Aquaculture Production,UKR,Ukraine,metric tons,1960,1988,2020,pre_saturation,national,regional_csv
Aquaculture Production,VUT,Vanuatu,metric tons,1960,2006,2020,pre_saturation,national,regional_csv
Capture Fisheries,TGO,Togo,metric tons,1960,2016,2020,pre_saturation,national,regional_csv
Capture Fisheries,SYR,Syrian Arab Republic,metric tons,1960,2007,2020,pre_saturation,national,regional_csv
Capture Fisheries,TJK,Tajikistan,metric tons,1960,2020,2020,pre_saturation,national,regional_csv
Capture Fisheries,TZA,Tanzania,metric tons,1960,2020,2020,pre_saturation,national,regional_csv
Capture Fisheries,THA,Thailand,metric tons,1960,1995,2000,saturating,national,regional_csv
Capture Fisheries,TLS,Timor-Leste,metric tons,1960,2019,2020,pre_saturation,national,regional_csv
Capture Fisheries,TON,Tonga,metric tons,1960,2002,2020,pre_saturation,national,regional_csv
Capture Fisheries,ARE,United Arab Emirates,metric tons,1960,1999,2020,pre_saturation,national,regional_csv
Capture Fisheries,TTO,Trinidad and Tobago,metric tons,1960,2002,2020,pre_saturation,national,regional_csv
Capture Fisheries,TUN,Tunisia,metric tons,1960,2015,2020,pre_saturation,national,regional_csv
Capture Fisheries,TUR,Turkiye,metric tons,1960,1988,2020,pre_saturation,national,regional_csv
Capture Fisheries,TKM,Turkmenistan,metric tons,1960,1989,2020,pre_saturation,national,regional_csv
Capture Fisheries,TCA,Turks and Caicos Islands,metric tons,1960,2008,2020,pre_saturation,national,regional_csv
Capture Fisheries,TUV,Tuvalu,metric tons,1960,2012,2020,pre_saturation,national,regional_csv
Capture Fisheries,UGA,Uganda,metric tons,1960,2019,2020,pre_saturation,national,regional_csv
Capture Fisheries,SUR,Suriname,metric tons,1960,2017,2020,pre_saturation,national,regional_csv
Capture Fisheries,SDN,Sudan,metric tons,1960,2009,2011,saturating,national,regional_csv
Capture Fisheries,VCT,St. Vincent and the Grenadines,metric tons,1960,2014,2020,pre_saturation,national,regional_csv
Capture Fisheries,MAF,St. Martin (French part),metric tons,1960,2007,2020,saturating,national,regional_csv
Capture Fisheries,SRB,Serbia,metric tons,1960,2011,2020,pre_saturation,national,regional_csv
Capture Fisheries,SYC,Seychelles,metric tons,1960,2018,2020,pre_saturation,national,regional_csv
Capture Fisheries,SLE,Sierra Leone,metric tons,1960,2014,2020,saturating,national,regional_csv
Capture Fisheries,SXM,Sint Maarten (Dutch part),metric tons,1960,2011,2020,saturating,national,regional_csv
Capture Fisheries,SVK,Slovak Republic,metric tons,1960,2007,2015,saturating,national,regional_csv
Capture Fisheries,SVN,Slovenia,metric tons,1960,1992,2020,pre_saturation,national,regional_csv
Capture Fisheries,SLB,Solomon Islands,metric tons,1960,2014,2020,pre_saturation,national,regional_csv
Capture Fisheries,SOM,Somalia,metric tons,1960,1995,2020,pre_saturation,national,regional_csv
Capture Fisheries,SSD,South Sudan,metric tons,1960,2012,2015,saturating,national,regional_csv
Capture Fisheries,LKA,Sri Lanka,metric tons,1960,2014,2019,saturating,national,regional_csv
Capture Fisheries,KNA,St. Kitts and Nevis,metric tons,1960,2015,2020,pre_saturation,national,regional_csv
Capture Fisheries,LCA,St. Lucia,metric tons,1960,1978,2020,pre_saturation,national,regional_csv
Aquaculture Production,VEN,"Venezuela, RB",metric tons,1960,2020,2020,pre_saturation,national,regional_csv
Capture Fisheries,UKR,Ukraine,metric tons,1960,1988,2020,pre_saturation,national,regional_csv
Capture Fisheries,ARG,Argentina,metric tons,1960,1997,2020,pre_saturation,national,regional_csv
Capture Fisheries,ZMB,Zambia,metric tons,1960,2020,2020,pre_saturation,national,regional_csv
Capture Fisheries,DZA,Algeria,metric tons,1960,2007,2020,pre_saturation,national,regional_csv
Capture Fisheries,ASM,American Samoa,metric tons,1960,2002,2020,pre_saturation,national,regional_csv
Capture Fisheries,ATG,Antigua and Barbuda,metric tons,1960,2012,2020,pre_saturation,national,regional_csv
Capture Fisheries,World,World,metric tons,1960,2018,2020,pre_saturation,global,regional_csv
Aquaculture Production,ZWE,Zimbabwe,metric tons,1960,2020,2020,pre_saturation,national,regional_csv
Capture Fisheries,ARM,Armenia,metric tons,1960,2015,2020,pre_saturation,national,regional_csv
Capture Fisheries,ZWE,Zimbabwe,metric tons,1960,1990,2020,pre_saturation,national,regional_csv
Aquaculture Production,ZMB,Zambia,metric tons,1960,2020,2020,pre_saturation,national,regional_csv
Aquaculture Production,YEM,"Yemen, Rep.",metric tons,1960,2005,2020,pre_saturation,national,regional_csv
Aquaculture Production,PSE,West Bank and Gaza,metric tons,1960,2018,2020,pre_saturation,national,regional_csv
Capture Fisheries,YEM,"Yemen, Rep.",metric tons,1960,2004,2020,pre_saturation,national,regional_csv
Capture Fisheries,PSE,West Bank and Gaza,metric tons,1960,2019,2020,pre_saturation,national,regional_csv
Aquaculture Production,VIR,Virgin Islands (U.S.),metric tons,1960,2006,2013,saturating,national,regional_csv
Capture Fisheries,VNM,Vietnam,metric tons,1960,2019,2020,pre_saturation,national,regional_csv
Aquaculture Production,VNM,Vietnam,metric tons,1960,2020,2020,pre_saturation,national,regional_csv
Capture Fisheries,VEN,"Venezuela, RB",metric tons,1960,2004,2020,pre_saturation,national,regional_csv
Capture Fisheries,VUT,Vanuatu,metric tons,1960,2005,2020,pre_saturation,national,regional_csv
Capture Fisheries,UZB,Uzbekistan,metric tons,1960,2020,2020,pre_saturation,national,regional_csv
Capture Fisheries,URY,Uruguay,metric tons,1960,1981,2020,pre_saturation,national,regional_csv
Capture Fisheries,AFG,Afghanistan,metric tons,1960,2019,2020,pre_saturation,national,regional_csv
Milk Production,MAR,Morocco,thousand metric tons,1949,2010,2010,pre_saturation,national,regional_csv
Nickel Production,CUB,Cuba,thousand metric tons,1943,2001,2006,pre_saturation,national,regional_csv
Crude Oil,CHL,Chile,thousand metric tons,1949,1982,2008,pre_saturation,national,regional_csv
Hydrochloric Acid,AUS,Australia,thousand metric tons,1937,1988,1998,pre_saturation,national,regional_csv
Milk Production,COL,Colombia,thousand metric tons,1948,2009,2010,pre_saturation,national,regional_csv
Phosphate Fertilizer,USA,United States of America,metric tons,1961,1991,2020,pre_saturation,national,regional_csv
Phosphate Fertilizer,PRK,Democratic People's Republic of Korea,metric tons,1961,1986,1991,saturating,national,regional_csv
Nitrogen Fertilizer,POL,Poland,metric tons,1961,2020,2020,pre_saturation,national,regional_csv
Nitrogen Fertilizer,PRT,Portugal,metric tons,1961,1977,2020,pre_saturation,national,regional_csv
Potash Fertilizer,DEU,Germany,metric tons,1961,1980,1985,saturating,national,regional_csv
Nitrogen Fertilizer,DEU,Germany,metric tons,1961,1980,1988,saturating,national,regional_csv
Nitrogen Fertilizer,KOR,Republic of Korea,metric tons,1961,1979,2020,pre_saturation,national,regional_csv
Phosphate Fertilizer,FIN,Finland,metric tons,1961,1983,1986,saturating,national,regional_csv
Nitrogen Fertilizer,FIN,Finland,metric tons,1961,2013,2020,pre_saturation,national,regional_csv
Phosphate Fertilizer,EGY,Egypt,metric tons,1961,2014,2020,pre_saturation,national,regional_csv
Nitrogen Fertilizer,EGY,Egypt,metric tons,1961,2020,2020,pre_saturation,national,regional_csv
Phosphate Fertilizer,POL,Poland,metric tons,1961,1978,2020,pre_saturation,national,regional_csv
Phosphate Fertilizer,PHL,Philippines,metric tons,1961,1996,2020,pre_saturation,national,regional_csv
Phosphate Fertilizer,COL,Colombia,metric tons,1961,1989,1991,saturating,national,regional_csv
Nitrogen Fertilizer,PHL,Philippines,metric tons,1961,1996,2020,pre_saturation,national,regional_csv
Potash Fertilizer,ISR,Israel,metric tons,1961,2018,2020,pre_saturation,national,regional_csv
Phosphate Fertilizer,ISR,Israel,metric tons,1961,2008,2020,pre_saturation,national,regional_csv
Nitrogen Fertilizer,MEX,Mexico,metric tons,1961,1989,2020,pre_saturation,national,regional_csv
Phosphate Fertilizer,MEX,Mexico,metric tons,1961,2010,2020,pre_saturation,national,regional_csv
Nitrogen Fertilizer,ISR,Israel,metric tons,1961,2004,2020,pre_saturation,national,regional_csv
Phosphate Fertilizer,MAR,Morocco,metric tons,1961,2017,2020,pre_saturation,national,regional_csv
Nitrogen Fertilizer,NLD,Netherlands,metric tons,1961,2016,2020,pre_saturation,national,regional_csv
Phosphate Fertilizer,IND,India,metric tons,1961,2019,2020,pre_saturation,national,regional_csv
Nitrogen Fertilizer,NOR,Norway,metric tons,1961,2018,2020,saturating,national,regional_csv
Phosphate Fertilizer,NOR,Norway,metric tons,1961,2019,2020,pre_saturation,national,regional_csv
Nitrogen Fertilizer,IND,India,metric tons,1961,2020,2020,pre_saturation,national,regional_csv
Nitrogen Fertilizer,PAK,Pakistan,metric tons,1961,2020,2020,pre_saturation,national,regional_csv
Phosphate Fertilizer,PAK,Pakistan,metric tons,1961,2020,2020,pre_saturation,national,regional_csv
Nitrogen Fertilizer,HUN,Hungary,metric tons,1961,1985,1987,saturating,national,regional_csv
Nitrogen Fertilizer,PRK,Democratic People's Republic of Korea,metric tons,1961,1988,1993,saturating,national,regional_csv
Phosphate Fertilizer,TUN,Tunisia,metric tons,1961,2003,2020,pre_saturation,national,regional_csv
Nitrogen Fertilizer,AUS,Australia,metric tons,1961,2013,2020,pre_saturation,national,regional_csv
Phosphate Fertilizer,VEN,Venezuela (Bolivarian Republic of),metric tons,1961,1994,2020,pre_saturation,national,regional_csv
Phosphate Fertilizer,TUR,Türkiye,metric tons,1961,2020,2020,pre_saturation,national,regional_csv
Phosphate Fertilizer,URY,Uruguay,metric tons,1961,1974,2020,pre_saturation,national,regional_csv
Nitrogen Fertilizer,TTO,Trinidad and Tobago,metric tons,1961,2019,2020,pre_saturation,national,regional_csv
Nitrogen Fertilizer,ARG,Argentina,metric tons,1961,2006,2020,pre_saturation,national,regional_csv
Phosphate Fertilizer,CAN,Canada,metric tons,1961,1972,2020,pre_saturation,national,regional_csv
Nitrogen Fertilizer,BGR,Bulgaria,metric tons,1961,1988,1990,saturating,national,regional_csv
Nitrogen Fertilizer,CAN,Canada,metric tons,1961,1999,2020,pre_saturation,national,regional_csv
Phosphate Fertilizer,CHN,China,metric tons,1961,2016,2020,pre_saturation,national,regional_csv
Nitrogen Fertilizer,BGD,Bangladesh,metric tons,1961,2002,2020,pre_saturation,national,regional_csv
Nitrogen Fertilizer,BRA,Brazil,metric tons,1961,2010,2020,pre_saturation,national,regional_csv
Nitrogen Fertilizer,TUR,Türkiye,metric tons,1961,2020,2020,pre_saturation,national,regional_csv
Potash Fertilizer,CHL,Chile,metric tons,1961,2015,2020,pre_saturation,national,regional_csv
Potash Fertilizer,ESP,Spain,metric tons,1961,1988,2020,pre_saturation,national,regional_csv
Nitrogen Fertilizer,ZAF,South Africa,metric tons,1961,1984,2020,pre_saturation,national,regional_csv
Nitrogen Fertilizer,USA,United States of America,metric tons,1961,1996,2020,pre_saturation,national,regional_csv
Phosphate Fertilizer,ZAF,South Africa,metric tons,1961,1981,2020,pre_saturation,national,regional_csv
Nitrogen Fertilizer,ESP,Spain,metric tons,1961,1986,2020,pre_saturation,national,regional_csv
Nitrogen Fertilizer,GBR,United Kingdom of Great Britain and Northern Ireland,metric tons,1961,1982,1984,saturating,national,regional_csv
Nitrogen Fertilizer,CHN,China,metric tons,1961,2015,2020,pre_saturation,national,regional_csv
Phosphate Fertilizer,BRA,Brazil,metric tons,1961,2020,2020,pre_saturation,national,regional_csv
Potash Fertilizer,CAN,Canada,metric tons,1962,2018,2020,pre_saturation,national,regional_csv
Milk Production,PAN,Panama,thousand metric tons,1952,2010,2010,pre_saturation,national,regional_csv
Sulphuric Acid,TUR,Turkey,thousand metric tons,1944,1997,2002,pre_saturation,national,regional_csv
Sulphuric Acid,EGY,Egypt,thousand metric tons,1938,1996,2000,pre_saturation,national,regional_csv
Crude Oil,QAT,Qatar,thousand metric tons,1949,2008,2008,pre_saturation,national,regional_csv
Milk Production,JAM,Jamaica,thousand metric tons,1949,1991,1993,saturating,national,regional_csv
Caustic Soda,TUR,Turkey,thousand metric tons,1945,1998,2003,saturating,national,regional_csv
Milk Production,ROU,Romania,thousand metric tons,1952,2006,2010,pre_saturation,national,regional_csv
Potash Fertilizer,CHN,China,metric tons,1961,2016,2020,pre_saturation,national,regional_csv
Nitrogen Fertilizer,COL,Colombia,metric tons,1962,2010,2020,pre_saturation,national,regional_csv
Caustic Soda,IND,India,thousand metric tons,1946,2001,2003,pre_saturation,national,regional_csv
High-Speed Rail,World,World,kilometers,1964,2021,2021,pre_saturation,global,regional_csv
Cane Sugar,THA,Thailand,thousand metric tons,1948,2003,2010,pre_saturation,national,regional_csv
Nitrogen Fertilizer,IDN,Indonesia,metric tons,1963,2020,2020,pre_saturation,national,regional_csv
Milk Production,ECU,Ecuador,thousand metric tons,1949,2010,2010,pre_saturation,national,regional_csv
Nitrogen Fertilizer,IRN,Iran (Islamic Republic of),metric tons,1963,2017,2020,saturating,national,regional_csv
Nitrogen Fertilizer,VEN,Venezuela (Bolivarian Republic of),metric tons,1963,2008,2020,pre_saturation,national,regional_csv
Phosphate Fertilizer,DZA,Algeria,metric tons,1961,1978,2020,pre_saturation,national,regional_csv
Nitrogen Fertilizer,GRC,Greece,metric tons,1963,1985,1990,saturating,national,regional_csv
Synthetic Filaments,ROU,Romania,thousand metric tons,1936,1986,1988,saturating,national,regional_csv
Nuclear Weapons,GBR,United Kingdom,-,1953,1975,1982,saturating,national,regional_csv
Passenger Cars,MYS,Malaysia,-,1924,1989,1989,pre_saturation,national,regional_csv
Cane Sugar,ETH,Ethiopia,thousand metric tons,1953,2001,2010,pre_saturation,national,regional_csv
Milk Production,VEN,Venezuela,thousand metric tons,1949,2010,2010,pre_saturation,national,regional_csv
Renewable Power,PER,Peru,TWh,1965,2021,2021,pre_saturation,national,regional_csv
Renewable Power,VEN,Venezuela,TWh,1965,2019,2021,pre_saturation,national,regional_csv
Renewable Power,AUT,Austria,TWh,1965,2019,2021,saturating,national,regional_csv
Renewable Power,BEL,Belgium,TWh,1965,2020,2021,pre_saturation,national,regional_csv
Renewable Power,BGR,Bulgaria,TWh,1965,2020,2021,pre_saturation,national,regional_csv
Renewable Power,HRV,Croatia,TWh,1965,2021,2021,pre_saturation,national,regional_csv
Renewable Power,CYP,Cyprus,TWh,1965,2021,2021,pre_saturation,national,regional_csv
Renewable Power,CZE,Czech Republic,TWh,1965,2020,2021,pre_saturation,national,regional_csv
Oil Refining Capacity,IRQ,Iraq,thousand barrels,1965,2012,2021,pre_saturation,national,regional_csv
Renewable Power,DNK,Denmark,TWh,1965,2021,2021,pre_saturation,national,regional_csv
Renewable Power,COL,Colombia,TWh,1965,2021,2021,pre_saturation,national,regional_csv
Oil Refining Capacity,IRN,Iran,thousand barrels,1965,2021,2021,pre_saturation,national,regional_csv
Oil Refining Capacity,BHR,Bahrain,thousand barrels,1965,1980,2021,saturating,national,regional_csv
Renewable Power,EST,Estonia,TWh,1965,2021,2021,pre_saturation,national,regional_csv
Oil Refining Capacity,UZB,Uzbekistan,thousand barrels,1965,1997,2021,saturating,national,regional_csv
Renewable Power,FIN,Finland,TWh,1965,2021,2021,pre_saturation,national,regional_csv
Renewable Power,FRA,France,TWh,1965,2020,2021,pre_saturation,national,regional_csv
Oil Refining Capacity,TKM,Turkmenistan,thousand barrels,1965,2015,2021,saturating,national,regional_csv
Renewable Power,DEU,Germany,TWh,1965,2020,2021,pre_saturation,national,regional_csv
Oil Refining Capacity,RUS,Russian Federation,thousand barrels,1965,1986,1991,saturating,national,regional_csv
Renewable Power,GRC,Greece,TWh,1965,2021,2021,pre_saturation,national,regional_csv
Renewable Power,ECU,Ecuador,TWh,1965,2019,2021,pre_saturation,national,regional_csv
Renewable Power,CHL,Chile,TWh,1965,2021,2021,pre_saturation,national,regional_csv
Oil Refining Capacity,BLR,Belarus,thousand barrels,1965,1980,1994,saturating,national,regional_csv
Renewable Power,BRA,Brazil,TWh,1965,2021,2021,pre_saturation,national,regional_csv
Oil Refining Capacity,CHN,China,thousand barrels,1965,2021,2021,pre_saturation,national,regional_csv
Oil Refining Capacity,BGD,Bangladesh,thousand barrels,1965,2020,2021,pre_saturation,national,regional_csv
Oil Refining Capacity,ZAF,South Africa,thousand barrels,1965,2008,2020,saturating,national,regional_csv
Oil Refining Capacity,NGA,Nigeria,thousand barrels,1965,2021,2021,pre_saturation,national,regional_csv
Oil Refining Capacity,MAR,Morocco,thousand barrels,1965,2012,2021,saturating,national,regional_csv
Oil Refining Capacity,DZA,Algeria,thousand barrels,1965,2020,2021,pre_saturation,national,regional_csv
Oil Refining Capacity,ARE,United Arab Emirates,thousand barrels,1965,2020,2021,pre_saturation,national,regional_csv
Oil Refining Capacity,SAU,Saudi Arabia,thousand barrels,1965,2020,2021,pre_saturation,national,regional_csv
Hydroelectricity,LKA,Sri Lanka,TWh,1965,2021,2021,pre_saturation,national,regional_csv
Hydroelectricity,HRV,Croatia,TWh,1965,2010,2021,pre_saturation,national,regional_csv
Hydroelectricity,TWN,Taiwan,TWh,1965,2016,2021,pre_saturation,national,regional_csv
Hydroelectricity,THA,Thailand,TWh,1965,2012,2021,pre_saturation,national,regional_csv
Hydroelectricity,VNM,Vietnam,TWh,1965,2017,2021,pre_saturation,national,regional_csv
Hydroelectricity,World,World,TWh,1965,2020,2021,pre_saturation,global,regional_csv
Oil Refining Capacity,QAT,Qatar,thousand barrels,1965,2016,2021,saturating,national,regional_csv
Renewable Power,CAN,Canada,TWh,1965,2021,2021,pre_saturation,national,regional_csv
Oil Refining Capacity,OMN,Oman,thousand barrels,1965,2017,2021,saturating,national,regional_csv
Renewable Power,MEX,Mexico,TWh,1965,2021,2021,pre_saturation,national,regional_csv
Renewable Power,USA,US,TWh,1965,2021,2021,pre_saturation,national,regional_csv
Renewable Power,ARG,Argentina,TWh,1965,2021,2021,pre_saturation,national,regional_csv
Oil Refining Capacity,KWT,Kuwait,thousand barrels,1965,2021,2021,pre_saturation,national,regional_csv
Oil Refining Capacity,KAZ,Kazakhstan,thousand barrels,1965,2019,2021,saturating,national,regional_csv
Oil Refining Capacity,AZE,Azerbaijan,thousand barrels,1965,1984,1990,saturating,national,regional_csv
Crude Oil,ITA,Italy,thousand metric tons,1952,2005,2008,pre_saturation,national,regional_csv
Oil Refining Capacity,GBR,United Kingdom,thousand barrels,1965,1974,1976,saturating,national,regional_csv
Oil Refining Capacity,TTO,Trinidad & Tobago,thousand barrels,1965,1976,1981,saturating,national,regional_csv
Oil Refining Capacity,PER,Peru,thousand barrels,1965,2021,2021,pre_saturation,national,regional_csv
Oil Refining Capacity,ECU,Ecuador,thousand barrels,1965,1998,2021,saturating,national,regional_csv
Oil Refining Capacity,CUW,Curacao,thousand barrels,1965,2013,2021,saturating,national,regional_csv
Nuclear Energy,World,World,TWh,1965,2006,2010,saturating,global,regional_csv
Oil Refining Capacity,CHL,Chile,thousand barrels,1965,2007,2021,saturating,national,regional_csv
Hydroelectricity,GRC,Greece,TWh,1965,2010,2021,pre_saturation,national,regional_csv
Oil Refining Capacity,BRA,Brazil,thousand barrels,1965,2021,2021,pre_saturation,national,regional_csv
Oil Refining Capacity,ARG,Argentina,thousand barrels,1965,1974,2021,pre_saturation,national,regional_csv
Hydroelectricity,CAN,Canada,TWh,1965,2017,2021,saturating,national,regional_csv
Oil Refining Capacity,USA,US,thousand barrels,1965,2019,2021,pre_saturation,national,regional_csv
Oil Refining Capacity,MEX,Mexico,thousand barrels,1965,1989,2013,saturating,national,regional_csv
Oil Refining Capacity,CAN,Canada,thousand barrels,1965,1979,1981,saturating,national,regional_csv
Oil Production,World,World,million metric tons,1965,2018,2021,pre_saturation,global,regional_csv
Oil Production,VNM,Vietnam,million metric tons,1965,2004,2021,pre_saturation,national,regional_csv
Oil Production,THA,Thailand,million metric tons,1965,2016,2021,pre_saturation,national,regional_csv
Oil Production,MYS,Malaysia,million metric tons,1965,2004,2021,pre_saturation,national,regional_csv
Hydroelectricity,HUN,Hungary,TWh,1965,2014,2021,pre_saturation,national,regional_csv
Oil Production,IDN,Indonesia,million metric tons,1965,1977,2021,pre_saturation,national,regional_csv
Oil Production,IND,India,million metric tons,1965,2011,2015,saturating,national,regional_csv
Oil Production,CHN,China,million metric tons,1965,2015,2021,pre_saturation,national,regional_csv
Oil Production,BRN,Brunei,million metric tons,1965,1979,2021,pre_saturation,national,regional_csv
Oil Production,AUS,Australia,million metric tons,1965,2000,2021,pre_saturation,national,regional_csv
Oil Production,TUN,Tunisia,million metric tons,1965,1980,1985,saturating,national,regional_csv
Oil Production,SDN,Sudan,million metric tons,1965,2007,2021,pre_saturation,national,regional_csv
Oil Refining Capacity,AUT,Austria,thousand barrels,1965,1976,1981,saturating,national,regional_csv
Oil Refining Capacity,BEL,Belgium,thousand barrels,1965,1976,1981,saturating,national,regional_csv
Oil Refining Capacity,BGR,Bulgaria,thousand barrels,1965,1980,1991,saturating,national,regional_csv
Oil Refining Capacity,NLD,Netherlands,thousand barrels,1965,1976,2021,pre_saturation,national,regional_csv
Oil Refining Capacity,UKR,Ukraine,thousand barrels,1965,1983,1993,saturating,national,regional_csv
Oil Refining Capacity,TUR,Turkey,thousand barrels,1965,2019,2021,saturating,national,regional_csv
Oil Refining Capacity,SWE,Sweden,thousand barrels,1965,1980,1983,saturating,national,regional_csv
Hydroelectricity,EST,Estonia,TWh,1965,2012,2021,pre_saturation,national,regional_csv
Oil Refining Capacity,ESP,Spain,thousand barrels,1965,2019,2021,saturating,national,regional_csv
Oil Refining Capacity,SVK,Slovakia,thousand barrels,1965,1978,1993,saturating,national,regional_csv
Oil Refining Capacity,ROU,Romania,thousand barrels,1965,1989,1991,saturating,national,regional_csv
Oil Refining Capacity,PRT,Portugal,thousand barrels,1965,2012,2020,saturating,national,regional_csv
Oil Refining Capacity,POL,Poland,thousand barrels,1965,2012,2021,saturating,national,regional_csv
Oil Refining Capacity,NOR,Norway,thousand barrels,1965,2012,2020,saturating,national,regional_csv
Oil Refining Capacity,LTU,Lithuania,thousand barrels,1965,2004,2021,saturating,national,regional_csv
Oil Refining Capacity,CZE,Czech Republic,thousand barrels,1965,1998,2011,saturating,national,regional_csv
Oil Refining Capacity,ITA,Italy,thousand barrels,1965,1975,1977,saturating,national,regional_csv
Hydroelectricity,FIN,Finland,TWh,1965,2008,2021,pre_saturation,national,regional_csv
Oil Refining Capacity,IRL,Ireland,thousand barrels,1965,2000,2021,saturating,national,regional_csv
Oil Refining Capacity,HUN,Hungary,thousand barrels,1965,1979,1983,saturating,national,regional_csv
Oil Refining Capacity,GRC,Greece,thousand barrels,1965,2016,2021,saturating,national,regional_csv
Oil Refining Capacity,DEU,Germany,thousand barrels,1965,1978,2021,pre_saturation,national,regional_csv
Hydroelectricity,FRA,France,TWh,1965,1994,2021,pre_saturation,national,regional_csv
Oil Refining Capacity,FRA,France,thousand barrels,1965,1977,1980,saturating,national,regional_csv
Oil Refining Capacity,FIN,Finland,thousand barrels,1965,1977,1981,saturating,national,regional_csv
Oil Refining Capacity,DNK,Denmark,thousand barrels,1965,1996,2021,pre_saturation,national,regional_csv
Oil Refining Capacity,IND,India,thousand barrels,1965,2020,2021,pre_saturation,national,regional_csv
Oil Refining Capacity,JPN,Japan,thousand barrels,1965,1976,1982,saturating,national,regional_csv
Oil Refining Capacity,IDN,Indonesia,thousand barrels,1965,2015,2021,saturating,national,regional_csv
Nuclear Energy,SVN,Slovenia,TWh,1965,2014,2021,pre_saturation,national,regional_csv
Nuclear Energy,ESP,Spain,TWh,1965,2001,2004,saturating,national,regional_csv
Nuclear Energy,SWE,Sweden,TWh,1965,2004,2021,pre_saturation,national,regional_csv
Nuclear Energy,CHE,Switzerland,TWh,1965,2014,2021,pre_saturation,national,regional_csv
Hydroelectricity,ZAF,South Africa,TWh,1965,1988,2021,pre_saturation,national,regional_csv
Nuclear Energy,UKR,Ukraine,TWh,1965,2007,2012,saturating,national,regional_csv
Hydroelectricity,AUS,Australia,TWh,1965,2011,2021,pre_saturation,national,regional_csv
Nuclear Energy,GBR,United Kingdom,TWh,1965,1998,2021,pre_saturation,national,regional_csv
Hydroelectricity,BGD,Bangladesh,TWh,1965,2017,2021,pre_saturation,national,regional_csv
Hydroelectricity,CHN,China,TWh,1965,2020,2021,pre_saturation,national,regional_csv
Nuclear Energy,BLR,Belarus,TWh,1965,2021,2021,pre_saturation,national,regional_csv
Nuclear Energy,KAZ,Kazakhstan,TWh,1965,1991,2021,pre_saturation,national,regional_csv
Nuclear Energy,RUS,Russian Federation,TWh,1965,2021,2021,pre_saturation,national,regional_csv
Hydroelectricity,IND,India,TWh,1965,2020,2021,pre_saturation,national,regional_csv
Hydroelectricity,IDN,Indonesia,TWh,1965,2021,2021,pre_saturation,national,regional_csv
Nuclear Energy,BRA,Brazil,TWh,1965,2019,2021,pre_saturation,national,regional_csv
Nuclear Energy,ARG,Argentina,TWh,1965,2021,2021,pre_saturation,national,regional_csv
Nuclear Energy,SVK,Slovakia,TWh,1965,2006,2021,pre_saturation,national,regional_csv
Hydroelectricity,CHL,Chile,TWh,1965,2006,2021,pre_saturation,national,regional_csv
Hydroelectricity,EGY,Egypt,TWh,1965,2008,2021,pre_saturation,national,regional_csv
Nuclear Energy,HUN,Hungary,TWh,1965,2019,2021,saturating,national,regional_csv
Hydroelectricity,COL,Colombia,TWh,1965,2021,2021,pre_saturation,national,regional_csv
Nuclear Energy,DEU,Germany,TWh,1965,2001,2006,saturating,national,regional_csv
Nuclear Energy,LTU,Lithuania,TWh,1965,1990,2021,pre_saturation,national,regional_csv
Nuclear Energy,FRA,France,TWh,1965,2005,2008,saturating,national,regional_csv
Nuclear Energy,NLD,Netherlands,TWh,1965,2009,2021,pre_saturation,national,regional_csv
Nuclear Energy,FIN,Finland,TWh,1965,2019,2021,saturating,national,regional_csv
Nuclear Energy,CZE,Czech Republic,TWh,1965,2013,2021,saturating,national,regional_csv
Nuclear Energy,BGR,Bulgaria,TWh,1965,2002,2021,pre_saturation,national,regional_csv
Nuclear Energy,ROU,Romania,TWh,1965,2009,2021,saturating,national,regional_csv
Nuclear Energy,BEL,Belgium,TWh,1965,2021,2021,pre_saturation,national,regional_csv
Nuclear Energy,USA,US,TWh,1965,2019,2021,saturating,national,regional_csv
Nuclear Energy,IRN,Iran,TWh,1965,2017,2021,pre_saturation,national,regional_csv
Nuclear Energy,MEX,Mexico,TWh,1965,2018,2021,pre_saturation,national,regional_csv
Oil Refining Capacity,World,World,thousand barrels,1965,2020,2021,pre_saturation,global,regional_csv
Nuclear Energy,CHN,China,TWh,1965,2021,2021,pre_saturation,national,regional_csv
Oil Refining Capacity,VNM,Vietnam,thousand barrels,1965,2020,2021,pre_saturation,national,regional_csv
Oil Refining Capacity,THA,Thailand,thousand barrels,1965,2014,2021,saturating,national,regional_csv
Oil Refining Capacity,TWN,Taiwan,thousand barrels,1965,2007,2014,saturating,national,regional_csv
Oil Refining Capacity,KOR,South Korea,thousand barrels,1965,2021,2021,pre_saturation,national,regional_csv
Nuclear Energy,IND,India,TWh,1965,2019,2021,saturating,national,regional_csv
Nuclear Energy,JPN,Japan,TWh,1965,1998,2002,saturating,national,regional_csv
Oil Refining Capacity,SGP,Singapore,thousand barrels,1965,2014,2021,saturating,national,regional_csv
Oil Refining Capacity,PHL,Philippines,thousand barrels,1965,2000,2002,saturating,national,regional_csv
Oil Refining Capacity,PAK,Pakistan,thousand barrels,1965,2020,2021,pre_saturation,national,regional_csv
Oil Refining Capacity,NZL,New Zealand,thousand barrels,1965,2009,2021,saturating,national,regional_csv
Hydroelectricity,BRA,Brazil,TWh,1965,2011,2021,pre_saturation,national,regional_csv
Nuclear Energy,PAK,Pakistan,TWh,1965,2021,2021,pre_saturation,national,regional_csv
Hydroelectricity,ARG,Argentina,TWh,1965,2006,2021,pre_saturation,national,regional_csv
Oil Refining Capacity,MYS,Malaysia,thousand barrels,1965,2020,2021,pre_saturation,national,regional_csv
Hydroelectricity,USA,US,TWh,1965,1997,2021,pre_saturation,national,regional_csv
Nuclear Energy,KOR,South Korea,TWh,1965,2015,2021,pre_saturation,national,regional_csv
Nuclear Energy,TWN,Taiwan,TWh,1965,2014,2021,pre_saturation,national,regional_csv
Nuclear Energy,ZAF,South Africa,TWh,1965,2016,2021,pre_saturation,national,regional_csv
Nuclear Energy,CAN,Canada,TWh,1965,1994,2021,pre_saturation,national,regional_csv
Hydroelectricity,ECU,Ecuador,TWh,1965,2021,2021,pre_saturation,national,regional_csv
Hydroelectricity,PER,Peru,TWh,1965,2021,2021,pre_saturation,national,regional_csv
Hydroelectricity,VEN,Venezuela,TWh,1965,2008,2021,pre_saturation,national,regional_csv
Hydroelectricity,AUT,Austria,TWh,1965,2012,2021,pre_saturation,national,regional_csv
Hydroelectricity,MYS,Malaysia,TWh,1965,2021,2021,pre_saturation,national,regional_csv
Hydroelectricity,NZL,New Zealand,TWh,1965,1995,2021,pre_saturation,national,regional_csv
Hydroelectricity,PAK,Pakistan,TWh,1965,2020,2021,pre_saturation,national,regional_csv
Hydroelectricity,PHL,Philippines,TWh,1965,2012,2021,pre_saturation,national,regional_csv
Hydroelectricity,KOR,South Korea,TWh,1965,2003,2021,pre_saturation,national,regional_csv
Nuclear Energy,ARE,United Arab Emirates,TWh,1965,2021,2021,pre_saturation,national,regional_csv
Oil Refining Capacity,ISR,Israel,thousand barrels,1965,2014,2021,saturating,national,regional_csv
Oil Refining Capacity,COL,Colombia,thousand barrels,1965,2015,2021,saturating,national,regional_csv
Oil Production,SSD,South Sudan,million metric tons,1965,2019,2021,pre_saturation,national,regional_csv
Renewable Power,IDN,Indonesia,TWh,1965,2021,2021,pre_saturation,national,regional_csv
Renewable Power,EGY,Egypt,TWh,1965,2021,2021,pre_saturation,national,regional_csv
Renewable Power,MAR,Morocco,TWh,1965,2021,2021,pre_saturation,national,regional_csv
Renewable Power,ZAF,South Africa,TWh,1965,2021,2021,pre_saturation,national,regional_csv
Renewable Power,AUS,Australia,TWh,1965,2021,2021,pre_saturation,national,regional_csv
Renewable Power,BGD,Bangladesh,TWh,1965,2021,2021,pre_saturation,national,regional_csv
Renewable Power,CHN,China,TWh,1965,2021,2021,pre_saturation,national,regional_csv
Renewable Power,HKG,China Hong Kong SAR,TWh,1965,2021,2021,pre_saturation,national,regional_csv
Renewable Power,IND,India,TWh,1965,2021,2021,pre_saturation,national,regional_csv
Renewable Power,JPN,Japan,TWh,1965,2021,2021,pre_saturation,national,regional_csv
Renewable Power,ARE,United Arab Emirates,TWh,1965,2021,2021,pre_saturation,national,regional_csv
Renewable Power,MYS,Malaysia,TWh,1965,2021,2021,pre_saturation,national,regional_csv
Renewable Power,NZL,New Zealand,TWh,1965,2021,2021,pre_saturation,national,regional_csv
Renewable Power,PAK,Pakistan,TWh,1965,2021,2021,pre_saturation,national,regional_csv
Renewable Power,PHL,Philippines,TWh,1965,2020,2021,pre_saturation,national,regional_csv
Renewable Power,SGP,Singapore,TWh,1965,2021,2021,pre_saturation,national,regional_csv
Oil Production,MEX,Mexico,million metric tons,1965,2004,2006,saturating,national,regional_csv
Renewable Power,KOR,South Korea,TWh,1965,2021,2021,pre_saturation,national,regional_csv
Renewable Power,LKA,Sri Lanka,TWh,1965,2021,2021,pre_saturation,national,regional_csv
Renewable Power,DZA,Algeria,TWh,1965,2020,2021,pre_saturation,national,regional_csv
Renewable Power,SAU,Saudi Arabia,TWh,1965,2021,2021,pre_saturation,national,regional_csv
Renewable Power,ESP,Spain,TWh,1965,2021,2021,pre_saturation,national,regional_csv
Renewable Power,KAZ,Kazakhstan,TWh,1965,2021,2021,pre_saturation,national,regional_csv
Renewable Power,CHE,Switzerland,TWh,1965,2021,2021,pre_saturation,national,regional_csv
Hydroelectricity,ISL,Iceland,TWh,1965,2017,2019,saturating,national,regional_csv
Renewable Power,TUR,Turkey,TWh,1965,2021,2021,pre_saturation,national,regional_csv
Renewable Power,UKR,Ukraine,TWh,1965,2021,2021,pre_saturation,national,regional_csv
Renewable Power,GBR,United Kingdom,TWh,1965,2020,2021,pre_saturation,national,regional_csv
Renewable Power,AZE,Azerbaijan,TWh,1965,2019,2021,saturating,national,regional_csv
Renewable Power,BLR,Belarus,TWh,1965,2021,2021,pre_saturation,national,regional_csv
Renewable Power,RUS,Russian Federation,TWh,1965,2021,2021,pre_saturation,national,regional_csv
Renewable Power,QAT,Qatar,TWh,1965,2020,2021,pre_saturation,national,regional_csv
Renewable Power,TKM,Turkmenistan,TWh,1965,2016,2021,saturating,national,regional_csv
Renewable Power,UZB,Uzbekistan,TWh,1965,2021,2021,pre_saturation,national,regional_csv
Renewable Power,IRN,Iran,TWh,1965,2021,2021,pre_saturation,national,regional_csv
Renewable Power,IRQ,Iraq,TWh,1965,2020,2021,pre_saturation,national,regional_csv
Renewable Power,ISR,Israel,TWh,1965,2021,2021,pre_saturation,national,regional_csv
Renewable Power,KWT,Kuwait,TWh,1965,2017,2021,pre_saturation,national,regional_csv
Renewable Power,OMN,Oman,TWh,1965,2021,2021,pre_saturation,national,regional_csv
Renewable Power,TWN,Taiwan,TWh,1965,2021,2021,pre_saturation,national,regional_csv
Renewable Power,THA,Thailand,TWh,1965,2021,2021,pre_saturation,national,regional_csv
Renewable Power,VNM,Vietnam,TWh,1965,2021,2021,pre_saturation,national,regional_csv
Crude Oil,GBR,UK,thousand metric tons,1952,1999,2008,pre_saturation,national,regional_csv
Hydroelectricity,CHE,Switzerland,TWh,1965,2001,2021,pre_saturation,national,regional_csv
Hydroelectricity,TUR,Turkey,TWh,1965,2019,2021,pre_saturation,national,regional_csv
Hydroelectricity,UKR,Ukraine,TWh,1965,1998,2021,pre_saturation,national,regional_csv
Hydroelectricity,AZE,Azerbaijan,TWh,1965,2010,2021,pre_saturation,national,regional_csv
Hydroelectricity,BLR,Belarus,TWh,1965,2017,2021,pre_saturation,national,regional_csv
Hydroelectricity,KAZ,Kazakhstan,TWh,1965,2016,2021,pre_saturation,national,regional_csv
Hydroelectricity,RUS,Russian Federation,TWh,1965,2021,2021,pre_saturation,national,regional_csv
Renewable Power,World,World,TWh,1965,2021,2021,pre_saturation,global,regional_csv
Hydroelectricity,TKM,Turkmenistan,TWh,1965,1998,2021,pre_saturation,national,regional_csv
Hydroelectricity,UZB,Uzbekistan,TWh,1965,2010,2021,pre_saturation,national,regional_csv
Hydroelectricity,IRN,Iran,TWh,1965,2019,2021,pre_saturation,national,regional_csv
Hydroelectricity,IRQ,Iraq,TWh,1965,1995,2021,pre_saturation,national,regional_csv
Hydroelectricity,ISR,Israel,TWh,1965,1999,2021,pre_saturation,national,regional_csv
Beer Production,COD,Zaire,thousand hectolitres,1929,1974,1986,pre_saturation,national,regional_csv
Phosphate Fertilizer,LBN,Lebanon,metric tons,1961,1998,2020,pre_saturation,national,regional_csv
Hydroelectricity,ESP,Spain,TWh,1965,1979,2021,pre_saturation,national,regional_csv
Oil Production,CAN,Canada,million metric tons,1965,2021,2021,pre_saturation,national,regional_csv
Hydroelectricity,LVA,Latvia,TWh,1965,1990,2021,pre_saturation,national,regional_csv
Hydroelectricity,LTU,Lithuania,TWh,1965,2017,2021,pre_saturation,national,regional_csv
Hydroelectricity,NLD,Netherlands,TWh,1965,2000,2021,pre_saturation,national,regional_csv
Hydroelectricity,MKD,North Macedonia,TWh,1965,2010,2021,pre_saturation,national,regional_csv
Hydroelectricity,NOR,Norway,TWh,1965,2021,2021,pre_saturation,national,regional_csv
Milk Production,MEX,Mexico,thousand metric tons,1950,2008,2010,saturating,national,regional_csv
Hydroelectricity,POL,Poland,TWh,1965,2010,2021,pre_saturation,national,regional_csv
Hydroelectricity,PRT,Portugal,TWh,1965,2010,2021,pre_saturation,national,regional_csv
Hydroelectricity,ROU,Romania,TWh,1965,2005,2021,pre_saturation,national,regional_csv
Hydroelectricity,SVN,Slovenia,TWh,1965,2014,2021,pre_saturation,national,regional_csv
Renewable Power,SWE,Sweden,TWh,1965,2021,2021,pre_saturation,national,regional_csv
Hydroelectricity,MEX,Mexico,TWh,1965,2008,2021,pre_saturation,national,regional_csv
Renewable Power,SVN,Slovenia,TWh,1965,2020,2021,pre_saturation,national,regional_csv
Oil Production,NOR,Norway,million metric tons,1965,2001,2021,pre_saturation,national,regional_csv
Oil Production,GNQ,Equatorial Guinea,million metric tons,1965,2007,2021,pre_saturation,national,regional_csv
Oil Production,RUS,Russian Federation,million metric tons,1965,2019,2021,pre_saturation,national,regional_csv
Oil Production,KAZ,Kazakhstan,million metric tons,1965,2019,2021,pre_saturation,national,regional_csv
Oil Production,AZE,Azerbaijan,million metric tons,1965,2010,2021,pre_saturation,national,regional_csv
Oil Production,GBR,United Kingdom,million metric tons,1965,1999,2021,pre_saturation,national,regional_csv
Oil Production,ECU,Ecuador,million metric tons,1965,2014,2017,saturating,national,regional_csv
Oil Production,GAB,Gabon,million metric tons,1965,1996,2021,pre_saturation,national,regional_csv
Oil Production,DNK,Denmark,million metric tons,1965,2004,2021,pre_saturation,national,regional_csv
Renewable Power,HUN,Hungary,TWh,1965,2021,2021,pre_saturation,national,regional_csv
Oil Production,EGY,Egypt,million metric tons,1965,1993,1995,saturating,national,regional_csv
Oil Production,COG,Republic of Congo,million metric tons,1965,2019,2021,pre_saturation,national,regional_csv
Oil Production,TCD,Chad,million metric tons,1965,2005,2021,pre_saturation,national,regional_csv
Oil Production,TKM,Turkmenistan,million metric tons,1965,2015,2017,saturating,national,regional_csv
Oil Production,AGO,Angola,million metric tons,1965,2008,2021,pre_saturation,national,regional_csv
Oil Production,DZA,Algeria,million metric tons,1965,2007,2021,pre_saturation,national,regional_csv
Oil Production,ARE,United Arab Emirates,million metric tons,1965,2016,2019,saturating,national,regional_csv
Oil Production,SYR,Syria,million metric tons,1965,2002,2021,pre_saturation,national,regional_csv
Oil Production,SAU,Saudi Arabia,million metric tons,1965,2016,2018,saturating,national,regional_csv
Oil Production,QAT,Qatar,million metric tons,1965,2013,2015,saturating,national,regional_csv
Oil Production,OMN,Oman,million metric tons,1965,2016,2019,saturating,national,regional_csv
Sulphuric Acid,ARG,Argentina,thousand metric tons,1939,1979,1996,pre_saturation,national,regional_csv
Oil Production,UZB,Uzbekistan,million metric tons,1965,1998,2021,pre_saturation,national,regional_csv
Oil Production,PER,Peru,million metric tons,1965,1980,1982,saturating,national,regional_csv
Oil Production,YEM,Yemen,million metric tons,1965,2002,2021,pre_saturation,national,regional_csv
Oil Production,COL,Colombia,million metric tons,1965,2013,2015,saturating,national,regional_csv
Renewable Power,POL,Poland,TWh,1965,2021,2021,pre_saturation,national,regional_csv
Renewable Power,LUX,Luxembourg,TWh,1965,2021,2021,pre_saturation,national,regional_csv
Renewable Power,LTU,Lithuania,TWh,1965,2020,2021,pre_saturation,national,regional_csv
Renewable Power,LVA,Latvia,TWh,1965,2019,2021,pre_saturation,national,regional_csv
Renewable Power,MKD,North Macedonia,TWh,1965,2020,2021,pre_saturation,national,regional_csv
Oil Production,ARG,Argentina,million metric tons,1965,1998,2003,saturating,national,regional_csv
Renewable Power,ITA,Italy,TWh,1965,2021,2021,pre_saturation,national,regional_csv
Oil Production,BRA,Brazil,million metric tons,1965,2020,2021,pre_saturation,national,regional_csv
Renewable Power,NOR,Norway,TWh,1965,2021,2021,pre_saturation,national,regional_csv
Renewable Power,ROU,Romania,TWh,1965,2017,2021,pre_saturation,national,regional_csv
Renewable Power,IRL,Ireland,TWh,1965,2020,2021,pre_saturation,national,regional_csv
Renewable Power,NLD,Netherlands,TWh,1965,2021,2021,pre_saturation,national,regional_csv
Renewable Power,ISL,Iceland,TWh,1965,2019,2021,saturating,national,regional_csv
Renewable Power,PRT,Portugal,TWh,1965,2021,2021,pre_saturation,national,regional_csv
Renewable Power,SVK,Slovakia,TWh,1965,2021,2021,pre_saturation,national,regional_csv
Oil Production,NGA,Nigeria,million metric tons,1965,2010,2012,saturating,national,regional_csv
Synthetic Filaments,MEX,Mexico,thousand metric tons,1943,1987,1998,pre_saturation,national,regional_csv
Caustic Soda,BRA,Brazil,thousand metric tons,1953,2007,2008,pre_saturation,national,regional_csv
Television,USA,United States,-,1946,2001,2001,pre_saturation,national,regional_csv
Milk Production,SDN,Sudan,thousand metric tons,1952,2010,2010,pre_saturation,national,regional_csv
Postal Traffic,IRL,Ireland,Number (millions),1924,1993,1993,pre_saturation,national,regional_csv
Caustic Soda,EGY,Egypt,thousand metric tons,1945,1992,2000,pre_saturation,national,regional_csv
Postal Traffic,MDG,Madagascar,Number (millions),1928,1968,1986,pre_saturation,national,regional_csv
Vacuums,USA,United States,%,1922,1978,1978,pre_saturation,national,regional_csv
Telephones,COD,Democratic Republic of the Congo,-,1947,1975,2002,pre_saturation,national,regional_csv
Nitrogen Fertilizer,IRL,Ireland,metric tons,1965,1997,2020,pre_saturation,national,regional_csv
Home Air Conditioning,USA,United States,%,1957,2004,2011,saturating,national,regional_csv
Phosphate Fertilizer,KOR,Republic of Korea,metric tons,1966,1990,2020,pre_saturation,national,regional_csv
Telephones,TUR,Turkey,-,1947,2002,2002,pre_saturation,national,regional_csv
Telephones,DZA,Algeria,-,1931,1988,1988,pre_saturation,national,regional_csv
Synthetic Filaments,RUS,Russia,thousand metric tons,1928,1989,1993,pre_saturation,national,regional_csv
Passenger Cars,UGA,Uganda,-,1938,1967,1997,pre_saturation,national,regional_csv
Caustic Soda,CHN,China,thousand metric tons,1949,2003,2003,pre_saturation,national,regional_csv
Sulphuric Acid,CHN,China,thousand metric tons,1949,2003,2003,pre_saturation,national,regional_csv
Phosphate Fertilizer,ALB,Albania,metric tons,1964,1982,2020,pre_saturation,national,regional_csv
Milk Production,PAK,Pakistan,thousand metric tons,1948,2010,2010,pre_saturation,national,regional_csv
Nitrogen Fertilizer,CUB,Cuba,metric tons,1966,1985,2020,pre_saturation,national,regional_csv
Television,RUS,Russia,-,1946,1990,1999,pre_saturation,national,regional_csv
Radio,JOR,Jordan,-,1946,1999,1999,pre_saturation,national,regional_csv
Milk Production,IND,India,thousand metric tons,1951,2010,2010,pre_saturation,national,regional_csv
Telephones,AGO,Angola,-,1947,2002,2002,pre_saturation,national,regional_csv
Railroad,KOR,South Korea,kilometers,1945,1998,1998,pre_saturation,national,regional_csv
Telephones,CHN,China,-,1949,2002,2002,pre_saturation,national,regional_csv
Radio,PHL,Philippines,-,1946,1999,1999,pre_saturation,national,regional_csv
Radio,IRL,Ireland,-,1946,1999,1999,pre_saturation,national,regional_csv
Nitrogen Fertilizer,MYS,Malaysia,metric tons,1967,2018,2020,saturating,national,regional_csv
Nitrogen Fertilizer,KWT,Kuwait,metric tons,1966,2017,2020,pre_saturation,national,regional_csv
Nitrogen Fertilizer,SEN,Senegal,metric tons,1967,1998,2020,pre_saturation,national,regional_csv
Passenger Cars,ISR,Israel,-,1945,2000,2000,pre_saturation,national,regional_csv
Passenger Cars,KOR,South Korea,-,1946,2000,2000,pre_saturation,national,regional_csv
Beer Production,COL,Colombia,thousand hectolitres,1936,1995,1999,pre_saturation,national,regional_csv
Tin,BOL,Bolivia,thousand metric tons,1948,1981,2003,pre_saturation,national,regional_csv
Passenger Cars,MOZ,Mozambique,-,1929,1972,1974,saturating,national,regional_csv
Radio,LBN,Lebanon,-,1946,1999,1999,pre_saturation,national,regional_csv
Gold,KOR,South Korea,metric tons,1950,2001,2003,pre_saturation,national,regional_csv
Sulphuric Acid,DZA,Algeria,thousand metric tons,1943,1984,2003,pre_saturation,national,regional_csv
Beer Production,ETH,Ethiopia,thousand hectolitres,1949,2003,2003,pre_saturation,national,regional_csv
Radio,NPL,Nepal,-,1946,1999,1999,pre_saturation,national,regional_csv
Phosphate Fertilizer,SEN,Senegal,metric tons,1967,1998,2020,pre_saturation,national,regional_csv
Milk Production,TWN,Taiwan,thousand metric tons,1946,1999,1999,pre_saturation,national,regional_csv
Radio,ISL,Iceland,-,1946,1999,1999,pre_saturation,national,regional_csv
Milk Production,MMR,Myanmar,thousand metric tons,1955,2010,2010,pre_saturation,national,regional_csv
Nitrogen Fertilizer,MAR,Morocco,metric tons,1967,2017,2020,pre_saturation,national,regional_csv
Synthetic Filaments,FIN,Finland,thousand metric tons,1939,1984,1993,pre_saturation,national,regional_csv
Telephones,TGO,Togo,-,1949,2002,2002,pre_saturation,national,regional_csv
Radio,PAK,Pakistan,-,1947,1999,1999,pre_saturation,national,regional_csv
Phosphate Fertilizer,BGR,Bulgaria,metric tons,1961,1978,2013,pre_saturation,national,regional_csv
Passenger Cars,LKA,Sri Lanka,-,1945,1997,1997,pre_saturation,national,regional_csv
Caustic Soda,CAN,Canada,thousand metric tons,1949,1987,2002,pre_saturation,national,regional_csv
Cane Sugar,SWZ,Swaziland,thousand metric tons,1958,2002,2010,pre_saturation,national,regional_csv
Caustic Soda,ARG,Argentina,thousand metric tons,1945,1989,1997,pre_saturation,national,regional_csv
Radio,IND,India,-,1947,1999,1999,pre_saturation,national,regional_csv
Crude Oil,AGO,Angola,thousand metric tons,1956,2008,2008,pre_saturation,national,regional_csv
Natural Gas Production,VNM,Vietnam,billion cubic meters,1970,2015,2021,pre_saturation,national,regional_csv
Milk Production,UGA,Uganda,thousand metric tons,1959,2010,2010,pre_saturation,national,regional_csv
Radio,MMR,Burma,-,1948,1999,1999,pre_saturation,national,regional_csv
Natural Gas Production,PAK,Pakistan,billion cubic meters,1970,2012,2015,saturating,national,regional_csv
Natural Gas Production,MMR,Myanmar,billion cubic meters,1970,2015,2021,pre_saturation,national,regional_csv
Natural Gas Production,THA,Thailand,billion cubic meters,1970,2014,2016,saturating,national,regional_csv
Milk Production,KEN,Kenya,thousand metric tons,1959,2010,2010,pre_saturation,national,regional_csv
Natural Gas Production,World,World,billion cubic meters,1970,2021,2021,pre_saturation,global,regional_csv
Radio,LKA,Sri Lanka,-,1948,1999,1999,pre_saturation,national,regional_csv
Passenger Cars,TWN,Taiwan,-,1946,1997,1997,pre_saturation,national,regional_csv
Radio,ISR,Israel,-,1948,1999,1999,pre_saturation,national,regional_csv
Space Launches,JPN,Japan,-,1970,2014,2022,pre_saturation,national,regional_csv
Sulphuric Acid,BGR,Bulgaria,thousand metric tons,1951,1979,2002,pre_saturation,national,regional_csv
Milk Production,TUN,Tunisia,thousand metric tons,1959,2010,2010,pre_saturation,national,regional_csv
Crude Oil,GAB,Gabon,thousand metric tons,1957,1997,2008,pre_saturation,national,regional_csv
Milk Production,MLI,Mali,thousand metric tons,1959,2010,2010,pre_saturation,national,regional_csv
Natural Gas Production,MYS,Malaysia,billion cubic meters,1970,2017,2019,saturating,national,regional_csv
Natural Gas Production,OMN,Oman,billion cubic meters,1970,2021,2021,pre_saturation,national,regional_csv
Natural Gas Production,TKM,Turkmenistan,billion cubic meters,1970,1989,2021,pre_saturation,national,regional_csv
Natural Gas Production,ROU,Romania,billion cubic meters,1970,1982,1984,saturating,national,regional_csv
Natural Gas Production,UKR,Ukraine,billion cubic meters,1970,1985,2021,pre_saturation,national,regional_csv
Natural Gas Production,GBR,United Kingdom,billion cubic meters,1970,2000,2003,saturating,national,regional_csv
Natural Gas Production,AZE,Azerbaijan,billion cubic meters,1970,2021,2021,pre_saturation,national,regional_csv
Natural Gas Production,KAZ,Kazakhstan,billion cubic meters,1970,2017,2021,saturating,national,regional_csv
Natural Gas Production,RUS,Russian Federation,billion cubic meters,1970,2021,2021,pre_saturation,national,regional_csv
Natural Gas Production,UZB,Uzbekistan,billion cubic meters,1970,2008,2021,pre_saturation,national,regional_csv
Natural Gas Production,SAU,Saudi Arabia,billion cubic meters,1970,2021,2021,pre_saturation,national,regional_csv
Natural Gas Production,BHR,Bahrain,billion cubic meters,1970,2021,2021,pre_saturation,national,regional_csv
Natural Gas Production,IRN,Iran,billion cubic meters,1970,2021,2021,pre_saturation,national,regional_csv
Natural Gas Production,IRQ,Iraq,billion cubic meters,1970,2019,2021,pre_saturation,national,regional_csv
Natural Gas Production,KWT,Kuwait,billion cubic meters,1970,2019,2021,pre_saturation,national,regional_csv
Caustic Soda,MEX,Mexico,thousand metric tons,1952,1997,2003,pre_saturation,national,regional_csv
Natural Gas Production,NOR,Norway,billion cubic meters,1970,2017,2021,pre_saturation,national,regional_csv
Natural Gas Production,ITA,Italy,billion cubic meters,1970,1994,1997,saturating,national,regional_csv
Nitrogen Fertilizer,DZA,Algeria,metric tons,1969,2016,2020,saturating,national,regional_csv
Natural Gas Production,CAN,Canada,billion cubic meters,1970,2002,2007,saturating,national,regional_csv
Natural Gas Production,MEX,Mexico,billion cubic meters,1970,2009,2014,saturating,national,regional_csv
Nitric Acid,AUS,Australia,thousand metric tons,1937,1987,1988,pre_saturation,national,regional_csv
Crude Oil,ISR,Israel,thousand metric tons,1955,1971,2006,pre_saturation,national,regional_csv
Natural Gas Production,ARG,Argentina,billion cubic meters,1970,2006,2008,saturating,national,regional_csv
Natural Gas Production,BOL,Bolivia,billion cubic meters,1970,2014,2021,pre_saturation,national,regional_csv
Natural Gas Production,BRA,Brazil,billion cubic meters,1970,2017,2021,pre_saturation,national,regional_csv
Natural Gas Production,COL,Colombia,billion cubic meters,1970,2013,2021,pre_saturation,national,regional_csv
Natural Gas Production,PER,Peru,billion cubic meters,1970,2016,2021,pre_saturation,national,regional_csv
Natural Gas Production,TTO,Trinidad & Tobago,billion cubic meters,1970,2010,2013,saturating,national,regional_csv
Natural Gas Production,VEN,Venezuela,billion cubic meters,1970,2017,2021,pre_saturation,national,regional_csv
Natural Gas Production,DNK,Denmark,billion cubic meters,1970,2005,2021,pre_saturation,national,regional_csv
Natural Gas Production,QAT,Qatar,billion cubic meters,1970,2019,2021,saturating,national,regional_csv
Natural Gas Production,IDN,Indonesia,billion cubic meters,1970,2010,2021,pre_saturation,national,regional_csv
Natural Gas Production,NGA,Nigeria,billion cubic meters,1970,2020,2021,pre_saturation,national,regional_csv
Natural Gas Production,ARE,United Arab Emirates,billion cubic meters,1970,2017,2019,saturating,national,regional_csv
Telephones,GAB,Gabon,-,1949,2000,2002,pre_saturation,national,regional_csv
Radio,KOR,South Korea,-,1948,1999,1999,pre_saturation,national,regional_csv
Natural Gas Production,EGY,Egypt,billion cubic meters,1970,2021,2021,pre_saturation,national,regional_csv
Natural Gas Production,IND,India,billion cubic meters,1970,2010,2021,pre_saturation,national,regional_csv
Television,FRA,France,-,1950,2001,2001,pre_saturation,national,regional_csv
Natural Gas Production,BGD,Bangladesh,billion cubic meters,1970,2017,2019,saturating,national,regional_csv
Natural Gas Production,SYR,Syria,billion cubic meters,1970,2010,2021,pre_saturation,national,regional_csv
Natural Gas Production,CHN,China,billion cubic meters,1970,2021,2021,pre_saturation,national,regional_csv
Natural Gas Production,AUS,Australia,billion cubic meters,1970,2021,2021,pre_saturation,national,regional_csv
Crude Oil,NGA,Nigeria,thousand metric tons,1957,2004,2008,pre_saturation,national,regional_csv
Natural Gas Production,DZA,Algeria,billion cubic meters,1970,2021,2021,pre_saturation,national,regional_csv
Natural Gas Production,LBY,Libya,billion cubic meters,1970,2010,2021,pre_saturation,national,regional_csv
Natural Gas Production,BRN,Brunei,billion cubic meters,1970,2015,2017,saturating,national,regional_csv
Natural Gas Production,YEM,Yemen,billion cubic meters,1970,2013,2021,pre_saturation,national,regional_csv
Milk Production,TZA,Tanzania,thousand metric tons,1960,2010,2010,pre_saturation,national,regional_csv
Telephones,MUS,Mauritius,-,1951,2002,2002,pre_saturation,national,regional_csv
Nitrogen Fertilizer,SAU,Saudi Arabia,metric tons,1970,2018,2020,saturating,national,regional_csv
Nitrogen Fertilizer,MMR,Myanmar,metric tons,1970,1986,2020,pre_saturation,national,regional_csv
Radio,IDN,Indonesia,-,1949,1999,1999,pre_saturation,national,regional_csv
Passenger Cars,YEM,Yemen,-,1947,1997,1997,pre_saturation,national,regional_csv
Passenger Cars,GTM,Guatemala,-,1928,1980,1980,pre_saturation,national,regional_csv
Railroad,SAU,Saudi Arabia,kilometers,1945,1984,1998,saturating,national,regional_csv
Passenger Cars,ESP,Spain,-,1948,1998,1998,pre_saturation,national,regional_csv
Milk Production,ETH,Ethiopia,thousand metric tons,1960,2010,2010,pre_saturation,national,regional_csv
Silver,KOR,South Korea,metric tons,1953,2002,2003,pre_saturation,national,regional_csv
Telephones,CUB,Cuba,-,1932,1987,1988,pre_saturation,national,regional_csv
Telephones,PAK,Pakistan,-,1948,1998,1998,pre_saturation,national,regional_csv
Radio,SYR,Syria,-,1946,1999,1999,pre_saturation,national,regional_csv
Television,NLD,Netherlands,-,1952,2002,2002,pre_saturation,national,regional_csv
Beer Production,SLV,El Salvador,thousand hectolitres,1932,1978,1983,pre_saturation,national,regional_csv
Milk Production,SYR,Syria,thousand metric tons,1961,2007,2010,pre_saturation,national,regional_csv
Synthetic Filaments,EGY,Egypt,thousand metric tons,1949,1996,1998,saturating,national,regional_csv
Railroad,PAK,Pakistan,kilometers,1948,1980,1998,saturating,national,regional_csv
Nitrogen Fertilizer,SYR,Syrian Arab Republic,metric tons,1971,2002,2020,pre_saturation,national,regional_csv
Jet Aircraft,USA,Boeing,MW,1958,2007,2007,pre_saturation,national,regional_csv
Postal Traffic,PER,Peru,Number (millions),1910,1959,1959,pre_saturation,national,regional_csv
Passenger Cars,BGD,Bangladesh,-,1947,1996,1996,pre_saturation,national,regional_csv
Zinc,CHN,China,thousand metric tons,1953,2003,2003,pre_saturation,national,regional_csv
Milk Production,MNG,Mongolia,thousand metric tons,1961,2009,2010,pre_saturation,national,regional_csv
Milk Production,NGA,Nigeria,thousand metric tons,1962,2010,2010,pre_saturation,national,regional_csv
Television,CHE,Switzerland,-,1953,2001,2001,pre_saturation,national,regional_csv
Nitrogen Fertilizer,IRQ,Iraq,metric tons,1970,1989,2020,pre_saturation,national,regional_csv
Milk Production,AFG,Afghanistan,thousand metric tons,1962,1999,2010,pre_saturation,national,regional_csv
Cane Sugar,SDN,Sudan,thousand metric tons,1962,2009,2010,pre_saturation,national,regional_csv
Carbon Capture and Sequestration,World,World,GW,1971,2019,2019,pre_saturation,global,regional_csv
Postal Traffic,KOR,South Korea,Number (millions),1945,1993,1993,pre_saturation,national,regional_csv
Nitrogen Fertilizer,TUN,Tunisia,metric tons,1967,2003,2020,pre_saturation,national,regional_csv
Sulphuric Acid,BRA,Brazil,thousand metric tons,1950,2003,2003,pre_saturation,national,regional_csv
Hydrochloric Acid,EGY,Egypt,thousand metric tons,1952,1993,2000,pre_saturation,national,regional_csv
Crude Oil,COG,Republic of the Congo,thousand metric tons,1960,2006,2008,pre_saturation,national,regional_csv
Telephones,IRN,Iran,-,1951,2002,2002,pre_saturation,national,regional_csv
Milk Production,IRN,Iran,thousand metric tons,1962,2009,2010,pre_saturation,national,regional_csv
Passenger Cars,SLV,El Salvador,-,1928,1983,1985,saturating,national,regional_csv
Television,VEN,Venezuela,-,1953,2001,2001,pre_saturation,national,regional_csv
Hydrochloric Acid,CAN,Canada,thousand metric tons,1954,1991,2002,pre_saturation,national,regional_csv
Radio,LBY,Libya,-,1952,1999,1999,pre_saturation,national,regional_csv
Cane Sugar,MAR,Morocco,thousand metric tons,1963,1988,2010,pre_saturation,national,regional_csv
Caustic Soda,PAK,Pakistan,thousand metric tons,1956,2003,2003,pre_saturation,national,regional_csv
Nitrogen Fertilizer,QAT,Qatar,metric tons,1973,2016,2020,pre_saturation,national,regional_csv
Potash Fertilizer,GBR,United Kingdom of Great Britain and Northern Ireland,metric tons,1973,2003,2020,pre_saturation,national,regional_csv
Television,CUB,Cuba,-,1953,2001,2001,pre_saturation,national,regional_csv
Phosphate Fertilizer,JOR,Jordan,metric tons,1973,2018,2020,saturating,national,regional_csv
Milk Production,KOR,South Korea,thousand metric tons,1963,2002,2010,pre_saturation,national,regional_csv
Telegraph Traffic,RUS,Russia,Number (millions),1864,1913,1913,pre_saturation,national,regional_csv
Telephones,CIV,Ivory Coast,-,1949,1998,1998,pre_saturation,national,regional_csv
Telephones,SDN,Sudan,-,1951,1998,1998,pre_saturation,national,regional_csv
Crude Oil,LBY,Libya,thousand metric tons,1961,1970,2008,pre_saturation,national,regional_csv
Passenger Cars,JOR,Jordan,-,1950,1996,1997,pre_saturation,national,regional_csv
Television,BRA,Brazil,-,1953,1999,1999,pre_saturation,national,regional_csv
Passenger Cars,LBY,Libya,-,1947,1981,1993,pre_saturation,national,regional_csv
Nickel Production,IDN,Indonesia,thousand metric tons,1961,2007,2008,pre_saturation,national,regional_csv
Telephones,CMR,Cameroon,-,1949,2002,2002,pre_saturation,national,regional_csv
Radio,TWN,Taiwan,-,1953,1999,1999,pre_saturation,national,regional_csv
Space Launches,CHN,China,-,1970,2022,2022,pre_saturation,national,regional_csv
Passenger Cars,PAK,Pakistan,-,1947,1993,1993,pre_saturation,national,regional_csv
Nitrogen Fertilizer,MUS,Mauritius,metric tons,1974,2000,2020,pre_saturation,national,regional_csv
Crude Oil,ARE,UAE,thousand metric tons,1962,2008,2008,pre_saturation,national,regional_csv
Radio,KHM,Cambodia,-,1953,1999,1999,pre_saturation,national,regional_csv
Nuclear Weapons,CHN,China,-,1964,1984,2010,pre_saturation,national,regional_csv
Nuclear Weapons,FRA,France,-,1964,1991,1993,saturating,national,regional_csv
Zinc,PRK,North Korea,thousand metric tons,1957,1987,1990,saturating,national,regional_csv
Phosphate Fertilizer,BGD,Bangladesh,metric tons,1974,2016,2020,pre_saturation,national,regional_csv
Passenger Cars,TUN,Tunisia,-,1948,1993,1993,pre_saturation,national,regional_csv
Passenger Cars,IRN,Iran,-,1950,1989,1997,pre_saturation,national,regional_csv
Television,DOM,Dominican Republic,-,1953,1999,1999,pre_saturation,national,regional_csv
Beer Production,BDI,Burundi,thousand hectolitres,1961,1995,2006,pre_saturation,national,regional_csv
Beer Production,THA,Thailand,thousand hectolitres,1962,2007,2007,pre_saturation,national,regional_csv
Beer Production,AGO,Angola,thousand hectolitres,1952,1999,1999,pre_saturation,national,regional_csv
Radio,LAO,Laos,-,1954,1999,1999,pre_saturation,national,regional_csv
Railroad,BGD,Bangladesh,kilometers,1947,1983,1988,saturating,national,regional_csv
Railroad,ISR,Israel,kilometers,1948,1990,1993,saturating,national,regional_csv
Synthetic Filaments,NLD,Netherlands,thousand metric tons,1922,1972,1972,pre_saturation,national,regional_csv
Telegraph Traffic,SLV,El Salvador,Number (millions),1940,1962,1985,pre_saturation,national,regional_csv
Television,DEU,Germany,-,1955,2000,2000,pre_saturation,national,regional_csv
Postal Traffic,MOZ,Mozambique,Number (millions),1928,1973,1977,pre_saturation,national,regional_csv
Postal Traffic,PAK,Pakistan,Number (millions),1948,1983,1993,pre_saturation,national,regional_csv
Crude Oil,AUS,Australia,thousand metric tons,1963,2001,2008,pre_saturation,national,regional_csv
Synthetic Filaments,NOR,Norway,thousand metric tons,1937,1969,1982,pre_saturation,national,regional_csv
Sulphuric Acid,PAK,Pakistan,thousand metric tons,1958,1994,2003,pre_saturation,national,regional_csv
Passenger Cars,ETH,Ethiopia,-,1949,1987,1993,pre_saturation,national,regional_csv
Milk Production,NPL,Nepal,thousand metric tons,1966,2010,2010,pre_saturation,national,regional_csv
Beer Production,CMR,Cameroon,thousand hectolitres,1957,1987,2007,pre_saturation,national,regional_csv
Beer Production,NGA,Nigeria,thousand hectolitres,1949,1993,1993,pre_saturation,national,regional_csv
Nitrogen Fertilizer,VNM,Viet Nam,metric tons,1976,2020,2020,pre_saturation,national,regional_csv
Television,ARG,Argentina,-,1953,1999,1999,pre_saturation,national,regional_csv
Telegraph Traffic,MOZ,Mozambique,Number (millions),1926,1964,1972,pre_saturation,national,regional_csv
Passenger Cars,HKG,Hong Kong,-,1953,1997,1997,pre_saturation,national,regional_csv
Postal Traffic,VEN,Venezuela,Number (millions),1928,1958,1976,pre_saturation,national,regional_csv
Cane Sugar,MWI,Malawi,thousand metric tons,1966,2002,2010,saturating,national,regional_csv
Telephones,MAR,Morocco,-,1938,1988,1988,pre_saturation,national,regional_csv
Passenger Cars,AGO,Angola,-,1937,1988,1992,pre_saturation,national,regional_csv
Radio,TUN,Tunisia,-,1956,1999,1999,pre_saturation,national,regional_csv
Beer Production,NIC,Nicaragua,thousand hectolitres,1938,1984,1984,pre_saturation,national,regional_csv
Postal Traffic,ISR,Israel,Number (millions),1948,1993,1993,pre_saturation,national,regional_csv
Telephones,BEN,Benin,-,1959,2002,2002,pre_saturation,national,regional_csv
Radio,SDN,Sudan,-,1956,1999,1999,pre_saturation,national,regional_csv
Telephones,SEN,Senegal,-,1959,2001,2002,pre_saturation,national,regional_csv
Passenger Cars,GAB,Gabon,-,1949,1992,1993,pre_saturation,national,regional_csv
Passenger Cars,ZMB,Zambia,-,1948,1975,1991,pre_saturation,national,regional_csv
Railroad,MRT,Mauritania,kilometers,1950,1963,1993,saturating,national,regional_csv
Nuclear Weapons,ISR,Israel,-,1967,2004,2010,saturating,national,regional_csv
Radio,MAR,Morocco,-,1956,1999,1999,pre_saturation,national,regional_csv
Television,ESP,Spain,-,1956,1999,1999,pre_saturation,national,regional_csv
Beer Production,COG,Congo,thousand hectolitres,1960,1984,1986,saturating,national,regional_csv
Nitric Acid,CAN,Canada,thousand metric tons,1954,2002,2002,pre_saturation,national,regional_csv
Passenger Cars,MRT,Mauritania,-,1956,1987,2001,pre_saturation,national,regional_csv
Milk Production,GRC,Greece,thousand metric tons,1967,2008,2010,pre_saturation,national,regional_csv
Television,FIN,Finland,-,1960,2000,2002,saturating,national,regional_csv
Television,URY,Uruguay,-,1956,1999,1999,pre_saturation,national,regional_csv
Television,SLV,El Salvador,-,1956,1999,1999,pre_saturation,national,regional_csv
Television,PAN,Panama,-,1960,2002,2002,pre_saturation,national,regional_csv
Crude Oil,TUN,Tunisia,thousand metric tons,1966,1980,1985,saturating,national,regional_csv
Television,JPN,Japan,-,1960,2002,2002,pre_saturation,national,regional_csv
Radio,MYS,Malaysia,-,1957,1999,1999,pre_saturation,national,regional_csv
Crude Oil,THA,Thailand,thousand metric tons,1966,2008,2008,pre_saturation,national,regional_csv
Television,PRT,Portugal,-,1957,1999,1999,pre_saturation,national,regional_csv
Radio,GHA,Ghana,-,1957,1999,1999,pre_saturation,national,regional_csv
Caustic Soda,KOR,South Korea,thousand metric tons,1961,2003,2003,pre_saturation,national,regional_csv
Television,IRL,Ireland,-,1960,2002,2002,pre_saturation,national,regional_csv
Silver,CHN,China,metric tons,1962,2003,2004,pre_saturation,national,regional_csv
Beer Production,VEN,Venezuela,thousand hectolitres,1937,1970,1979,pre_saturation,national,regional_csv
Passenger Cars,TCD,Chad,-,1949,1985,1988,saturating,national,regional_csv
Caustic Soda,DZA,Algeria,thousand metric tons,1950,1991,1992,pre_saturation,national,regional_csv
Television,AUT,Austria,-,1960,2002,2002,pre_saturation,national,regional_csv
Television,SAU,Saudi Arabia,-,1960,2002,2002,pre_saturation,national,regional_csv
Television,BEL,Belgium,-,1957,1999,1999,pre_saturation,national,regional_csv
Television,ROU,Romania,-,1957,1999,1999,pre_saturation,national,regional_csv
BCG Vaccine,MDG,Madagascar,%,1980,2006,2021,pre_saturation,national,regional_csv
BCG Vaccine,GMB,Gambia,%,1980,1994,2008,saturating,national,regional_csv
BCG Vaccine,LSO,Lesotho,%,1980,2013,2021,saturating,national,regional_csv
BCG Vaccine,HND,Honduras,%,1980,1991,1998,saturating,national,regional_csv
BCG Vaccine,IRN,Iran (Islamic Republic of),%,1980,1992,1996,saturating,national,regional_csv
BCG Vaccine,MDV,Maldives,%,1980,1990,1992,saturating,national,regional_csv
BCG Vaccine,POL,Poland,%,1980,1995,2002,saturating,national,regional_csv
BCG Vaccine,PAK,Pakistan,%,1980,2019,2021,saturating,national,regional_csv
BCG Vaccine,OMN,Oman,%,1980,2004,2021,saturating,national,regional_csv
BCG Vaccine,PER,Peru,%,1980,1996,1999,saturating,national,regional_csv
BCG Vaccine,PHL,Philippines,%,1980,1991,2012,saturating,national,regional_csv
BCG Vaccine,MNG,Mongolia,%,1980,2005,2021,saturating,national,regional_csv
BCG Vaccine,QAT,Qatar,%,1980,1992,2013,saturating,national,regional_csv
BCG Vaccine,NPL,Nepal,%,1980,2014,2019,saturating,national,regional_csv
BCG Vaccine,MMR,Myanmar,%,1980,1990,1998,saturating,national,regional_csv
BCG Vaccine,PRY,Paraguay,%,1980,2006,2021,pre_saturation,national,regional_csv
BCG Vaccine,SAU,Saudi Arabia,%,1980,2012,2018,saturating,national,regional_csv
Beer Production,GAB,Gabon,thousand hectolitres,1960,1986,1988,saturating,national,regional_csv
BCG Vaccine,EGY,Egypt,%,1980,1998,2016,saturating,national,regional_csv
Phosphate Fertilizer,LKA,Sri Lanka,metric tons,1979,2014,2020,pre_saturation,national,regional_csv
Passenger Cars,BWA,Botswana,-,1953,1995,1998,pre_saturation,national,regional_csv
Postal Traffic,AGO,Angola,Number (millions),1931,1973,1973,pre_saturation,national,regional_csv
Phosphate Fertilizer,IDN,Indonesia,metric tons,1979,2017,2020,pre_saturation,national,regional_csv
Crude Oil,OMN,Oman,thousand metric tons,1967,2000,2008,pre_saturation,national,regional_csv
Steamships,FRA,France,-,1838,1879,1879,pre_saturation,national,regional_csv
Passenger Cars,COG,Republic of the Congo,-,1949,1984,1997,pre_saturation,national,regional_csv
Telephones,ETH,Ethiopia,-,1951,1988,1993,pre_saturation,national,regional_csv
Telephones,MOZ,Mozambique,-,1947,1987,1988,pre_saturation,national,regional_csv
Radio,SUR,Suriname,-,1950,1998,1999,pre_saturation,national,regional_csv
BCG Vaccine,SOM,Somalia,%,1980,1999,2001,saturating,national,regional_csv
BCG Vaccine,BLZ,Belize,%,1980,2003,2015,saturating,national,regional_csv
BCG Vaccine,DOM,Dominican Republic,%,1980,1999,2006,saturating,national,regional_csv
BCG Vaccine,PRK,Democratic People's Republic of Korea,%,1980,1989,1993,saturating,national,regional_csv
BCG Vaccine,CRI,Costa Rica,%,1980,1995,2008,saturating,national,regional_csv
BCG Vaccine,BTN,Bhutan,%,1980,1990,1996,saturating,national,regional_csv
BCG Vaccine,CAF,Central African Republic,%,1980,1990,2021,pre_saturation,national,regional_csv
BCG Vaccine,BRA,Brazil,%,1980,1995,2015,saturating,national,regional_csv
BCG Vaccine,BOL,Bolivia (Plurinational State of),%,1980,2011,2021,pre_saturation,national,regional_csv
DTP3 Vaccine,PAK,Pakistan,%,1980,2019,2021,pre_saturation,national,regional_csv
DTP3 Vaccine,OMN,Oman,%,1980,1992,2021,saturating,national,regional_csv
DTP3 Vaccine,NIC,Nicaragua,%,1980,2009,2019,saturating,national,regional_csv
DTP3 Vaccine,NPL,Nepal,%,1980,2019,2021,pre_saturation,national,regional_csv
DTP3 Vaccine,MMR,Myanmar,%,1980,2018,2021,pre_saturation,national,regional_csv
POL3 Vaccine,ETH,Ethiopia,%,1980,1997,2021,pre_saturation,national,regional_csv
DTP3 Vaccine,MEX,Mexico,%,1980,2012,2021,pre_saturation,national,regional_csv
DTP3 Vaccine,MDV,Maldives,%,1980,2012,2021,saturating,national,regional_csv
DTP3 Vaccine,MWI,Malawi,%,1980,2006,2021,pre_saturation,national,regional_csv
Television,IND,India,-,1960,2001,2001,pre_saturation,national,regional_csv
DTP3 Vaccine,LBY,Libya,%,1980,2005,2017,saturating,national,regional_csv
DTP3 Vaccine,LSO,Lesotho,%,1980,2011,2013,saturating,national,regional_csv
POL3 Vaccine,FRA,France,%,1980,2004,2021,saturating,national,regional_csv
DTP3 Vaccine,KWT,Kuwait,%,1980,1994,1998,saturating,national,regional_csv
DTP3 Vaccine,PAN,Panama,%,1980,2001,2004,saturating,national,regional_csv
DTP3 Vaccine,PRY,Paraguay,%,1980,2006,2021,pre_saturation,national,regional_csv
DTP3 Vaccine,PER,Peru,%,1980,1999,2021,pre_saturation,national,regional_csv
POL3 Vaccine,COK,Cook Islands,%,1980,1993,2008,saturating,national,regional_csv
POL3 Vaccine,PRK,Democratic People's Republic of Korea,%,1980,1990,1993,saturating,national,regional_csv
POL3 Vaccine,COD,Democratic Republic of the Congo,%,1980,2019,2021,pre_saturation,national,regional_csv
POL3 Vaccine,DMA,Dominica,%,1980,1992,2006,saturating,national,regional_csv
DTP3 Vaccine,SAU,Saudi Arabia,%,1980,2008,2021,saturating,national,regional_csv
POL3 Vaccine,ECU,Ecuador,%,1980,2003,2021,pre_saturation,national,regional_csv
DTP3 Vaccine,WSM,Samoa,%,1980,1998,2000,saturating,national,regional_csv
DTP3 Vaccine,VCT,Saint Vincent and the Grenadines,%,1980,1991,2021,saturating,national,regional_csv
DTP3 Vaccine,LCA,Saint Lucia,%,1980,2001,2016,saturating,national,regional_csv
POL3 Vaccine,EGY,Egypt,%,1980,2001,2011,saturating,national,regional_csv
Television,HUN,Hungary,-,1960,2001,2001,pre_saturation,national,regional_csv
DTP3 Vaccine,PRT,Portugal,%,1980,2003,2021,saturating,national,regional_csv
DTP3 Vaccine,PHL,Philippines,%,1980,1991,2012,saturating,national,regional_csv
POL3 Vaccine,GMB,Gambia,%,1980,1997,2016,saturating,national,regional_csv
DTP3 Vaccine,JOR,Jordan,%,1980,1997,2018,saturating,national,regional_csv
DTP3 Vaccine,JPN,Japan,%,1980,1996,2021,saturating,national,regional_csv
DTP3 Vaccine,EGY,Egypt,%,1980,2001,2011,saturating,national,regional_csv
POL3 Vaccine,HND,Honduras,%,1980,2001,2016,saturating,national,regional_csv
DTP3 Vaccine,ECU,Ecuador,%,1980,2006,2009,saturating,national,regional_csv
POL3 Vaccine,IND,India,%,1980,2018,2021,pre_saturation,national,regional_csv
POL3 Vaccine,IRN,Iran (Islamic Republic of),%,1980,1993,2021,saturating,national,regional_csv
DTP3 Vaccine,COK,Cook Islands,%,1980,1993,2008,saturating,national,regional_csv
DTP3 Vaccine,COL,Colombia,%,1980,2007,2009,saturating,national,regional_csv
POL3 Vaccine,IRL,Ireland,%,1980,2013,2021,saturating,national,regional_csv
DTP3 Vaccine,CAF,Central African Republic,%,1980,1990,2021,pre_saturation,national,regional_csv
POL3 Vaccine,ISR,Israel,%,1980,2017,2021,saturating,national,regional_csv
POL3 Vaccine,JAM,Jamaica,%,1980,2001,2006,saturating,national,regional_csv
POL3 Vaccine,HTI,Haiti,%,1980,2011,2013,saturating,national,regional_csv
POL3 Vaccine,GUY,Guyana,%,1980,2013,2019,saturating,national,regional_csv
DTP3 Vaccine,GUY,Guyana,%,1980,2019,2021,pre_saturation,national,regional_csv
DTP3 Vaccine,JAM,Jamaica,%,1980,2001,2006,saturating,national,regional_csv
DTP3 Vaccine,IRL,Ireland,%,1980,2013,2021,saturating,national,regional_csv
DTP3 Vaccine,IRN,Iran (Islamic Republic of),%,1980,1993,2021,saturating,national,regional_csv
POL3 Vaccine,DEU,Germany,%,1980,2002,2014,saturating,national,regional_csv
DTP3 Vaccine,IND,India,%,1980,2019,2021,pre_saturation,national,regional_csv
DTP3 Vaccine,HND,Honduras,%,1980,2013,2016,saturating,national,regional_csv
DTP3 Vaccine,HTI,Haiti,%,1980,2011,2013,saturating,national,regional_csv
POL3 Vaccine,GHA,Ghana,%,1980,2018,2021,pre_saturation,national,regional_csv
DTP3 Vaccine,GRD,Grenada,%,1980,2005,2014,saturating,national,regional_csv
DTP3 Vaccine,GHA,Ghana,%,1980,2017,2019,saturating,national,regional_csv
POL3 Vaccine,GRD,Grenada,%,1980,2005,2009,saturating,national,regional_csv
DTP3 Vaccine,GMB,Gambia,%,1980,2009,2016,saturating,national,regional_csv
DTP3 Vaccine,FRA,France,%,1980,2006,2021,saturating,national,regional_csv
MCV1 Vaccine,NLD,Netherlands,%,1980,1996,2021,saturating,national,regional_csv
MCV1 Vaccine,MWI,Malawi,%,1980,2011,2021,pre_saturation,national,regional_csv
MCV1 Vaccine,LBY,Libya,%,1980,2004,2013,saturating,national,regional_csv
MCV1 Vaccine,LSO,Lesotho,%,1980,2015,2021,saturating,national,regional_csv
MCV1 Vaccine,KWT,Kuwait,%,1980,1996,2013,saturating,national,regional_csv
MCV1 Vaccine,JOR,Jordan,%,1980,2001,2014,saturating,national,regional_csv
MCV1 Vaccine,JPN,Japan,%,1980,2001,2021,saturating,national,regional_csv
MCV1 Vaccine,ISR,Israel,%,1980,2019,2021,saturating,national,regional_csv
MCV1 Vaccine,IRN,Iran (Islamic Republic of),%,1980,1996,2004,saturating,national,regional_csv
MCV1 Vaccine,HND,Honduras,%,1980,2001,2003,saturating,national,regional_csv
POL3 Vaccine,ARG,Argentina,%,1980,2009,2011,saturating,national,regional_csv
MCV1 Vaccine,GHA,Ghana,%,1980,2007,2011,saturating,national,regional_csv
MCV1 Vaccine,DEU,Germany,%,1980,2007,2021,saturating,national,regional_csv
MCV1 Vaccine,ETH,Ethiopia,%,1980,2011,2021,pre_saturation,national,regional_csv
MCV1 Vaccine,SLV,El Salvador,%,1980,1998,2008,saturating,national,regional_csv
POL3 Vaccine,CAF,Central African Republic,%,1980,1990,2021,pre_saturation,national,regional_csv
MCV1 Vaccine,NIC,Nicaragua,%,1980,2001,2020,saturating,national,regional_csv
MCV1 Vaccine,URY,Uruguay,%,1980,1999,2005,saturating,national,regional_csv
MCV1 Vaccine,TZA,United Republic of Tanzania,%,1980,2013,2015,saturating,national,regional_csv
MCV1 Vaccine,GBR,United Kingdom,%,1980,2013,2021,saturating,national,regional_csv
MCV1 Vaccine,ARE,United Arab Emirates,%,1980,2014,2021,saturating,national,regional_csv
MCV1 Vaccine,TUR,Türkiye,%,1980,2006,2021,saturating,national,regional_csv
MCV1 Vaccine,SYR,Syrian Arab Republic,%,1980,1990,2000,saturating,national,regional_csv
MCV1 Vaccine,SWE,Sweden,%,1980,2012,2021,saturating,national,regional_csv
MCV1 Vaccine,SGP,Singapore,%,1980,1997,2002,saturating,national,regional_csv
MCV1 Vaccine,SAU,Saudi Arabia,%,1980,2009,2021,saturating,national,regional_csv
MCV1 Vaccine,YEM,Yemen,%,1980,1999,2021,pre_saturation,national,regional_csv
MCV1 Vaccine,KOR,Republic of Korea,%,1980,2004,2006,saturating,national,regional_csv
MCV1 Vaccine,POL,Poland,%,1980,2006,2016,saturating,national,regional_csv
MCV1 Vaccine,PER,Peru,%,1980,1995,2003,saturating,national,regional_csv
MCV1 Vaccine,PRY,Paraguay,%,1980,1993,2021,pre_saturation,national,regional_csv
MCV1 Vaccine,PAK,Pakistan,%,1980,2020,2021,pre_saturation,national,regional_csv
MCV1 Vaccine,EGY,Egypt,%,1980,1998,2007,saturating,national,regional_csv
MCV1 Vaccine,ECU,Ecuador,%,1980,1999,2004,saturating,national,regional_csv
DTP3 Vaccine,URY,Uruguay,%,1980,1990,1992,saturating,national,regional_csv
DTP3 Vaccine,GBR,United Kingdom,%,1980,2011,2021,saturating,national,regional_csv
DTP3 Vaccine,ARE,United Arab Emirates,%,1980,2014,2019,saturating,national,regional_csv
POL3 Vaccine,BLZ,Belize,%,1980,2006,2016,saturating,national,regional_csv
DTP3 Vaccine,TUV,Tuvalu,%,1980,1990,2008,saturating,national,regional_csv
POL3 Vaccine,BTN,Bhutan,%,1980,2000,2021,saturating,national,regional_csv
POL3 Vaccine,BOL,Bolivia (Plurinational State of),%,1980,2011,2021,pre_saturation,national,regional_csv
DTP3 Vaccine,TUR,Türkiye,%,1980,2019,2021,saturating,national,regional_csv
POL3 Vaccine,BWA,Botswana,%,1980,1999,2021,saturating,national,regional_csv
DTP3 Vaccine,TTO,Trinidad and Tobago,%,1980,2018,2021,pre_saturation,national,regional_csv
DTP3 Vaccine,THA,Thailand,%,1980,2008,2021,saturating,national,regional_csv
DTP3 Vaccine,SYR,Syrian Arab Republic,%,1980,1989,2021,pre_saturation,national,regional_csv
DTP3 Vaccine,SUR,Suriname,%,1980,2010,2021,pre_saturation,national,regional_csv
DTP3 Vaccine,SDN,Sudan,%,1980,2017,2019,saturating,national,regional_csv
DTP3 Vaccine,LKA,Sri Lanka,%,1980,1999,2021,saturating,national,regional_csv
DTP3 Vaccine,YEM,Yemen,%,1980,1990,2021,pre_saturation,national,regional_csv
Radio,GIN,Guinea,-,1958,1999,1999,pre_saturation,national,regional_csv
POL3 Vaccine,BHR,Bahrain,%,1980,1991,2021,saturating,national,regional_csv
POL3 Vaccine,BHS,Bahamas,%,1980,2012,2015,saturating,national,regional_csv
MCV1 Vaccine,COD,Democratic Republic of the Congo,%,1980,2012,2014,saturating,national,regional_csv
MCV1 Vaccine,PRK,Democratic People's Republic of Korea,%,1980,1989,1993,saturating,national,regional_csv
BCG Vaccine,LKA,Sri Lanka,%,1980,2002,2021,saturating,national,regional_csv
MCV1 Vaccine,CRI,Costa Rica,%,1980,1997,2021,pre_saturation,national,regional_csv
MCV1 Vaccine,COL,Colombia,%,1980,1995,2009,saturating,national,regional_csv
MCV1 Vaccine,CAF,Central African Republic,%,1980,1990,2021,pre_saturation,national,regional_csv
MCV1 Vaccine,BRA,Brazil,%,1980,1997,2016,saturating,national,regional_csv
MCV1 Vaccine,BWA,Botswana,%,1980,2011,2019,saturating,national,regional_csv
MCV1 Vaccine,BOL,Bolivia (Plurinational State of),%,1980,2003,2021,pre_saturation,national,regional_csv
MCV1 Vaccine,BTN,Bhutan,%,1980,2008,2012,saturating,national,regional_csv
MCV1 Vaccine,BLZ,Belize,%,1980,2006,2016,saturating,national,regional_csv
MCV1 Vaccine,BRB,Barbados,%,1980,1996,2021,pre_saturation,national,regional_csv
MCV1 Vaccine,BHR,Bahrain,%,1980,1998,2021,saturating,national,regional_csv
POL3 Vaccine,JOR,Jordan,%,1980,1997,2017,saturating,national,regional_csv
DTP3 Vaccine,ISR,Israel,%,1980,2017,2021,saturating,national,regional_csv
POL3 Vaccine,WSM,Samoa,%,1980,1997,2000,saturating,national,regional_csv
POL3 Vaccine,SAU,Saudi Arabia,%,1980,2008,2021,saturating,national,regional_csv
DTP1 Vaccine,EGY,Egypt,%,1980,2001,2011,saturating,national,regional_csv
DTP1 Vaccine,ECU,Ecuador,%,1980,2007,2009,saturating,national,regional_csv
POL3 Vaccine,LKA,Sri Lanka,%,1980,1999,2021,saturating,national,regional_csv
DTP3 Vaccine,BRA,Brazil,%,1980,2002,2013,saturating,national,regional_csv
POL3 Vaccine,SDN,Sudan,%,1980,2017,2019,saturating,national,regional_csv
POL3 Vaccine,SUR,Suriname,%,1980,2010,2021,pre_saturation,national,regional_csv
DTP1 Vaccine,COK,Cook Islands,%,1980,1993,1995,saturating,national,regional_csv
DTP1 Vaccine,COL,Colombia,%,1980,2006,2011,saturating,national,regional_csv
DTP1 Vaccine,JPN,Japan,%,1980,1996,2021,saturating,national,regional_csv
DTP1 Vaccine,JAM,Jamaica,%,1980,2001,2008,saturating,national,regional_csv
DTP1 Vaccine,IRL,Ireland,%,1980,2009,2021,saturating,national,regional_csv
DTP1 Vaccine,IRN,Iran (Islamic Republic of),%,1980,1993,2021,saturating,national,regional_csv
POL3 Vaccine,PRT,Portugal,%,1980,2018,2021,saturating,national,regional_csv
DTP1 Vaccine,IND,India,%,1980,2019,2021,pre_saturation,national,regional_csv
DTP1 Vaccine,FRA,France,%,1980,1997,2021,saturating,national,regional_csv
DTP1 Vaccine,HND,Honduras,%,1980,1998,2006,saturating,national,regional_csv
DTP1 Vaccine,HTI,Haiti,%,1980,2011,2018,saturating,national,regional_csv
DTP1 Vaccine,GUY,Guyana,%,1980,2009,2021,saturating,national,regional_csv
DTP1 Vaccine,GRD,Grenada,%,1980,1998,2003,saturating,national,regional_csv
DTP1 Vaccine,GHA,Ghana,%,1980,2014,2019,saturating,national,regional_csv
POL3 Vaccine,SYR,Syrian Arab Republic,%,1980,1989,2021,pre_saturation,national,regional_csv
POL3 Vaccine,THA,Thailand,%,1980,2008,2021,saturating,national,regional_csv
RCV1 Vaccine,BHR,Bahrain,%,1980,1998,2021,saturating,national,regional_csv
RCV1 Vaccine,NLD,Netherlands,%,1980,1996,2021,saturating,national,regional_csv
BCG Vaccine,YEM,Yemen,%,1980,1990,2021,pre_saturation,national,regional_csv
RCV1 Vaccine,GBR,United Kingdom,%,1980,2013,2021,saturating,national,regional_csv
DTP1 Vaccine,CAF,Central African Republic,%,1980,1990,2021,pre_saturation,national,regional_csv
BCG Vaccine,ARE,United Arab Emirates,%,1980,2016,2018,saturating,national,regional_csv
Television,NZL,New Zealand,-,1960,2001,2001,pre_saturation,national,regional_csv
Television,KOR,South Korea,-,1960,2000,2001,pre_saturation,national,regional_csv
Television,HTI,Haiti,-,1960,2001,2001,pre_saturation,national,regional_csv
BCG Vaccine,THA,Thailand,%,1980,1990,2021,saturating,national,regional_csv
BCG Vaccine,SWE,Sweden,%,1980,2013,2021,pre_saturation,national,regional_csv
BCG Vaccine,SDN,Sudan,%,1980,2017,2021,pre_saturation,national,regional_csv
POL3 Vaccine,YEM,Yemen,%,1980,1990,2021,pre_saturation,national,regional_csv
DTP1 Vaccine,ARG,Argentina,%,1980,2004,2021,pre_saturation,national,regional_csv
DTP1 Vaccine,AUS,Australia,%,1980,1990,1996,saturating,national,regional_csv
POL3 Vaccine,TON,Tonga,%,1980,1992,1998,saturating,national,regional_csv
POL3 Vaccine,TTO,Trinidad and Tobago,%,1980,2018,2021,pre_saturation,national,regional_csv
POL3 Vaccine,TUV,Tuvalu,%,1980,2005,2008,saturating,national,regional_csv
POL3 Vaccine,ARE,United Arab Emirates,%,1980,2014,2019,saturating,national,regional_csv
DTP1 Vaccine,BWA,Botswana,%,1980,1989,2021,saturating,national,regional_csv
POL3 Vaccine,GBR,United Kingdom,%,1980,1995,1997,saturating,national,regional_csv
DTP1 Vaccine,BOL,Bolivia (Plurinational State of),%,1980,2011,2021,pre_saturation,national,regional_csv
DTP1 Vaccine,BTN,Bhutan,%,1980,2014,2021,saturating,national,regional_csv
DTP1 Vaccine,BLZ,Belize,%,1980,2009,2016,saturating,national,regional_csv
POL3 Vaccine,URY,Uruguay,%,1980,1990,1992,saturating,national,regional_csv
DTP1 Vaccine,BHR,Bahrain,%,1980,1991,2021,saturating,national,regional_csv
DTP1 Vaccine,BHS,Bahamas,%,1980,2000,2017,saturating,national,regional_csv
DTP1 Vaccine,JOR,Jordan,%,1980,1995,1998,saturating,national,regional_csv
DTP3 Vaccine,ARG,Argentina,%,1980,2004,2015,saturating,national,regional_csv
DTP1 Vaccine,WSM,Samoa,%,1980,1998,2003,saturating,national,regional_csv
DTP1 Vaccine,VCT,Saint Vincent and the Grenadines,%,1980,1991,2021,saturating,national,regional_csv
POL3 Vaccine,KWT,Kuwait,%,1980,1994,1997,saturating,national,regional_csv
DTP3 Vaccine,AFG,Afghanistan,%,1980,2018,2020,saturating,national,regional_csv
DTP1 Vaccine,PHL,Philippines,%,1980,1990,2012,saturating,national,regional_csv
DTP1 Vaccine,PER,Peru,%,1980,1999,2010,saturating,national,regional_csv
DTP1 Vaccine,PRY,Paraguay,%,1980,2006,2008,saturating,national,regional_csv
DTP1 Vaccine,PAN,Panama,%,1980,1998,2007,saturating,national,regional_csv
DTP1 Vaccine,PAK,Pakistan,%,1980,2019,2021,pre_saturation,national,regional_csv
DTP1 Vaccine,OMN,Oman,%,1980,1992,2021,saturating,national,regional_csv
POL3 Vaccine,OMN,Oman,%,1980,1992,2021,saturating,national,regional_csv
DTP1 Vaccine,YEM,Yemen,%,1980,1990,2021,pre_saturation,national,regional_csv
POL3 Vaccine,LSO,Lesotho,%,1980,2011,2021,pre_saturation,national,regional_csv
POL3 Vaccine,MWI,Malawi,%,1980,2006,2021,pre_saturation,national,regional_csv
DTP1 Vaccine,GBR,United Kingdom,%,1980,2010,2021,saturating,national,regional_csv
DTP1 Vaccine,TUV,Tuvalu,%,1980,1990,1996,saturating,national,regional_csv
DTP1 Vaccine,TUR,Türkiye,%,1980,2013,2021,saturating,national,regional_csv
POL3 Vaccine,MDV,Maldives,%,1980,2012,2021,saturating,national,regional_csv
DTP1 Vaccine,TTO,Trinidad and Tobago,%,1980,2018,2021,saturating,national,regional_csv
DTP1 Vaccine,THA,Thailand,%,1980,1999,2021,saturating,national,regional_csv
DTP1 Vaccine,SYR,Syrian Arab Republic,%,1980,1989,1997,saturating,national,regional_csv
DTP1 Vaccine,SAU,Saudi Arabia,%,1980,2001,2021,saturating,national,regional_csv
DTP1 Vaccine,SUR,Suriname,%,1980,2007,2021,pre_saturation,national,regional_csv
DTP1 Vaccine,SDN,Sudan,%,1980,2010,2020,saturating,national,regional_csv
DTP1 Vaccine,LKA,Sri Lanka,%,1980,1999,2021,saturating,national,regional_csv
DTP1 Vaccine,URY,Uruguay,%,1980,2001,2021,saturating,national,regional_csv
POL3 Vaccine,LBY,Libya,%,1980,2005,2017,saturating,national,regional_csv
DTP1 Vaccine,KWT,Kuwait,%,1980,1994,2021,saturating,national,regional_csv
DTP1 Vaccine,NIC,Nicaragua,%,1980,2008,2019,saturating,national,regional_csv
DTP1 Vaccine,MWI,Malawi,%,1980,2001,2014,saturating,national,regional_csv
DTP3 Vaccine,BRB,Barbados,%,1980,2015,2021,pre_saturation,national,regional_csv
DTP3 Vaccine,BLZ,Belize,%,1980,2006,2016,saturating,national,regional_csv
POL3 Vaccine,PNG,Papua New Guinea,%,1980,2009,2021,pre_saturation,national,regional_csv
DTP1 Vaccine,MDV,Maldives,%,1980,1992,2021,saturating,national,regional_csv
DTP3 Vaccine,BTN,Bhutan,%,1980,2014,2021,saturating,national,regional_csv
DTP3 Vaccine,BHR,Bahrain,%,1980,1991,2021,saturating,national,regional_csv
POL3 Vaccine,PER,Peru,%,1980,1999,2010,saturating,national,regional_csv
DTP1 Vaccine,LBY,Libya,%,1980,2003,2017,saturating,national,regional_csv
DTP1 Vaccine,LSO,Lesotho,%,1980,2012,2014,saturating,national,regional_csv
DTP1 Vaccine,LBN,Lebanon,%,1980,1993,1998,saturating,national,regional_csv
POL3 Vaccine,PHL,Philippines,%,1980,1991,2012,saturating,national,regional_csv
DTP3 Vaccine,BOL,Bolivia (Plurinational State of),%,1980,2011,2021,pre_saturation,national,regional_csv
DTP3 Vaccine,BWA,Botswana,%,1980,1998,2021,saturating,national,regional_csv
POL3 Vaccine,KIR,Kiribati,%,1980,1993,2021,pre_saturation,national,regional_csv
DTP1 Vaccine,ARE,United Arab Emirates,%,1980,2014,2019,saturating,national,regional_csv
DTP3 Vaccine,BHS,Bahamas,%,1980,2000,2015,saturating,national,regional_csv
DTP1 Vaccine,NPL,Nepal,%,1980,2011,2019,saturating,national,regional_csv
DTP1 Vaccine,MNG,Mongolia,%,1980,2002,2021,saturating,national,regional_csv
POL3 Vaccine,PAK,Pakistan,%,1980,2019,2021,saturating,national,regional_csv
DTP3 Vaccine,AUS,Australia,%,1980,1990,1992,saturating,national,regional_csv
DTP1 Vaccine,MMR,Myanmar,%,1980,1990,1993,saturating,national,regional_csv
RCV1 Vaccine,ESP,Spain,%,1981,1990,2021,saturating,national,regional_csv
Crop Harvester,ZWE,Zimbabwe,-,1961,1991,2001,saturating,national,regional_csv
Crop Harvester,CUB,Cuba,-,1961,1992,2001,saturating,national,regional_csv
Crop Harvester,JOR,Jordan,-,1961,2001,2001,pre_saturation,national,regional_csv
Crop Harvester,SWE,Sweden,-,1961,1977,1982,saturating,national,regional_csv
Crop Harvester,IDN,Indonesia,-,1961,1997,2001,saturating,national,regional_csv
POL3 Vaccine,ZWE,Zimbabwe,%,1981,2012,2014,saturating,national,regional_csv
Television,CHN,China,-,1959,1999,1999,pre_saturation,national,regional_csv
Crop Harvester,ETH,Ethiopia,-,1961,1980,1991,saturating,national,regional_csv
Crop Harvester,THA,Thailand,-,1961,1997,2001,pre_saturation,national,regional_csv
Crop Harvester,PHL,Philippines,-,1961,1992,2001,saturating,national,regional_csv
Crop Harvester,GTM,Guatemala,-,1961,1992,2001,saturating,national,regional_csv
Television,NOR,Norway,-,1959,1999,1999,pre_saturation,national,regional_csv
Crop Harvester,FRA,France,-,1961,1974,1976,saturating,national,regional_csv
POL3 Vaccine,DZA,Algeria,%,1981,2006,2021,saturating,national,regional_csv
Crop Harvester,IND,India,-,1961,1999,2001,saturating,national,regional_csv
Crop Harvester,MLI,Mali,-,1961,1998,2001,saturating,national,regional_csv
Crop Harvester,PNG,Papua New Guinea,-,1961,1990,2001,saturating,national,regional_csv
Crop Harvester,DEU,Germany,-,1961,1975,1979,saturating,national,regional_csv
RCV1 Vaccine,AUT,Austria,%,1981,2014,2021,saturating,national,regional_csv
Crop Harvester,ROU,Romania,-,1961,1987,2001,pre_saturation,national,regional_csv
Crop Harvester,ALB,Albania,-,1961,1989,2001,pre_saturation,national,regional_csv
POL3 Vaccine,LAO,Lao People's Democratic Republic,%,1981,2018,2021,pre_saturation,national,regional_csv
POL3 Vaccine,IDN,Indonesia,%,1981,2013,2021,pre_saturation,national,regional_csv
Crop Harvester,PAK,Pakistan,-,1961,1992,2001,saturating,national,regional_csv
Crop Harvester,SEN,Senegal,-,1961,1992,2001,saturating,national,regional_csv
Crop Harvester,SAU,Saudi Arabia,-,1961,2001,2001,pre_saturation,national,regional_csv
Crop Harvester,TCD,Chad,-,1961,1989,1991,saturating,national,regional_csv
MCV1 Vaccine,ZWE,Zimbabwe,%,1981,2012,2021,pre_saturation,national,regional_csv
Crop Harvester,SUR,Suriname,-,1961,1992,2001,saturating,national,regional_csv
RCV1 Vaccine,FIN,Finland,%,1981,1992,2015,saturating,national,regional_csv
POL3 Vaccine,LBN,Lebanon,%,1981,1996,2021,pre_saturation,national,regional_csv
Crop Harvester,HUN,Hungary,-,1961,1978,2001,pre_saturation,national,regional_csv
RCV1 Vaccine,SYC,Seychelles,%,1981,1997,2020,saturating,national,regional_csv
Crop Harvester,CHL,Chile,-,1961,1997,2001,saturating,national,regional_csv
Crop Harvester,MRT,Mauritania,-,1961,1998,2001,saturating,national,regional_csv
Crop Harvester,AUT,Austria,-,1961,1979,1981,saturating,national,regional_csv
Crop Harvester,IRQ,Iraq,-,1961,1975,2001,pre_saturation,national,regional_csv
Crop Harvester,COG,Republic of the Congo,-,1961,1994,2001,saturating,national,regional_csv
Crop Harvester,DNK,Denmark,-,1961,1973,1975,saturating,national,regional_csv
Crop Harvester,BRA,Brazil,-,1961,1998,2001,saturating,national,regional_csv
Television,LBN,Lebanon,-,1959,1999,1999,pre_saturation,national,regional_csv
POL3 Vaccine,AFG,Afghanistan,%,1981,2018,2020,saturating,national,regional_csv
Crop Harvester,CAF,Central African Republic,-,1961,1995,2001,saturating,national,regional_csv
Television,CRI,Costa Rica,-,1959,1999,1999,pre_saturation,national,regional_csv
Crop Harvester,BEL,Belgium,-,1961,1976,1978,saturating,national,regional_csv
Television,SWE,Sweden,-,1960,2000,2000,pre_saturation,national,regional_csv
Crop Harvester,OMN,Oman,-,1961,1992,2001,saturating,national,regional_csv
Crop Harvester,COL,Colombia,-,1961,1994,2001,saturating,national,regional_csv
Crop Harvester,ECU,Ecuador,-,1961,2001,2001,pre_saturation,national,regional_csv
Crop Harvester,ESP,Spain,-,1961,2000,2001,pre_saturation,national,regional_csv
POL3 Vaccine,KOR,Republic of Korea,%,1981,1995,2002,saturating,national,regional_csv
POL3 Vaccine,RWA,Rwanda,%,1981,2006,2008,saturating,national,regional_csv
Crop Harvester,POL,Poland,-,1961,1995,2001,saturating,national,regional_csv
Crop Harvester,GRC,Greece,-,1961,1989,2001,pre_saturation,national,regional_csv
Crop Harvester,PRT,Portugal,-,1961,1989,2001,pre_saturation,national,regional_csv
Crop Harvester,DZA,Algeria,-,1961,1994,2001,pre_saturation,national,regional_csv
Crop Harvester,LBN,Lebanon,-,1961,2000,2001,pre_saturation,national,regional_csv
Crop Harvester,ITA,Italy,-,1961,2000,2001,pre_saturation,national,regional_csv
Crop Harvester,CRI,Costa Rica,-,1961,1992,2001,saturating,national,regional_csv
POL3 Vaccine,STP,Sao Tome and Principe,%,1981,2004,2019,saturating,national,regional_csv
POL3 Vaccine,NER,Niger,%,1981,2017,2021,saturating,national,regional_csv
Crop Harvester,BLZ,Belize,-,1961,1995,2001,saturating,national,regional_csv
Crop Harvester,TUR,Turkey,-,1961,1977,2001,pre_saturation,national,regional_csv
Crop Harvester,UGA,Uganda,-,1961,1990,2001,saturating,national,regional_csv
Crop Harvester,MMR,Burma,-,1961,2001,2001,pre_saturation,national,regional_csv
Television,BGR,Bulgaria,-,1959,1999,1999,pre_saturation,national,regional_csv
Television,KWT,Kuwait,-,1961,2001,2001,pre_saturation,national,regional_csv
Nitrogen Fertilizer,AUT,Austria,metric tons,1961,1980,2001,pre_saturation,national,regional_csv
Phosphate Fertilizer,AUT,Austria,metric tons,1961,1974,2001,pre_saturation,national,regional_csv
Television,IRQ,Iraq,-,1960,2000,2000,pre_saturation,national,regional_csv
POL3 Vaccine,CMR,Cameroon,%,1981,2013,2021,pre_saturation,national,regional_csv
Sulphuric Acid,COL,Colombia,thousand metric tons,1953,1994,1999,pre_saturation,national,regional_csv
Crop Harvester,KOR,South Korea,-,1961,2001,2001,pre_saturation,national,regional_csv
Crop Harvester,ZMB,Zambia,-,1961,1994,2001,saturating,national,regional_csv
Crop Harvester,MNG,Mongolia,-,1961,1986,1988,saturating,national,regional_csv
Crop Harvester,VEN,Venezuela,-,1961,1992,2001,saturating,national,regional_csv
Crop Harvester,MDG,Madagascar,-,1961,1991,2001,saturating,national,regional_csv
Crop Harvester,BWA,Botswana,-,1961,1992,2001,saturating,national,regional_csv
Crop Harvester,GUY,Guyana,-,1961,1992,2001,saturating,national,regional_csv
POL3 Vaccine,SYC,Seychelles,%,1981,1990,2020,saturating,national,regional_csv
POL3 Vaccine,SWZ,Eswatini,%,1981,2013,2021,pre_saturation,national,regional_csv
Crop Harvester,SYR,Syria,-,1961,1996,2001,pre_saturation,national,regional_csv
POL3 Vaccine,MRT,Mauritania,%,1981,2002,2021,pre_saturation,national,regional_csv
Crop Harvester,NOR,Norway,-,1961,1988,2001,pre_saturation,national,regional_csv
Crop Harvester,EGY,Egypt,-,1961,1992,2001,saturating,national,regional_csv
POL3 Vaccine,TGO,Togo,%,1981,2006,2016,saturating,national,regional_csv
Nickel Production,ZWE,Zimbabwe,thousand metric tons,1965,1994,2005,pre_saturation,national,regional_csv
POL3 Vaccine,UGA,Uganda,%,1981,2019,2021,saturating,national,regional_csv
Crop Harvester,GHA,Ghana,-,1961,1985,1990,saturating,national,regional_csv
Crop Harvester,LBY,Libya,-,1961,1988,2001,saturating,national,regional_csv
Crop Harvester,YEM,Yemen,-,1961,1992,2001,pre_saturation,national,regional_csv
Crop Harvester,SLE,Sierra Leone,-,1961,1996,2001,saturating,national,regional_csv
Crop Harvester,GBR,United Kingdom,-,1961,1970,1972,saturating,national,regional_csv
Crop Harvester,CHE,Switzerland,-,1961,1979,2001,pre_saturation,national,regional_csv
Crop Harvester,JPN,Japan,-,1961,1989,2001,pre_saturation,national,regional_csv
Crop Harvester,ISR,Israel,-,1961,1983,2001,pre_saturation,national,regional_csv
Crop Harvester,SDN,Sudan,-,1961,1999,2001,saturating,national,regional_csv
Crop Harvester,BOL,Bolivia,-,1961,1986,2001,saturating,national,regional_csv
Crop Harvester,NLD,Netherlands,-,1961,1970,1973,saturating,national,regional_csv
Crop Harvester,FIN,Finland,-,1961,1991,2001,pre_saturation,national,regional_csv
Crop Harvester,TUN,Tunisia,-,1961,1989,1994,saturating,national,regional_csv
Crop Harvester,CIV,Ivory Coast,-,1961,1995,2001,saturating,national,regional_csv
POL3 Vaccine,BGD,Bangladesh,%,1981,2015,2021,saturating,national,regional_csv
Crop Harvester,SLV,El Salvador,-,1961,1992,2001,saturating,national,regional_csv
Crop Harvester,MEX,Mexico,-,1961,2000,2001,pre_saturation,national,regional_csv
Crop Harvester,PAN,Panama,-,1961,1980,2001,pre_saturation,national,regional_csv
Crude Oil,SYR,Syria,thousand metric tons,1968,2003,2008,pre_saturation,national,regional_csv
POL3 Vaccine,NPL,Nepal,%,1981,2009,2015,saturating,national,regional_csv
Milk Production,BGD,Bangladesh,thousand metric tons,1970,2010,2010,pre_saturation,national,regional_csv
Crop Harvester,CHN,China,-,1961,2000,2001,pre_saturation,national,regional_csv
Coal Production,THA,Thailand,million metric tons,1981,1997,2021,pre_saturation,national,regional_csv
Coal Production,VNM,Vietnam,million metric tons,1981,2020,2021,pre_saturation,national,regional_csv
Coal Production,World,World,million metric tons,1981,2013,2015,saturating,global,regional_csv
DTP3 Vaccine,SYC,Seychelles,%,1981,1990,2020,saturating,national,regional_csv
DTP3 Vaccine,RWA,Rwanda,%,1981,2006,2019,saturating,national,regional_csv
DTP3 Vaccine,KOR,Republic of Korea,%,1981,1995,2003,saturating,national,regional_csv
DTP3 Vaccine,NER,Niger,%,1981,2017,2021,saturating,national,regional_csv
Crop Harvester,ARG,Argentina,-,1961,1992,2001,saturating,national,regional_csv
DTP3 Vaccine,MRT,Mauritania,%,1981,2002,2021,pre_saturation,national,regional_csv
DTP3 Vaccine,LBN,Lebanon,%,1981,1995,1998,saturating,national,regional_csv
DTP3 Vaccine,LAO,Lao People's Democratic Republic,%,1981,2018,2021,pre_saturation,national,regional_csv
DTP3 Vaccine,IDN,Indonesia,%,1981,2013,2021,pre_saturation,national,regional_csv
DTP3 Vaccine,ETH,Ethiopia,%,1981,2020,2021,pre_saturation,national,regional_csv
DTP3 Vaccine,SWZ,Eswatini,%,1981,2013,2021,pre_saturation,national,regional_csv
DTP3 Vaccine,COD,Democratic Republic of the Congo,%,1981,2014,2020,saturating,national,regional_csv
DTP3 Vaccine,CMR,Cameroon,%,1981,2013,2021,pre_saturation,national,regional_csv
DTP3 Vaccine,BGD,Bangladesh,%,1981,2004,2021,saturating,national,regional_csv
Passenger Cars,GHA,Ghana,-,1951,1979,1993,pre_saturation,national,regional_csv
Coal Production,PAK,Pakistan,million metric tons,1981,2020,2021,pre_saturation,national,regional_csv
Coal Production,NZL,New Zealand,million metric tons,1981,2006,2021,pre_saturation,national,regional_csv
Coal Production,RUS,Russian Federation,million metric tons,1981,2018,2021,pre_saturation,national,regional_csv
Coal Production,SRB,Serbia,million metric tons,1981,2011,2021,pre_saturation,national,regional_csv
Coal Production,TUR,Turkey,million metric tons,1981,2019,2021,pre_saturation,national,regional_csv
Coal Production,MNG,Mongolia,million metric tons,1981,2019,2021,pre_saturation,national,regional_csv
DTP3 Vaccine,SOM,Somalia,%,1981,2010,2021,pre_saturation,national,regional_csv
Coal Production,UZB,Uzbekistan,million metric tons,1981,1990,2021,pre_saturation,national,regional_csv
Coal Production,ZAF,South Africa,million metric tons,1981,2014,2019,saturating,national,regional_csv
Coal Production,AUS,Australia,million metric tons,1981,2019,2021,pre_saturation,national,regional_csv
Coal Production,CHN,China,million metric tons,1981,2021,2021,pre_saturation,national,regional_csv
Coal Production,IND,India,million metric tons,1981,2021,2021,pre_saturation,national,regional_csv
Coal Production,IDN,Indonesia,million metric tons,1981,2019,2021,pre_saturation,national,regional_csv
DTP1 Vaccine,ZWE,Zimbabwe,%,1981,2011,2014,saturating,national,regional_csv
DTP1 Vaccine,UGA,Uganda,%,1981,2016,2019,saturating,national,regional_csv
DTP1 Vaccine,TGO,Togo,%,1981,2010,2013,saturating,national,regional_csv
BCG Vaccine,HTI,Haiti,%,1981,2011,2018,saturating,national,regional_csv
BCG Vaccine,IND,India,%,1981,2017,2019,saturating,national,regional_csv
DTP1 Vaccine,BGD,Bangladesh,%,1981,2004,2021,saturating,national,regional_csv
BCG Vaccine,LAO,Lao People's Democratic Republic,%,1981,2018,2021,pre_saturation,national,regional_csv
BCG Vaccine,MLI,Mali,%,1981,2006,2011,saturating,national,regional_csv
BCG Vaccine,MRT,Mauritania,%,1981,2002,2021,pre_saturation,national,regional_csv
DTP1 Vaccine,AFG,Afghanistan,%,1980,2018,2021,pre_saturation,national,regional_csv
BCG Vaccine,ZWE,Zimbabwe,%,1981,2010,2014,saturating,national,regional_csv
BCG Vaccine,MOZ,Mozambique,%,1981,2014,2020,saturating,national,regional_csv
BCG Vaccine,NER,Niger,%,1981,2021,2021,pre_saturation,national,regional_csv
BCG Vaccine,VUT,Vanuatu,%,1981,1991,2021,pre_saturation,national,regional_csv
BCG Vaccine,UGA,Uganda,%,1981,2011,2013,saturating,national,regional_csv
BCG Vaccine,KOR,Republic of Korea,%,1981,2011,2021,saturating,national,regional_csv
BCG Vaccine,TGO,Togo,%,1981,1990,2013,saturating,national,regional_csv
BCG Vaccine,SYC,Seychelles,%,1981,1991,2021,saturating,national,regional_csv
BCG Vaccine,GIN,Guinea,%,1981,2010,2021,pre_saturation,national,regional_csv
BCG Vaccine,ETH,Ethiopia,%,1981,2011,2021,pre_saturation,national,regional_csv
DTP1 Vaccine,LAO,Lao People's Democratic Republic,%,1981,2017,2021,pre_saturation,national,regional_csv
DTP1 Vaccine,SOM,Somalia,%,1981,2003,2021,pre_saturation,national,regional_csv
DTP1 Vaccine,SYC,Seychelles,%,1981,1990,2021,saturating,national,regional_csv
DTP1 Vaccine,RWA,Rwanda,%,1981,2006,2019,saturating,national,regional_csv
DTP1 Vaccine,NER,Niger,%,1981,2014,2021,saturating,national,regional_csv
DTP1 Vaccine,MRT,Mauritania,%,1981,2002,2014,saturating,national,regional_csv
DTP1 Vaccine,IDN,Indonesia,%,1981,2013,2021,pre_saturation,national,regional_csv
BCG Vaccine,SWZ,Eswatini,%,1981,1994,2021,saturating,national,regional_csv
DTP1 Vaccine,ETH,Ethiopia,%,1981,1994,1997,saturating,national,regional_csv
DTP1 Vaccine,SWZ,Eswatini,%,1981,2013,2019,saturating,national,regional_csv
BCG Vaccine,BGD,Bangladesh,%,1981,2008,2021,saturating,national,regional_csv
DTP1 Vaccine,COD,Democratic Republic of the Congo,%,1981,2019,2021,saturating,national,regional_csv
BCG Vaccine,CMR,Cameroon,%,1981,2006,2021,pre_saturation,national,regional_csv
DTP1 Vaccine,CMR,Cameroon,%,1981,2013,2021,pre_saturation,national,regional_csv
Coal Production,GRC,Greece,million metric tons,1981,2002,2005,saturating,national,regional_csv
MCV1 Vaccine,GIN,Guinea,%,1981,2011,2021,pre_saturation,national,regional_csv
MCV1 Vaccine,AUT,Austria,%,1981,2014,2021,saturating,national,regional_csv
MCV1 Vaccine,BEL,Belgium,%,1981,2012,2021,saturating,national,regional_csv
MCV1 Vaccine,BDI,Burundi,%,1981,2013,2021,pre_saturation,national,regional_csv
MCV1 Vaccine,CMR,Cameroon,%,1981,2013,2021,pre_saturation,national,regional_csv
Telephones,TUN,Tunisia,-,1947,1988,1988,pre_saturation,national,regional_csv
MCV1 Vaccine,TON,Tonga,%,1981,2003,2021,saturating,national,regional_csv
MCV1 Vaccine,SWZ,Eswatini,%,1981,2014,2021,pre_saturation,national,regional_csv
MCV1 Vaccine,FIN,Finland,%,1981,1992,2015,saturating,national,regional_csv
Telephones,MDG,Madagascar,-,1947,1987,1988,pre_saturation,national,regional_csv
MCV1 Vaccine,SDN,Sudan,%,1981,2010,2020,saturating,national,regional_csv
MCV1 Vaccine,AFG,Afghanistan,%,1980,2018,2021,pre_saturation,national,regional_csv
MCV1 Vaccine,ESP,Spain,%,1981,1990,2021,saturating,national,regional_csv
DTP3 Vaccine,TGO,Togo,%,1981,2011,2021,saturating,national,regional_csv
MCV1 Vaccine,SYC,Seychelles,%,1981,1997,2020,saturating,national,regional_csv
MCV1 Vaccine,STP,Sao Tome and Principe,%,1981,2018,2021,pre_saturation,national,regional_csv
MCV1 Vaccine,LAO,Lao People's Democratic Republic,%,1981,2017,2019,saturating,national,regional_csv
MCV1 Vaccine,MDV,Maldives,%,1981,2000,2021,saturating,national,regional_csv
MCV1 Vaccine,MOZ,Mozambique,%,1981,2014,2019,saturating,national,regional_csv
MCV1 Vaccine,NPL,Nepal,%,1981,2019,2021,pre_saturation,national,regional_csv
MCV1 Vaccine,UGA,Uganda,%,1981,2021,2021,pre_saturation,national,regional_csv
MCV1 Vaccine,NER,Niger,%,1981,2015,2021,pre_saturation,national,regional_csv
Coal Production,CAN,Canada,million metric tons,1981,1997,2021,pre_saturation,national,regional_csv
Coal Production,MEX,Mexico,million metric tons,1981,2011,2021,pre_saturation,national,regional_csv
Crop Harvester,IRN,Iran,-,1961,1993,2001,saturating,national,regional_csv
Telephones,IDN,Indonesia,-,1947,1988,1988,pre_saturation,national,regional_csv
DTP3 Vaccine,UGA,Uganda,%,1981,2017,2019,saturating,national,regional_csv
Crop Harvester,ZAF,South Africa,-,1961,1981,2001,pre_saturation,national,regional_csv
Coal Production,COL,Colombia,million metric tons,1981,2017,2021,pre_saturation,national,regional_csv
Coal Production,VEN,Venezuela,million metric tons,1981,2004,2021,pre_saturation,national,regional_csv
DTP3 Vaccine,ZWE,Zimbabwe,%,1981,2012,2014,saturating,national,regional_csv
RCV1 Vaccine,BRB,Barbados,%,1982,1996,2021,pre_saturation,national,regional_csv
Radio,COG,Republic of the Congo,-,1960,1999,1999,pre_saturation,national,regional_csv
POL3 Vaccine,MDG,Madagascar,%,1982,2006,2021,pre_saturation,national,regional_csv
POL3 Vaccine,MAR,Morocco,%,1982,2008,2021,saturating,national,regional_csv
POL3 Vaccine,MMR,Myanmar,%,1982,2004,2011,saturating,national,regional_csv
MCV1 Vaccine,HTI,Haiti,%,1982,2014,2018,saturating,national,regional_csv
Radio,MDG,Madagascar,-,1960,1999,1999,pre_saturation,national,regional_csv
Radio,COD,Democratic Republic of the Congo,-,1960,1999,1999,pre_saturation,national,regional_csv
DTP1 Vaccine,VUT,Vanuatu,%,1982,2019,2021,pre_saturation,national,regional_csv
BCG Vaccine,MAR,Morocco,%,1982,1993,1996,saturating,national,regional_csv
Radio,NER,Niger,-,1960,1999,1999,pre_saturation,national,regional_csv
Radio,MNG,Mongolia,-,1960,1999,1999,pre_saturation,national,regional_csv
RCV1 Vaccine,KOR,Republic of Korea,%,1982,2004,2006,saturating,national,regional_csv
MCV1 Vaccine,GRD,Grenada,%,1982,1993,2003,saturating,national,regional_csv
Radio,TCD,Chad,-,1960,1999,1999,pre_saturation,national,regional_csv
Radio,SEN,Senegal,-,1960,1999,1999,pre_saturation,national,regional_csv
MCV1 Vaccine,LBN,Lebanon,%,1982,1997,2021,pre_saturation,national,regional_csv
MCV1 Vaccine,JAM,Jamaica,%,1982,1996,2014,saturating,national,regional_csv
MCV1 Vaccine,MUS,Mauritius,%,1982,2006,2015,saturating,national,regional_csv
BCG Vaccine,DJI,Djibouti,%,1982,2014,2021,pre_saturation,national,regional_csv
Radio,BEN,Benin,-,1960,1999,1999,pre_saturation,national,regional_csv
MCV1 Vaccine,PHL,Philippines,%,1982,2004,2009,saturating,national,regional_csv
Radio,NGA,Nigeria,-,1960,1999,1999,pre_saturation,national,regional_csv
MCV1 Vaccine,MAR,Morocco,%,1982,2011,2021,saturating,national,regional_csv
BCG Vaccine,AFG,Afghanistan,%,1982,2018,2020,saturating,national,regional_csv
Television,GBR,United Kingdom,-,1960,1999,1999,pre_saturation,national,regional_csv
Phosphate Fertilizer,NGA,Nigeria,metric tons,1975,1992,2020,pre_saturation,national,regional_csv
DTP1 Vaccine,GIN,Guinea,%,1982,2010,2021,pre_saturation,national,regional_csv
Radio,CAF,Central African Republic,-,1960,1999,1999,pre_saturation,national,regional_csv
Radio,SOM,Somalia,-,1960,1999,1999,pre_saturation,national,regional_csv
Radio,CIV,Ivory Coast,-,1960,1999,1999,pre_saturation,national,regional_csv
DTP1 Vaccine,MDG,Madagascar,%,1982,2006,2021,pre_saturation,national,regional_csv
POL3 Vaccine,VUT,Vanuatu,%,1982,2019,2021,pre_saturation,national,regional_csv
DTP1 Vaccine,MAR,Morocco,%,1982,1997,2002,saturating,national,regional_csv
Colour TV,USA,United States,%,1966,2004,2005,pre_saturation,national,regional_csv
Telephones,BWA,Botswana,-,1963,2002,2002,pre_saturation,national,regional_csv
MCV1 Vaccine,VNM,Viet Nam,%,1982,2016,2020,saturating,national,regional_csv
Television,POL,Poland,-,1960,1999,1999,pre_saturation,national,regional_csv
Television,LUX,Luxembourg,-,1960,1999,1999,pre_saturation,national,regional_csv
Radio,GAB,Gabon,-,1960,1999,1999,pre_saturation,national,regional_csv
Radio,BFA,Burkina Faso,-,1960,1999,1999,pre_saturation,national,regional_csv
Television,GTM,Guatemala,-,1960,1999,1999,pre_saturation,national,regional_csv
Radio,MRT,Mauritania,-,1960,1999,1999,pre_saturation,national,regional_csv
Television,MEX,Mexico,-,1960,1999,1999,pre_saturation,national,regional_csv
Television,NIC,Nicaragua,-,1960,1999,1999,pre_saturation,national,regional_csv
Television,COL,Colombia,-,1960,1999,1999,pre_saturation,national,regional_csv
Television,THA,Thailand,-,1960,1999,1999,pre_saturation,national,regional_csv
MCV1 Vaccine,VUT,Vanuatu,%,1982,2014,2021,pre_saturation,national,regional_csv
DTP3 Vaccine,VUT,Vanuatu,%,1982,2019,2021,pre_saturation,national,regional_csv
MCV1 Vaccine,BGD,Bangladesh,%,1982,2015,2021,saturating,national,regional_csv
MCV1 Vaccine,BHS,Bahamas,%,1982,2009,2021,pre_saturation,national,regional_csv
Television,MAR,Morocco,-,1960,1999,1999,pre_saturation,national,regional_csv
Television,IRN,Iran,-,1960,1999,1999,pre_saturation,national,regional_csv
Television,NGA,Nigeria,-,1960,1999,1999,pre_saturation,national,regional_csv
POL3 Vaccine,DJI,Djibouti,%,1982,2008,2011,saturating,national,regional_csv
Television,ITA,Italy,-,1960,1999,1999,pre_saturation,national,regional_csv
Telephones,SLE,Sierra Leone,-,1963,1987,2002,pre_saturation,national,regional_csv
Television,HND,Honduras,-,1960,1999,1999,pre_saturation,national,regional_csv
Television,TUN,Tunisia,-,1960,1999,1999,pre_saturation,national,regional_csv
Television,CAN,Canada,-,1960,1999,1999,pre_saturation,national,regional_csv
Television,DNK,Denmark,-,1960,1999,1999,pre_saturation,national,regional_csv
Radio,MLI,Mali,-,1960,1999,1999,pre_saturation,national,regional_csv
Television,PHL,Philippines,-,1960,1999,1999,pre_saturation,national,regional_csv
Television,TUR,Turkey,-,1960,1999,1999,pre_saturation,national,regional_csv
DTP3 Vaccine,GIN,Guinea,%,1982,2010,2021,pre_saturation,national,regional_csv
MCV1 Vaccine,TUN,Tunisia,%,1982,2006,2021,saturating,national,regional_csv
RCV1 Vaccine,URY,Uruguay,%,1982,1999,2005,saturating,national,regional_csv
Television,AUS,Australia,-,1960,1999,1999,pre_saturation,national,regional_csv
MCV1 Vaccine,DJI,Djibouti,%,1982,2018,2021,pre_saturation,national,regional_csv
Telephones,BDI,Burundi,-,1963,2002,2002,pre_saturation,national,regional_csv
BCG Vaccine,TUN,Tunisia,%,1982,2006,2016,saturating,national,regional_csv
MCV1 Vaccine,DMA,Dominica,%,1982,1992,2012,saturating,national,regional_csv
Radio,TGO,Togo,-,1960,1999,1999,pre_saturation,national,regional_csv
DTP3 Vaccine,MDG,Madagascar,%,1982,2005,2007,saturating,national,regional_csv
Television,KHM,Cambodia,-,1960,1999,1999,pre_saturation,national,regional_csv
DTP3 Vaccine,MAR,Morocco,%,1982,2008,2021,saturating,national,regional_csv
Radio,CMR,Cameroon,-,1960,1999,1999,pre_saturation,national,regional_csv
Television,PER,Peru,-,1960,1999,1999,pre_saturation,national,regional_csv
DTP3 Vaccine,DJI,Djibouti,%,1982,2008,2011,saturating,national,regional_csv
POL3 Vaccine,GIN,Guinea,%,1982,2004,2021,pre_saturation,national,regional_csv
MCV1 Vaccine,PNG,Papua New Guinea,%,1983,2005,2021,pre_saturation,national,regional_csv
Television,SYR,Syria,-,1961,1999,1999,pre_saturation,national,regional_csv
BCG Vaccine,VNM,Viet Nam,%,1983,2000,2007,saturating,national,regional_csv
MCV1 Vaccine,TUV,Tuvalu,%,1983,1997,2004,saturating,national,regional_csv
POL3 Vaccine,TUN,Tunisia,%,1983,1999,2021,saturating,national,regional_csv
RCV1 Vaccine,NOR,Norway,%,1983,2019,2021,saturating,national,regional_csv
MCV1 Vaccine,NOR,Norway,%,1983,2019,2021,saturating,national,regional_csv
Television,GAB,Gabon,-,1961,1999,1999,pre_saturation,national,regional_csv
BCG Vaccine,GHA,Ghana,%,1983,2000,2015,saturating,national,regional_csv
Television,SLE,Sierra Leone,-,1961,1999,1999,pre_saturation,national,regional_csv
RCV1 Vaccine,AUS,Australia,%,1983,2015,2021,saturating,national,regional_csv
RCV1 Vaccine,IRL,Ireland,%,1983,2013,2021,saturating,national,regional_csv
RCV1 Vaccine,FRA,France,%,1983,2019,2021,saturating,national,regional_csv
POL3 Vaccine,VNM,Viet Nam,%,1983,2009,2017,saturating,national,regional_csv
POL3 Vaccine,ZMB,Zambia,%,1983,2009,2019,saturating,national,regional_csv
Television,ECU,Ecuador,-,1961,1999,1999,pre_saturation,national,regional_csv
DTP1 Vaccine,AGO,Angola,%,1983,2004,2021,pre_saturation,national,regional_csv
Television,ISL,Iceland,-,1961,1999,1999,pre_saturation,national,regional_csv
DTP1 Vaccine,TCD,Chad,%,1983,2021,2021,pre_saturation,national,regional_csv
Television,CHL,Chile,-,1960,1999,1999,pre_saturation,national,regional_csv
DTP3 Vaccine,TCD,Chad,%,1983,2021,2021,pre_saturation,national,regional_csv
DTP3 Vaccine,CHN,China,%,1983,2009,2021,saturating,national,regional_csv
MCV1 Vaccine,FRA,France,%,1983,2019,2021,saturating,national,regional_csv
Radio,SLE,Sierra Leone,-,1961,1999,1999,pre_saturation,national,regional_csv
POL3 Vaccine,GNB,Guinea-Bissau,%,1983,2012,2015,saturating,national,regional_csv
DTP3 Vaccine,GAB,Gabon,%,1983,2008,2021,pre_saturation,national,regional_csv
DTP3 Vaccine,GNB,Guinea-Bissau,%,1983,2012,2016,saturating,national,regional_csv
Telephones,SYR,Syria,-,1950,1988,1988,pre_saturation,national,regional_csv
Telephones,ISR,Israel,-,1950,1988,1988,pre_saturation,national,regional_csv
DTP1 Vaccine,CHN,China,%,1983,2006,2021,saturating,national,regional_csv
MCV1 Vaccine,AUS,Australia,%,1983,2015,2021,saturating,national,regional_csv
Telephones,BFA,Burkina Faso,-,1959,2002,2002,pre_saturation,national,regional_csv
MCV1 Vaccine,ATG,Antigua and Barbuda,%,1983,1992,2013,saturating,national,regional_csv
Telephones,SWZ,Swaziland,-,1963,2002,2002,pre_saturation,national,regional_csv
MCV1 Vaccine,AGO,Angola,%,1983,1997,2021,pre_saturation,national,regional_csv
DTP3 Vaccine,ZMB,Zambia,%,1983,2016,2021,pre_saturation,national,regional_csv
DTP3 Vaccine,VNM,Viet Nam,%,1983,2003,2005,saturating,national,regional_csv
Radio,TZA,Tanzania,-,1961,1999,1999,pre_saturation,national,regional_csv
Zinc,BRA,Brazil,thousand metric tons,1965,2003,2003,pre_saturation,national,regional_csv
DTP3 Vaccine,TUN,Tunisia,%,1983,1999,2021,saturating,national,regional_csv
DTP3 Vaccine,AGO,Angola,%,1983,2018,2021,pre_saturation,national,regional_csv
MCV1 Vaccine,GNB,Guinea-Bissau,%,1983,2011,2016,saturating,national,regional_csv
MCV1 Vaccine,ZMB,Zambia,%,1983,2016,2020,saturating,national,regional_csv
BCG Vaccine,AGO,Angola,%,1983,2010,2021,pre_saturation,national,regional_csv
Nitrogen Fertilizer,NZL,New Zealand,metric tons,1982,2004,2020,pre_saturation,national,regional_csv
MCV1 Vaccine,MYS,Malaysia,%,1983,1997,2002,saturating,national,regional_csv
MCV1 Vaccine,LUX,Luxembourg,%,1983,2012,2021,saturating,national,regional_csv
Nitrogen Fertilizer,JOR,Jordan,metric tons,1982,2006,2020,pre_saturation,national,regional_csv
MCV1 Vaccine,IRL,Ireland,%,1983,2013,2021,saturating,national,regional_csv
Passenger Cars,SWZ,Swaziland,-,1965,2003,2003,pre_saturation,national,regional_csv
Radio,KWT,Kuwait,-,1961,1999,1999,pre_saturation,national,regional_csv
MCV1 Vaccine,IDN,Indonesia,%,1983,2017,2019,saturating,national,regional_csv
DTP1 Vaccine,TUN,Tunisia,%,1983,1999,2021,saturating,national,regional_csv
POL3 Vaccine,LUX,Luxembourg,%,1983,1999,2021,saturating,national,regional_csv
DTP1 Vaccine,VNM,Viet Nam,%,1983,2001,2005,saturating,national,regional_csv
Steamships,HUN,Hungary,-,1871,1914,1917,pre_saturation,national,regional_csv
Synthetic Filaments,TUR,Turkey,thousand metric tons,1960,1998,1998,pre_saturation,national,regional_csv
Crude Oil,NZL,New Zealand,thousand metric tons,1970,1998,2008,pre_saturation,national,regional_csv
Silver,IDN,Indonesia,metric tons,1901,1925,1939,pre_saturation,national,regional_csv
Tin,THA,Thailand,thousand metric tons,1965,1980,2003,pre_saturation,national,regional_csv
MCV1 Vaccine,LKA,Sri Lanka,%,1984,2000,2021,saturating,national,regional_csv
MCV1 Vaccine,NGA,Nigeria,%,1984,2009,2021,pre_saturation,national,regional_csv
MCV1 Vaccine,MLT,Malta,%,1984,2013,2020,saturating,national,regional_csv
MCV1 Vaccine,MDG,Madagascar,%,1984,2007,2021,pre_saturation,national,regional_csv
MCV1 Vaccine,KEN,Kenya,%,1984,2015,2021,pre_saturation,national,regional_csv
Hydrochloric Acid,DZA,Algeria,thousand metric tons,1950,1981,1987,pre_saturation,national,regional_csv
Caustic Soda,AUS,Australia,thousand metric tons,1937,1974,1977,saturating,national,regional_csv
Passenger Cars,CAF,Central African Republic,-,1949,1993,1993,pre_saturation,national,regional_csv
MCV1 Vaccine,CIV,Cote d'Ivoire,%,1984,2005,2021,pre_saturation,national,regional_csv
MCV1 Vaccine,TCD,Chad,%,1984,2012,2021,pre_saturation,national,regional_csv
MCV1 Vaccine,KHM,Cambodia,%,1984,2009,2011,saturating,national,regional_csv
Potash Fertilizer,JOR,Jordan,metric tons,1983,2018,2020,saturating,national,regional_csv
Space Launches,CAN,Canada,-,1962,2021,2022,pre_saturation,national,regional_csv
Sulphuric Acid,ISR,Israel,thousand metric tons,1953,1979,1990,pre_saturation,national,regional_csv
BCG Vaccine,KHM,Cambodia,%,1984,2012,2017,saturating,national,regional_csv
MCV1 Vaccine,THA,Thailand,%,1984,2013,2021,saturating,national,regional_csv
MCV1 Vaccine,TTO,Trinidad and Tobago,%,1984,2019,2021,pre_saturation,national,regional_csv
Telephones,SGP,Singapore,-,1951,1988,1988,pre_saturation,national,regional_csv
Telephones,IRQ,Iraq,-,1949,1988,1988,pre_saturation,national,regional_csv
Television,CIV,Ivory Coast,-,1962,1999,1999,pre_saturation,national,regional_csv
Television,SDN,Sudan,-,1962,1999,1999,pre_saturation,national,regional_csv
Television,ISR,Israel,-,1962,1999,1999,pre_saturation,national,regional_csv
Television,DZA,Algeria,-,1962,1999,1999,pre_saturation,national,regional_csv
RCV1 Vaccine,TTO,Trinidad and Tobago,%,1984,2019,2021,pre_saturation,national,regional_csv
Radio,UGA,Uganda,-,1962,1999,1999,pre_saturation,national,regional_csv
POL3 Vaccine,KHM,Cambodia,%,1984,2009,2017,saturating,national,regional_csv
POL3 Vaccine,NGA,Nigeria,%,1984,2009,2021,pre_saturation,national,regional_csv
Sulphuric Acid,MAR,Morocco,thousand metric tons,1948,1980,1985,pre_saturation,national,regional_csv
POL3 Vaccine,KEN,Kenya,%,1984,2011,2014,saturating,national,regional_csv
Natural Gas Pipeline,USA,United States,miles,1960,2021,2021,pre_saturation,national,regional_csv
POL3 Vaccine,CIV,Cote d'Ivoire,%,1984,2005,2021,pre_saturation,national,regional_csv
Zinc,KOR,South Korea,thousand metric tons,1966,2003,2003,pre_saturation,national,regional_csv
Space Launches,GBR,United Kingdom,-,1962,2021,2022,pre_saturation,national,regional_csv
POL3 Vaccine,COM,Comoros,%,1984,2002,2021,pre_saturation,national,regional_csv
POL3 Vaccine,TCD,Chad,%,1984,2021,2021,pre_saturation,national,regional_csv
BCG Vaccine,TCD,Chad,%,1984,2015,2021,pre_saturation,national,regional_csv
Space Launches,IND,India,-,1975,2016,2022,pre_saturation,national,regional_csv
BCG Vaccine,CIV,Cote d'Ivoire,%,1984,2019,2021,pre_saturation,national,regional_csv
DTP1 Vaccine,KHM,Cambodia,%,1984,2009,2021,pre_saturation,national,regional_csv
DTP1 Vaccine,CIV,Cote d'Ivoire,%,1984,2016,2021,pre_saturation,national,regional_csv
Nickel Production,AUS,Australia,thousand metric tons,1967,2002,2004,pre_saturation,national,regional_csv
Concentrated Solar Power,World,World,MW,1985,2022,2022,pre_saturation,global,regional_csv
DTP3 Vaccine,NGA,Nigeria,%,1984,2009,2021,pre_saturation,national,regional_csv
DTP1 Vaccine,KEN,Kenya,%,1984,2021,2021,pre_saturation,national,regional_csv
DTP3 Vaccine,KEN,Kenya,%,1984,2011,2021,pre_saturation,national,regional_csv
Crude Oil,NOR,Norway,thousand metric tons,1971,2001,2008,pre_saturation,national,regional_csv
DTP3 Vaccine,CIV,Cote d'Ivoire,%,1984,2016,2018,saturating,national,regional_csv
Nitrogen Fertilizer,ARE,United Arab Emirates,metric tons,1983,2014,2020,saturating,national,regional_csv
Sulphuric Acid,CUB,Cuba,thousand metric tons,1950,1981,1989,pre_saturation,national,regional_csv
DTP3 Vaccine,KHM,Cambodia,%,1984,2009,2012,saturating,national,regional_csv
BCG Vaccine,KEN,Kenya,%,1984,1998,2012,saturating,national,regional_csv
Electricity,SGP,Singapore,TWh,1985,2021,2021,pre_saturation,national,regional_csv
Electricity,THA,Thailand,TWh,1985,2019,2021,pre_saturation,national,regional_csv
Electricity,TWN,Taiwan,TWh,1985,2021,2021,pre_saturation,national,regional_csv
Liquefied Natural Gas,USA,United States,billion cubic feet,1985,2021,2021,pre_saturation,national,regional_csv
Electricity,SWE,Sweden,TWh,1985,2021,2021,pre_saturation,national,regional_csv
Electricity,LKA,Sri Lanka,TWh,1985,2021,2021,pre_saturation,national,regional_csv
Electricity,KOR,South Korea,TWh,1985,2021,2021,pre_saturation,national,regional_csv
Electricity,PHL,Philippines,TWh,1985,2021,2021,pre_saturation,national,regional_csv
Electricity,World,World,TWh,1985,2021,2021,pre_saturation,global,regional_csv
Electricity,PAK,Pakistan,TWh,1985,2021,2021,pre_saturation,national,regional_csv
Electricity,NZL,New Zealand,TWh,1985,2019,2021,saturating,national,regional_csv
Electricity,MYS,Malaysia,TWh,1985,2019,2021,pre_saturation,national,regional_csv
Television,KEN,Kenya,-,1963,1999,1999,pre_saturation,national,regional_csv
Electricity,JPN,Japan,TWh,1985,2008,2021,pre_saturation,national,regional_csv
Electricity,VNM,Vietnam,TWh,1985,2021,2021,pre_saturation,national,regional_csv
Television,LBR,Liberia,-,1963,1999,1999,pre_saturation,national,regional_csv
Electricity,IND,India,TWh,1985,2021,2021,pre_saturation,national,regional_csv
Electricity,SVN,Slovenia,TWh,1985,2014,2021,pre_saturation,national,regional_csv
DTP3 Vaccine,BEN,Benin,%,1985,2007,2021,pre_saturation,national,regional_csv
Electricity,PRT,Portugal,TWh,1985,2016,2018,saturating,national,regional_csv
Electricity,SVK,Slovakia,TWh,1985,2002,2021,pre_saturation,national,regional_csv
RCV1 Vaccine,MLT,Malta,%,1985,2013,2020,saturating,national,regional_csv
Electricity,LUX,Luxembourg,TWh,1985,2010,2021,pre_saturation,national,regional_csv
Television,MYS,Malaysia,-,1963,1999,1999,pre_saturation,national,regional_csv
Electricity,NLD,Netherlands,TWh,1985,2020,2021,pre_saturation,national,regional_csv
Electricity,MKD,North Macedonia,TWh,1985,2010,2021,pre_saturation,national,regional_csv
DTP3 Vaccine,DZA,Algeria,%,1985,2006,2021,saturating,national,regional_csv
Electricity,ESP,Spain,TWh,1985,2008,2021,pre_saturation,national,regional_csv
Beer Production,GHA,Ghana,thousand hectolitres,1952,1976,1988,pre_saturation,national,regional_csv
RCV1 Vaccine,ARE,United Arab Emirates,%,1985,2014,2021,saturating,national,regional_csv
Electricity,IDN,Indonesia,TWh,1985,2021,2021,pre_saturation,national,regional_csv
Telephones,MLI,Mali,-,1960,2002,2002,pre_saturation,national,regional_csv
Television,ETH,Ethiopia,-,1965,2001,2001,pre_saturation,national,regional_csv
Electricity,SAU,Saudi Arabia,TWh,1985,2021,2021,pre_saturation,national,regional_csv
Television,COG,Republic of the Congo,-,1963,1999,1999,pre_saturation,national,regional_csv
Electricity,QAT,Qatar,TWh,1985,2021,2021,pre_saturation,national,regional_csv
Electricity,OMN,Oman,TWh,1985,2021,2021,pre_saturation,national,regional_csv
Electricity,KWT,Kuwait,TWh,1985,2021,2021,pre_saturation,national,regional_csv
Electricity,ISR,Israel,TWh,1985,2021,2021,pre_saturation,national,regional_csv
Electricity,HKG,China Hong Kong SAR,TWh,1985,2014,2016,saturating,national,regional_csv
Electricity,IRQ,Iraq,TWh,1985,2021,2021,pre_saturation,national,regional_csv
Electricity,IRN,Iran,TWh,1985,2021,2021,pre_saturation,national,regional_csv
Electricity,ARE,United Arab Emirates,TWh,1985,2021,2021,pre_saturation,national,regional_csv
Electricity,DZA,Algeria,TWh,1985,2021,2021,pre_saturation,national,regional_csv
Electricity,EGY,Egypt,TWh,1985,2021,2021,pre_saturation,national,regional_csv
Electricity,MAR,Morocco,TWh,1985,2021,2021,pre_saturation,national,regional_csv
Electricity,CHN,China,TWh,1985,2021,2021,pre_saturation,national,regional_csv
Electricity,BGD,Bangladesh,TWh,1985,2021,2021,pre_saturation,national,regional_csv
Electricity,CHE,Switzerland,TWh,1985,2001,2014,saturating,national,regional_csv
Television,IDN,Indonesia,-,1963,1999,1999,pre_saturation,national,regional_csv
Television,BFA,Burkina Faso,-,1963,1999,1999,pre_saturation,national,regional_csv
Electricity,AUS,Australia,TWh,1985,2021,2021,pre_saturation,national,regional_csv
Electricity,TUR,Turkey,TWh,1985,2021,2021,pre_saturation,national,regional_csv
Television,UGA,Uganda,-,1963,1999,1999,pre_saturation,national,regional_csv
Telephones,CAF,Central African Republic,-,1959,1987,2002,pre_saturation,national,regional_csv
Electricity,GBR,United Kingdom,TWh,1985,2005,2008,saturating,national,regional_csv
Telephones,SAU,Saudi Arabia,-,1951,1984,1992,pre_saturation,national,regional_csv
Electricity,ZAF,South Africa,TWh,1985,2007,2019,saturating,national,regional_csv
Telephones,TZA,Tanzania,-,1952,1988,1988,pre_saturation,national,regional_csv
Electricity,ITA,Italy,TWh,1985,2008,2021,pre_saturation,national,regional_csv
BCG Vaccine,GNQ,Equatorial Guinea,%,1985,1994,1998,saturating,national,regional_csv
Zinc,IND,India,thousand metric tons,1967,2003,2003,pre_saturation,national,regional_csv
POL3 Vaccine,AGO,Angola,%,1985,2015,2021,pre_saturation,national,regional_csv
POL3 Vaccine,BEN,Benin,%,1985,1994,2021,pre_saturation,national,regional_csv
POL3 Vaccine,BFA,Burkina Faso,%,1985,2005,2012,saturating,national,regional_csv
DTP3 Vaccine,GNQ,Equatorial Guinea,%,1985,1997,2021,pre_saturation,national,regional_csv
Electricity,CAN,Canada,TWh,1985,2017,2021,saturating,national,regional_csv
Electricity,MEX,Mexico,TWh,1985,2019,2021,pre_saturation,national,regional_csv
Electricity,USA,US,TWh,1985,2018,2021,saturating,national,regional_csv
Electricity,ARG,Argentina,TWh,1985,2021,2021,pre_saturation,national,regional_csv
Electricity,BRA,Brazil,TWh,1985,2021,2021,pre_saturation,national,regional_csv
Electricity,CHL,Chile,TWh,1985,2021,2021,pre_saturation,national,regional_csv
Electricity,COL,Colombia,TWh,1985,2021,2021,pre_saturation,national,regional_csv
Steamships,MEX,Mexico,-,1888,1923,1924,pre_saturation,national,regional_csv
Electricity,PER,Peru,TWh,1985,2021,2021,pre_saturation,national,regional_csv
BCG Vaccine,BFA,Burkina Faso,%,1985,2004,2021,saturating,national,regional_csv
BCG Vaccine,BEN,Benin,%,1985,2007,2009,saturating,national,regional_csv
MCV1 Vaccine,DZA,Algeria,%,1985,2010,2016,saturating,national,regional_csv
MCV1 Vaccine,CPV,Cabo Verde,%,1985,2018,2021,saturating,national,regional_csv
MCV1 Vaccine,IND,India,%,1985,2019,2021,pre_saturation,national,regional_csv
DTP1 Vaccine,DZA,Algeria,%,1985,2010,2021,saturating,national,regional_csv
DTP1 Vaccine,BEN,Benin,%,1985,2007,2021,pre_saturation,national,regional_csv
Passenger Cars,KWT,Kuwait,-,1961,1997,1997,pre_saturation,national,regional_csv
DTP1 Vaccine,BFA,Burkina Faso,%,1985,2000,2021,saturating,national,regional_csv
Beer Production,BFA,Burkina Faso,thousand hectolitres,1962,1981,1999,pre_saturation,national,regional_csv
Electricity,ECU,Ecuador,TWh,1985,2019,2021,saturating,national,regional_csv
DTP3 Vaccine,MLI,Mali,%,1985,2006,2019,saturating,national,regional_csv
Electricity,CZE,Czech Republic,TWh,1985,2007,2015,saturating,national,regional_csv
Electricity,IRL,Ireland,TWh,1985,2020,2021,pre_saturation,national,regional_csv
Electricity,FRA,France,TWh,1985,2005,2008,saturating,national,regional_csv
Electricity,DEU,Germany,TWh,1985,2017,2021,pre_saturation,national,regional_csv
Radio,KEN,Kenya,-,1963,1999,1999,pre_saturation,national,regional_csv
Electricity,GRC,Greece,TWh,1985,2008,2021,pre_saturation,national,regional_csv
Electricity,HUN,Hungary,TWh,1985,2008,2021,pre_saturation,national,regional_csv
Electricity,CYP,Cyprus,TWh,1985,2010,2021,pre_saturation,national,regional_csv
POL3 Vaccine,MLI,Mali,%,1985,2006,2021,pre_saturation,national,regional_csv
DTP3 Vaccine,BFA,Burkina Faso,%,1985,2008,2012,saturating,national,regional_csv
Electricity,FIN,Finland,TWh,1985,2004,2021,pre_saturation,national,regional_csv
Electricity,ISL,Iceland,TWh,1985,2018,2021,saturating,national,regional_csv
DTP1 Vaccine,MLI,Mali,%,1985,2005,2021,pre_saturation,national,regional_csv
Electricity,TTO,Trinidad & Tobago,TWh,1985,2015,2017,saturating,national,regional_csv
Electricity,VEN,Venezuela,TWh,1985,2013,2021,pre_saturation,national,regional_csv
POL3 Vaccine,GNQ,Equatorial Guinea,%,1985,1997,2021,pre_saturation,national,regional_csv
Electricity,HRV,Croatia,TWh,1985,2021,2021,pre_saturation,national,regional_csv
Electricity,AUT,Austria,TWh,1985,2019,2021,saturating,national,regional_csv
Electricity,BEL,Belgium,TWh,1985,2021,2021,pre_saturation,national,regional_csv
Television,ALB,Albania,-,1964,1999,1999,pre_saturation,national,regional_csv
Telephones,KOR,South Korea,-,1952,1988,1988,pre_saturation,national,regional_csv
Radio,MWI,Malawi,-,1964,1999,1999,pre_saturation,national,regional_csv
Passenger Cars,LBR,Liberia,-,1962,1993,1997,pre_saturation,national,regional_csv
Television,COD,Democratic Republic of the Congo,-,1964,1999,1999,pre_saturation,national,regional_csv
Real-Time Gross Settlement Adoption,USA,United States,%,1970,2005,2005,pre_saturation,national,regional_csv
Television,GHA,Ghana,-,1964,1999,1999,pre_saturation,national,regional_csv
Radio,ZMB,Zambia,-,1964,1999,1999,pre_saturation,national,regional_csv
MCV1 Vaccine,CHE,Switzerland,%,1986,2020,2021,pre_saturation,national,regional_csv
MCV1 Vaccine,SLB,Solomon Islands,%,1986,1999,2021,pre_saturation,national,regional_csv
Television,ZMB,Zambia,-,1964,1999,1999,pre_saturation,national,regional_csv
Telephones,PHL,Philippines,-,1950,1988,1988,pre_saturation,national,regional_csv
Telephones,UGA,Uganda,-,1952,1988,1988,pre_saturation,national,regional_csv
MCV1 Vaccine,MMR,Myanmar,%,1986,2018,2021,pre_saturation,national,regional_csv
Television,PAK,Pakistan,-,1964,1999,1999,pre_saturation,national,regional_csv
RCV1 Vaccine,CHE,Switzerland,%,1986,2020,2021,pre_saturation,national,regional_csv
Beer Production,HND,Honduras,thousand hectolitres,1953,1988,1988,pre_saturation,national,regional_csv
Potash Fertilizer,BRA,Brazil,metric tons,1985,2006,2020,pre_saturation,national,regional_csv
Cane Sugar,CIV,Ivory Coast,thousand metric tons,1975,2000,2010,pre_saturation,national,regional_csv
MCV1 Vaccine,MHL,Marshall Islands,%,1987,2010,2021,pre_saturation,national,regional_csv
Hydrochloric Acid,IND,India,thousand metric tons,1950,1976,1984,pre_saturation,national,regional_csv
Television,MDG,Madagascar,-,1968,2002,2002,pre_saturation,national,regional_csv
Postal Traffic,RUS,Russia,Number (millions),1875,1909,1909,pre_saturation,national,regional_csv
Television,SUR,Suriname,-,1965,2001,2001,pre_saturation,national,regional_csv
Synthetic Filaments,KOR,South Korea,thousand metric tons,1964,1997,1998,pre_saturation,national,regional_csv
Radio,GMB,Gambia,-,1965,1999,1999,pre_saturation,national,regional_csv
Sand and Gravel|Industrial,World,World,metric tons,1985,2014,2019,pre_saturation,global,regional_csv
Passenger Cars,AFG,Afghanistan,-,1957,1971,1992,pre_saturation,national,regional_csv
Radio,ZWE,Zimbabwe,-,1965,1999,1999,pre_saturation,national,regional_csv
Passenger Cars,LBN,Lebanon,-,1946,1982,1982,pre_saturation,national,regional_csv
Nickel Production,BWA,Botswana,thousand metric tons,1974,2008,2008,pre_saturation,national,regional_csv
Television,ZWE,Zimbabwe,-,1965,1999,1999,pre_saturation,national,regional_csv
POL3 Vaccine,FSM,Micronesia (Federated States of),%,1987,2005,2021,pre_saturation,national,regional_csv
POL3 Vaccine,MHL,Marshall Islands,%,1987,2009,2021,pre_saturation,national,regional_csv
Radio,SGP,Singapore,-,1965,1999,1999,pre_saturation,national,regional_csv
Telephones,TCD,Chad,-,1959,1988,1993,pre_saturation,national,regional_csv
DTP3 Vaccine,CAN,Canada,%,1987,2006,2009,saturating,national,regional_csv
Television,SGP,Singapore,-,1965,1999,1999,pre_saturation,national,regional_csv
Television,PRY,Paraguay,-,1965,1999,1999,pre_saturation,national,regional_csv
BCG Vaccine,KNA,Saint Kitts and Nevis,%,1988,1997,2003,saturating,national,regional_csv
Telephones,GIN,Guinea,-,1958,1987,1993,pre_saturation,national,regional_csv
Crude Oil,COD,Democratic Republic of Congo,thousand metric tons,1975,1985,2008,pre_saturation,national,regional_csv
Power Steering,USA,United States,%,1951,1978,1984,saturating,national,regional_csv
Radio,BWA,Botswana,-,1966,1999,1999,pre_saturation,national,regional_csv
Telephones,RWA,Rwanda,-,1963,1994,1996,saturating,national,regional_csv
Postal Traffic,LBY,Libya,Number (millions),1928,1976,1976,pre_saturation,national,regional_csv
Telephones,OMN,Oman,-,1968,2001,2002,pre_saturation,national,regional_csv
Sulphuric Acid,VEN,Venezuela,thousand metric tons,1959,1991,1992,pre_saturation,national,regional_csv
Radio,LSO,Lesotho,-,1966,1999,1999,pre_saturation,national,regional_csv
Crop Harvester,LSO,Lesotho,-,1968,1992,1994,saturating,national,regional_csv
Radio,GUY,Guyana,-,1966,1999,1999,pre_saturation,national,regional_csv
Postal Traffic,SGP,Singapore,Number (millions),1957,1991,1991,pre_saturation,national,regional_csv
Nitric Acid,IND,India,thousand metric tons,1950,1979,1984,pre_saturation,national,regional_csv
Nickel Production,PHL,Philippines,thousand metric tons,1975,2007,2008,pre_saturation,national,regional_csv
Steamships,NLD,Netherlands,-,1846,1875,1879,pre_saturation,national,regional_csv
Television,MNG,Mongolia,-,1966,1999,1999,pre_saturation,national,regional_csv
HEPB3 Vaccine,MYS,Malaysia,%,1989,2015,2020,saturating,national,regional_csv
Cellphones,World,World,MW,1978,2010,2010,pre_saturation,global,regional_csv
Telephones,KWT,Kuwait,-,1956,1988,1988,pre_saturation,national,regional_csv
Passenger Cars,BFA,Burkina Faso,-,1954,1987,1987,pre_saturation,national,regional_csv
HEPB3 Vaccine,MHL,Marshall Islands,%,1989,2009,2021,pre_saturation,national,regional_csv
HEPB3 Vaccine,FSM,Micronesia (Federated States of),%,1989,2005,2010,saturating,national,regional_csv
Sulphuric Acid,KOR,South Korea,thousand metric tons,1952,1985,1985,pre_saturation,national,regional_csv
Passenger Cars,PNG,Papua New Guinea,-,1956,1972,1992,pre_saturation,national,regional_csv
Telephones,TWN,Taiwan,-,1956,1988,1988,pre_saturation,national,regional_csv
Sulphuric Acid,PHL,Phillipines,thousand metric tons,1953,1974,1988,pre_saturation,national,regional_csv
Caustic Soda,ISR,Israel,thousand metric tons,1962,1998,1998,pre_saturation,national,regional_csv
BCG Vaccine,FSM,Micronesia (Federated States of),%,1989,2016,2021,pre_saturation,national,regional_csv
Television,GRC,Greece,-,1967,1999,1999,pre_saturation,national,regional_csv
Sulphuric Acid,TUN,Tunisia,thousand metric tons,1966,1999,1999,pre_saturation,national,regional_csv
Radio,YEM,Yemen,-,1967,1999,1999,pre_saturation,national,regional_csv
Railroad,SRB,Serbia,kilometers,1880,1912,1912,pre_saturation,national,regional_csv
Television,JOR,Jordan,-,1967,1999,1999,pre_saturation,national,regional_csv
Microcomputers,USA,United States,%,1984,2016,2016,pre_saturation,national,regional_csv
Crop Harvester,LKA,Sri Lanka,-,1969,1999,2001,saturating,national,regional_csv
All Biofuels,USA,US,Petajoule,1990,2018,2021,pre_saturation,national,regional_csv
All Biofuels,CAN,Canada,Petajoule,1990,2019,2021,pre_saturation,national,regional_csv
All Biofuels,ARG,Argentina,Petajoule,1990,2017,2021,pre_saturation,national,regional_csv
Crop Harvester,ARE,United Arab Emirates,-,1970,1996,2001,saturating,national,regional_csv
All Biofuels,COL,Colombia,Petajoule,1990,2018,2021,pre_saturation,national,regional_csv
Television,MUS,Mauritius,-,1968,1999,1999,pre_saturation,national,regional_csv
RCV1 Vaccine,ITA,Italy,%,1990,2019,2021,saturating,national,regional_csv
Beer Production,MWI,Malawi,thousand hectolitres,1970,2001,2001,pre_saturation,national,regional_csv
Radio,SWZ,Swaziland,-,1968,1999,1999,pre_saturation,national,regional_csv
Telephones,NER,Niger,-,1960,1987,1993,pre_saturation,national,regional_csv
HEPB3 Vaccine,SAU,Saudi Arabia,%,1990,2008,2021,saturating,national,regional_csv
All Biofuels,AUT,Austria,Petajoule,1990,2021,2021,pre_saturation,national,regional_csv
All Biofuels,BRA,Brazil,Petajoule,1990,2019,2021,pre_saturation,national,regional_csv
Radio,MUS,Mauritius,-,1968,1999,1999,pre_saturation,national,regional_csv
All Biofuels,BEL,Belgium,Petajoule,1990,2014,2021,pre_saturation,national,regional_csv
All Biofuels,IND,India,Petajoule,1990,2021,2021,pre_saturation,national,regional_csv
All Biofuels,THA,Thailand,Petajoule,1990,2020,2021,pre_saturation,national,regional_csv
DTP3 Vaccine,ITA,Italy,%,1990,2007,2021,saturating,national,regional_csv
All Biofuels,FIN,Finland,Petajoule,1990,2015,2021,pre_saturation,national,regional_csv
Radio,GNQ,Equatorial Guinea,-,1968,1999,1999,pre_saturation,national,regional_csv
BCG Vaccine,MHL,Marshall Islands,%,1990,2001,2010,saturating,national,regional_csv
All Biofuels,AUS,Australia,Petajoule,1990,2014,2021,pre_saturation,national,regional_csv
All Biofuels,CHN,China,Petajoule,1990,2021,2021,pre_saturation,national,regional_csv
All Biofuels,GBR,United Kingdom,Petajoule,1990,2017,2021,pre_saturation,national,regional_csv
All Biofuels,KOR,South Korea,Petajoule,1990,2021,2021,pre_saturation,national,regional_csv
Synthetic Filaments,PAK,Pakistan,thousand metric tons,1967,1997,1998,pre_saturation,national,regional_csv
Passenger Cars,RWA,Rwanda,-,1955,1989,1992,pre_saturation,national,regional_csv
Radio,RWA,Rwanda,-,1968,1999,1999,pre_saturation,national,regional_csv
MCV1 Vaccine,ITA,Italy,%,1990,2019,2021,saturating,national,regional_csv
All Biofuels,IDN,Indonesia,Petajoule,1990,2021,2021,pre_saturation,national,regional_csv
DTP1 Vaccine,ITA,Italy,%,1990,2012,2019,saturating,national,regional_csv
Television,SEN,Senegal,-,1968,1999,1999,pre_saturation,national,regional_csv
Passenger Cars,BDI,Burundi,-,1962,1993,1994,pre_saturation,national,regional_csv
All Biofuels,ITA,Italy,Petajoule,1990,2020,2021,pre_saturation,national,regional_csv
All Biofuels,NLD,Netherlands,Petajoule,1990,2019,2021,saturating,national,regional_csv
All Biofuels,DEU,Germany,Petajoule,1990,2019,2021,pre_saturation,national,regional_csv
All Biofuels,POL,Poland,Petajoule,1990,2021,2021,pre_saturation,national,regional_csv
Television,TWN,Taiwan,-,1968,1998,1999,pre_saturation,national,regional_csv
All Biofuels,FRA,France,Petajoule,1990,2018,2021,pre_saturation,national,regional_csv
All Biofuels,PRT,Portugal,Petajoule,1990,2019,2021,pre_saturation,national,regional_csv
All Biofuels,ESP,Spain,Petajoule,1990,2018,2021,pre_saturation,national,regional_csv
All Biofuels,SWE,Sweden,Petajoule,1990,2021,2021,pre_saturation,national,regional_csv
Television,BOL,Bolivia,-,1970,2000,2000,pre_saturation,national,regional_csv
POL3 Vaccine,CAN,Canada,%,1987,2007,2021,pre_saturation,national,regional_csv
Internet Traffic,World,World,Gigabytes per month,1984,2014,2014,pre_saturation,global,regional_csv
HEPB3 Vaccine,MNG,Mongolia,%,1991,2011,2021,saturating,national,regional_csv
RCV1 Vaccine,DEU,Germany,%,1991,2007,2021,saturating,national,regional_csv
Radio,BDI,Burundi,-,1969,1999,1999,pre_saturation,national,regional_csv
Television,TZA,Tanzania,-,1969,1999,1999,pre_saturation,national,regional_csv
HIB3 Vaccine,DEU,Germany,%,1991,2000,2021,saturating,national,regional_csv
HEPB3 Vaccine,QAT,Qatar,%,1991,2009,2019,saturating,national,regional_csv
Postal Traffic,SDN,Sudan,Number (millions),1909,1938,1941,saturating,national,regional_csv
HEPB3 Vaccine,VUT,Vanuatu,%,1991,2019,2021,pre_saturation,national,regional_csv
HEPB3 Vaccine,CYP,Cyprus,%,1991,2015,2021,saturating,national,regional_csv
HEPB3 Vaccine,GRC,Greece,%,1991,2012,2021,saturating,national,regional_csv
POL3 Vaccine,RUS,Russian Federation,%,1992,2004,2021,saturating,national,regional_csv
Synthetic Filaments,THA,Thailand,thousand metric tons,1969,1997,1998,pre_saturation,national,regional_csv
RCV1 Vaccine,PAN,Panama,%,1992,2005,2012,saturating,national,regional_csv
HEPB3 Vaccine,SYR,Syrian Arab Republic,%,1992,2009,2021,pre_saturation,national,regional_csv
HEPB3 Vaccine,THA,Thailand,%,1992,2013,2021,saturating,national,regional_csv
RCV1 Vaccine,HRV,Croatia,%,1992,2004,2015,saturating,national,regional_csv
RCV1 Vaccine,LTU,Lithuania,%,1992,2002,2011,saturating,national,regional_csv
RCV1 Vaccine,BIH,Bosnia and Herzegovina,%,1992,2007,2021,pre_saturation,national,regional_csv
Radio,OMN,Oman,-,1970,1999,1999,pre_saturation,national,regional_csv
POL3 Vaccine,GEO,Georgia,%,1992,2013,2019,saturating,national,regional_csv
POL3 Vaccine,TJK,Tajikistan,%,1992,2011,2021,saturating,national,regional_csv
RCV1 Vaccine,QAT,Qatar,%,1992,2002,2006,saturating,national,regional_csv
POL3 Vaccine,HRV,Croatia,%,1992,2010,2016,saturating,national,regional_csv
DTP3 Vaccine,LTU,Lithuania,%,1992,2009,2021,pre_saturation,national,regional_csv
DTP3 Vaccine,RUS,Russian Federation,%,1992,2005,2021,saturating,national,regional_csv
DTP3 Vaccine,SRB,Serbia,%,1992,2005,2009,saturating,national,regional_csv
MCV1 Vaccine,HRV,Croatia,%,1992,2004,2015,saturating,national,regional_csv
Crude Oil,CIV,Ivory Coast,thousand metric tons,1979,2006,2008,pre_saturation,national,regional_csv
Cable TV,USA,United States,%,1968,1996,1997,pre_saturation,national,regional_csv
DTP1 Vaccine,HRV,Croatia,%,1992,2002,2021,saturating,national,regional_csv
MCV1 Vaccine,BIH,Bosnia and Herzegovina,%,1992,2007,2021,pre_saturation,national,regional_csv
DTP3 Vaccine,AZE,Azerbaijan,%,1992,2016,2019,saturating,national,regional_csv
DTP1 Vaccine,RUS,Russian Federation,%,1992,2005,2021,saturating,national,regional_csv
DTP3 Vaccine,GEO,Georgia,%,1992,2007,2021,pre_saturation,national,regional_csv
Synthetic Filaments,IRN,Iran,thousand metric tons,1969,1996,1998,pre_saturation,national,regional_csv
Synthetic Filaments,ZAF,South Africa,thousand metric tons,1964,1988,1993,pre_saturation,national,regional_csv
Zinc,DZA,Algeria,thousand metric tons,1974,1985,2003,pre_saturation,national,regional_csv
DTP3 Vaccine,HRV,Croatia,%,1992,2010,2016,saturating,national,regional_csv
MCV1 Vaccine,GEO,Georgia,%,1992,2019,2021,pre_saturation,national,regional_csv
MCV1 Vaccine,LTU,Lithuania,%,1992,2002,2011,saturating,national,regional_csv
MCV1 Vaccine,SRB,Serbia,%,1992,2005,2011,saturating,national,regional_csv
Television,LBY,Libya,-,1970,1999,1999,pre_saturation,national,regional_csv
MCV1 Vaccine,TJK,Tajikistan,%,1992,2011,2021,saturating,national,regional_csv
Telegraph Traffic,MMR,Burma,Number (millions),1949,1970,1983,pre_saturation,national,regional_csv
MCV1 Vaccine,AZE,Azerbaijan,%,1992,2013,2019,saturating,national,regional_csv
POL3 Vaccine,AZE,Azerbaijan,%,1992,2015,2019,saturating,national,regional_csv
HEPB3 Vaccine,IDN,Indonesia,%,1992,2013,2021,pre_saturation,national,regional_csv
HEPB3 Vaccine,ISR,Israel,%,1992,2004,2021,saturating,national,regional_csv
HEPB3 Vaccine,LBY,Libya,%,1992,2004,2013,saturating,national,regional_csv
BCG Vaccine,RUS,Russian Federation,%,1992,2002,2021,saturating,national,regional_csv
Nitrogen Fertilizer,NGA,Nigeria,metric tons,1986,2018,2020,saturating,national,regional_csv
BCG Vaccine,AZE,Azerbaijan,%,1992,2011,2019,saturating,national,regional_csv
Telephones,COG,Republic of the Congo,-,1959,1986,1988,saturating,national,regional_csv
DTP1 Vaccine,AZE,Azerbaijan,%,1992,2016,2019,saturating,national,regional_csv
HEPB3 Vaccine,BHR,Bahrain,%,1992,2001,2021,saturating,national,regional_csv
MCV1 Vaccine,EST,Estonia,%,1993,2004,2017,saturating,national,regional_csv
MCV1 Vaccine,ERI,Eritrea,%,1993,2012,2021,pre_saturation,national,regional_csv
POL3 Vaccine,EST,Estonia,%,1993,2005,2018,saturating,national,regional_csv
POL3 Vaccine,ERI,Eritrea,%,1993,2004,2021,saturating,national,regional_csv
Radio,BGD,Bangladesh,-,1971,1999,1999,pre_saturation,national,regional_csv
DTP3 Vaccine,ERI,Eritrea,%,1993,2004,2021,saturating,national,regional_csv
HEPB3 Vaccine,ARE,United Arab Emirates,%,1993,2014,2019,saturating,national,regional_csv
HEPB3 Vaccine,SLB,Solomon Islands,%,1993,2006,2021,pre_saturation,national,regional_csv
RCV1 Vaccine,THA,Thailand,%,1993,2013,2021,saturating,national,regional_csv
Potash Fertilizer,TKM,Turkmenistan,metric tons,1992,2018,2020,saturating,national,regional_csv
HEPB3 Vaccine,MDV,Maldives,%,1993,2012,2021,saturating,national,regional_csv
DTP3 Vaccine,EST,Estonia,%,1993,2005,2018,saturating,national,regional_csv
HEPB3 Vaccine,USA,United States,%,1993,2008,2021,saturating,national,regional_csv
Nitrogen Fertilizer,TKM,Turkmenistan,metric tons,1992,2019,2020,pre_saturation,national,regional_csv
Television,BGD,Bangladesh,-,1971,1999,1999,pre_saturation,national,regional_csv
HEPB3 Vaccine,DEU,Germany,%,1993,2003,2021,saturating,national,regional_csv
Television,EGY,Egypt,-,1971,1999,1999,pre_saturation,national,regional_csv
Television,GNQ,Equatorial Guinea,-,1971,1999,1999,pre_saturation,national,regional_csv
DTP1 Vaccine,ERI,Eritrea,%,1993,2004,2021,saturating,national,regional_csv
Phosphate Fertilizer,SAU,Saudi Arabia,metric tons,1991,2017,2020,pre_saturation,national,regional_csv
RCV1 Vaccine,LVA,Latvia,%,1993,2019,2021,saturating,national,regional_csv
Nitrogen Fertilizer,LTU,Lithuania,metric tons,1992,2017,2020,pre_saturation,national,regional_csv
RCV1 Vaccine,BGR,Bulgaria,%,1993,2010,2014,saturating,national,regional_csv
Phosphate Fertilizer,LTU,Lithuania,metric tons,1992,2007,2020,pre_saturation,national,regional_csv
BCG Vaccine,ERI,Eritrea,%,1993,2004,2021,saturating,national,regional_csv
RCV1 Vaccine,EST,Estonia,%,1993,2004,2017,saturating,national,regional_csv
Synthetic Filaments,PHL,Phillipines,thousand metric tons,1970,1998,1998,pre_saturation,national,regional_csv
Cellphones,SWE,Sweden,-,1975,2002,2002,pre_saturation,national,regional_csv
Cellphones,KGZ,Kyrgyzstan,-,1975,2002,2002,pre_saturation,national,regional_csv
Cellphones,GAB,Gabon,-,1975,2002,2002,pre_saturation,national,regional_csv
Cellphones,AZE,Azerbaijan,-,1975,2002,2002,pre_saturation,national,regional_csv
Cellphones,HRV,Croatia,-,1975,2002,2002,pre_saturation,national,regional_csv
Cellphones,URY,Uruguay,-,1975,2002,2002,pre_saturation,national,regional_csv
Cellphones,CIV,Ivory Coast,-,1975,2002,2002,pre_saturation,national,regional_csv
Cellphones,MKD,Macedonia,-,1975,2002,2002,pre_saturation,national,regional_csv
Cellphones,LBY,Libya,-,1975,2002,2002,pre_saturation,national,regional_csv
Cellphones,IDN,Indonesia,-,1975,2002,2002,pre_saturation,national,regional_csv
Cellphones,GBR,United Kingdom,-,1975,2002,2002,pre_saturation,national,regional_csv
Cellphones,SLE,Sierra Leone,-,1975,2002,2002,pre_saturation,national,regional_csv
Cellphones,CMR,Cameroon,-,1975,2002,2002,pre_saturation,national,regional_csv
Cellphones,MLI,Mali,-,1975,2002,2002,pre_saturation,national,regional_csv
Beer Production,CRI,Costa Rica,thousand hectolitres,1951,1975,1978,pre_saturation,national,regional_csv
Cellphones,FRA,France,-,1975,2002,2002,pre_saturation,national,regional_csv
Cellphones,TKM,Turkmenistan,-,1975,2002,2002,pre_saturation,national,regional_csv
Cellphones,TGO,Togo,-,1975,2002,2002,pre_saturation,national,regional_csv
Cellphones,RWA,Rwanda,-,1975,2002,2002,pre_saturation,national,regional_csv
Cellphones,YEM,Yemen,-,1975,2002,2002,pre_saturation,national,regional_csv
Cellphones,NPL,Nepal,-,1975,2002,2002,pre_saturation,national,regional_csv
Cellphones,GMB,Gambia,-,1975,2002,2002,pre_saturation,national,regional_csv
Cellphones,IRN,Iran,-,1975,2002,2002,pre_saturation,national,regional_csv
Cellphones,ISL,Iceland,-,1975,2002,2002,pre_saturation,national,regional_csv
Cellphones,MAR,Morocco,-,1975,2002,2002,pre_saturation,national,regional_csv
Cellphones,BGD,Bangladesh,-,1975,2002,2002,pre_saturation,national,regional_csv
Cellphones,KAZ,Kazakhstan,-,1975,2002,2002,pre_saturation,national,regional_csv
Cellphones,PRY,Paraguay,-,1975,2002,2002,pre_saturation,national,regional_csv
Cellphones,PAN,Panama,-,1975,2002,2002,pre_saturation,national,regional_csv
Cellphones,MEX,Mexico,-,1975,2002,2002,pre_saturation,national,regional_csv
Cellphones,AUS,Australia,-,1975,2002,2002,pre_saturation,national,regional_csv
Cellphones,SLV,El Salvador,-,1975,2002,2002,pre_saturation,national,regional_csv
Cellphones,CHN,China,-,1975,2002,2002,pre_saturation,national,regional_csv
Cellphones,BGR,Bulgaria,-,1975,2002,2002,pre_saturation,national,regional_csv
Cellphones,NOR,Norway,-,1975,2002,2002,pre_saturation,national,regional_csv
Cellphones,AGO,Angola,-,1975,2002,2002,pre_saturation,national,regional_csv
Cellphones,AFG,Afghanistan,-,1975,2002,2002,pre_saturation,national,regional_csv
Cellphones,EGY,Egypt,-,1975,2002,2002,pre_saturation,national,regional_csv
Nitrogen Fertilizer,SVK,Slovakia,metric tons,1993,2015,2020,pre_saturation,national,regional_csv
Cellphones,UZB,Uzbekistan,-,1975,2002,2002,pre_saturation,national,regional_csv
Cellphones,NGA,Nigeria,-,1975,2002,2002,pre_saturation,national,regional_csv
Cellphones,BEN,Benin,-,1975,2002,2002,pre_saturation,national,regional_csv
Cellphones,ZAF,South Africa,-,1975,2002,2002,pre_saturation,national,regional_csv
Cellphones,ARG,Argentina,-,1975,2001,2002,pre_saturation,national,regional_csv
Cellphones,KEN,Kenya,-,1975,2002,2002,pre_saturation,national,regional_csv
HIB3 Vaccine,LVA,Latvia,%,1994,2005,2020,saturating,national,regional_csv
Cellphones,LKA,Sri Lanka,-,1975,2002,2002,pre_saturation,national,regional_csv
Cellphones,CZE,Czech Republic,-,1975,2002,2002,pre_saturation,national,regional_csv
Cellphones,KWT,Kuwait,-,1975,2002,2002,pre_saturation,national,regional_csv
Cellphones,ZWE,Zimbabwe,-,1975,2002,2002,pre_saturation,national,regional_csv
Cellphones,LTU,Lithuania,-,1975,2002,2002,pre_saturation,national,regional_csv
Cellphones,NER,Niger,-,1975,2002,2002,pre_saturation,national,regional_csv
Cellphones,PNG,Papua New Guinea,-,1975,2002,2002,pre_saturation,national,regional_csv
Cellphones,DEU,Germany,-,1975,2002,2002,pre_saturation,national,regional_csv
Cellphones,PAK,Pakistan,-,1975,2002,2002,pre_saturation,national,regional_csv
Cellphones,SEN,Senegal,-,1975,2002,2002,pre_saturation,national,regional_csv
Cellphones,GEO,Georgia,-,1975,2002,2002,pre_saturation,national,regional_csv
Cellphones,UKR,Ukraine,-,1975,2002,2002,pre_saturation,national,regional_csv
Cellphones,TCD,Chad,-,1975,2002,2002,pre_saturation,national,regional_csv
Cellphones,SVN,Slovenia,-,1975,2002,2002,pre_saturation,national,regional_csv
Cellphones,DNK,Denmark,-,1975,2002,2002,pre_saturation,national,regional_csv
Cellphones,TZA,Tanzania,-,1975,2002,2002,pre_saturation,national,regional_csv
Cellphones,IRL,Ireland,-,1975,2002,2002,pre_saturation,national,regional_csv
Cellphones,MRT,Mauritania,-,1975,2002,2002,pre_saturation,national,regional_csv
Cellphones,LUX,Luxembourg,-,1975,2002,2002,pre_saturation,national,regional_csv
Cellphones,HUN,Hungary,-,1975,2002,2002,pre_saturation,national,regional_csv
HIB3 Vaccine,GRC,Greece,%,1994,2014,2021,saturating,national,regional_csv
HEPB3 Vaccine,BRA,Brazil,%,1994,2006,2015,saturating,national,regional_csv
Cellphones,CUB,Cuba,-,1975,2002,2002,pre_saturation,national,regional_csv
Cellphones,THA,Thailand,-,1975,2002,2002,pre_saturation,national,regional_csv
Cellphones,GNQ,Equatorial Guinea,-,1975,2002,2002,pre_saturation,national,regional_csv
Cellphones,BFA,Burkina Faso,-,1975,2002,2002,pre_saturation,national,regional_csv
Cellphones,CHE,Switzerland,-,1975,2002,2002,pre_saturation,national,regional_csv
Cellphones,MUS,Mauritius,-,1975,2002,2002,pre_saturation,national,regional_csv
Cellphones,SWZ,Swaziland,-,1975,2002,2002,pre_saturation,national,regional_csv
Cellphones,MDA,Moldova,-,1975,2002,2002,pre_saturation,national,regional_csv
Cellphones,BRA,Brazil,-,1975,2002,2002,pre_saturation,national,regional_csv
Cellphones,BEL,Belgium,-,1975,2002,2002,pre_saturation,national,regional_csv
Cellphones,AUT,Austria,-,1975,2001,2002,pre_saturation,national,regional_csv
Cellphones,SUR,Suriname,-,1975,2002,2002,pre_saturation,national,regional_csv
Cellphones,UGA,Uganda,-,1975,2002,2002,pre_saturation,national,regional_csv
Cellphones,ALB,Albania,-,1975,2002,2002,pre_saturation,national,regional_csv
Cellphones,OMN,Oman,-,1975,2002,2002,pre_saturation,national,regional_csv
Cellphones,PHL,Philippines,-,1975,2002,2002,pre_saturation,national,regional_csv
Cellphones,MOZ,Mozambique,-,1975,2002,2002,pre_saturation,national,regional_csv
Cellphones,ROU,Romania,-,1975,2002,2002,pre_saturation,national,regional_csv
Cellphones,CHL,Chile,-,1975,2002,2002,pre_saturation,national,regional_csv
Cellphones,VNM,Vietnam,-,1975,2002,2002,pre_saturation,national,regional_csv
Cellphones,NIC,Nicaragua,-,1975,2002,2002,pre_saturation,national,regional_csv
Cellphones,JOR,Jordan,-,1975,2002,2002,pre_saturation,national,regional_csv
Cellphones,IND,India,-,1975,2002,2002,pre_saturation,national,regional_csv
Cellphones,RUS,Russia,-,1975,2002,2002,pre_saturation,national,regional_csv
Cellphones,IRQ,Iraq,-,1975,2002,2002,pre_saturation,national,regional_csv
Cellphones,ARM,Armenia,-,1975,2002,2002,pre_saturation,national,regional_csv
Cellphones,GTM,Guatemala,-,1975,2002,2002,pre_saturation,national,regional_csv
Cellphones,ETH,Ethiopia,-,1975,2002,2002,pre_saturation,national,regional_csv
Cellphones,CAF,Central African Republic,-,1975,2002,2002,pre_saturation,national,regional_csv
Cellphones,CAN,Canada,-,1975,2002,2002,pre_saturation,national,regional_csv
Cellphones,ECU,Ecuador,-,1975,2002,2002,pre_saturation,national,regional_csv
Cellphones,FIN,Finland,-,1975,2002,2002,pre_saturation,national,regional_csv
Television,MOZ,Mozambique,-,1975,2002,2002,pre_saturation,national,regional_csv
Telephones,HRV,Croatia,-,1975,2002,2002,pre_saturation,national,regional_csv
Television,YEM,Yemen,-,1975,2002,2002,pre_saturation,national,regional_csv
Telephones,MDA,Moldova,-,1975,2002,2002,pre_saturation,national,regional_csv
Telephones,ISL,Iceland,-,1975,2000,2002,saturating,national,regional_csv
Telephones,ALB,Albania,-,1975,2002,2002,pre_saturation,national,regional_csv
Telephones,LAO,Laos,-,1975,2002,2002,pre_saturation,national,regional_csv
Cellphones,MMR,Burma,-,1975,2002,2002,pre_saturation,national,regional_csv
Cellphones,ZMB,Zambia,-,1975,2002,2002,pre_saturation,national,regional_csv
Cellphones,MNG,Mongolia,-,1975,2002,2002,pre_saturation,national,regional_csv
Cellphones,LAO,Laos,-,1975,2002,2002,pre_saturation,national,regional_csv
Telephones,AZE,Azerbaijan,-,1975,2002,2002,pre_saturation,national,regional_csv
Cellphones,VEN,Venezuela,-,1975,2001,2002,pre_saturation,national,regional_csv
Television,OMN,Oman,-,1975,2002,2002,pre_saturation,national,regional_csv
Cellphones,MDG,Madagascar,-,1975,2002,2002,pre_saturation,national,regional_csv
Cellphones,BWA,Botswana,-,1975,2002,2002,pre_saturation,national,regional_csv
Cellphones,GUY,Guyana,-,1975,2002,2002,pre_saturation,national,regional_csv
Television,TGO,Togo,-,1975,2002,2002,pre_saturation,national,regional_csv
Telephones,GMB,Gambia,-,1975,2002,2002,pre_saturation,national,regional_csv
Telephones,BGD,Bangladesh,-,1975,2002,2002,pre_saturation,national,regional_csv
Postal Traffic,LBN,Lebanon,Number (millions),1945,1970,1972,pre_saturation,national,regional_csv
Telephones,EST,Estonia,-,1975,2000,2002,saturating,national,regional_csv
Wet Flue Gas Desulfurization Systems,JPN,Japan,GWe,1972,1999,1999,pre_saturation,national,regional_csv
Wet Flue Gas Desulfurization Systems,USA,United States,GWe,1972,1999,1999,pre_saturation,national,regional_csv
Telephones,LSO,Lesotho,-,1975,2002,2002,pre_saturation,national,regional_csv
Telephones,LVA,Latvia,-,1975,1996,2002,saturating,national,regional_csv
Telephones,BLR,Belarus,-,1975,2002,2002,pre_saturation,national,regional_csv
Telephones,KAZ,Kazakhstan,-,1975,2002,2002,pre_saturation,national,regional_csv
Wet Flue Gas Desulfurization Systems,DEU,Germany,GWe,1972,1999,1999,pre_saturation,national,regional_csv
RCV1 Vaccine,SRB,Serbia,%,1994,2005,2011,saturating,national,regional_csv
Telephones,BLZ,Belize,-,1975,1999,2001,saturating,national,regional_csv
Television,ZAF,South Africa,-,1975,2002,2002,pre_saturation,national,regional_csv
Beer Production,CHN,China,thousand hectolitres,1970,1997,1997,pre_saturation,national,regional_csv
Telephones,TJK,Tajikistan,-,1975,1994,2002,pre_saturation,national,regional_csv
Telephones,UZB,Uzbekistan,-,1975,2002,2002,pre_saturation,national,regional_csv
Cellphones,NZL,New Zealand,-,1975,2002,2002,pre_saturation,national,regional_csv
Telephones,KGZ,Kyrgyzstan,-,1975,2002,2002,pre_saturation,national,regional_csv
Cellphones,TUR,Turkey,-,1975,2002,2002,pre_saturation,national,regional_csv
Cellphones,DZA,Algeria,-,1975,2002,2002,pre_saturation,national,regional_csv
Cellphones,BIH,Bosnia-Herzegovina,-,1975,2002,2002,pre_saturation,national,regional_csv
Cellphones,EST,Estonia,-,1975,2002,2002,pre_saturation,national,regional_csv
Cellphones,SVK,Slovak Republic,-,1975,2002,2002,pre_saturation,national,regional_csv
Cellphones,ITA,Italy,-,1975,2002,2002,pre_saturation,national,regional_csv
Telephones,GEO,Georgia,-,1975,1999,2002,pre_saturation,national,regional_csv
Cellphones,BDI,Burundi,-,1975,2002,2002,pre_saturation,national,regional_csv
Cellphones,CRI,Costa Rica,-,1975,2002,2002,pre_saturation,national,regional_csv
Cellphones,LSO,Lesotho,-,1975,2002,2002,pre_saturation,national,regional_csv
Telephones,LTU,Lithuania,-,1975,2000,2002,pre_saturation,national,regional_csv
Cellphones,SYR,Syria,-,1975,2002,2002,pre_saturation,national,regional_csv
Cellphones,BLR,Belarus,-,1975,2002,2002,pre_saturation,national,regional_csv
Cellphones,GHA,Ghana,-,1975,2002,2002,pre_saturation,national,regional_csv
Cellphones,HND,Honduras,-,1975,2002,2002,pre_saturation,national,regional_csv
Cellphones,JPN,Japan,-,1975,2002,2002,pre_saturation,national,regional_csv
Telephones,ARM,Armenia,-,1975,1989,1992,saturating,national,regional_csv
Cellphones,TJK,Tajikistan,-,1975,2002,2002,pre_saturation,national,regional_csv
Cellphones,HTI,Haiti,-,1975,2002,2002,pre_saturation,national,regional_csv
Cellphones,SDN,Sudan,-,1975,2002,2002,pre_saturation,national,regional_csv
Cellphones,BOL,Bolivia,-,1975,2002,2002,pre_saturation,national,regional_csv
Telephones,RUS,Russia,-,1975,2002,2002,pre_saturation,national,regional_csv
Telephones,NPL,Nepal,-,1975,2002,2002,pre_saturation,national,regional_csv
Cellphones,LBN,Lebanon,-,1975,2002,2002,pre_saturation,national,regional_csv
Telephones,PNG,Papua New Guinea,-,1975,2000,2002,pre_saturation,national,regional_csv
Telephones,SVK,Slovak Republic,-,1975,2000,2002,pre_saturation,national,regional_csv
Cellphones,KHM,Cambodia,-,1975,2002,2002,pre_saturation,national,regional_csv
Cellphones,HKG,Hong Kong,-,1975,2002,2002,pre_saturation,national,regional_csv
Cellphones,GRC,Greece,-,1975,2002,2002,pre_saturation,national,regional_csv
Cellphones,PER,Peru,-,1975,2002,2002,pre_saturation,national,regional_csv
Telephones,ARE,United Arab Emirates,-,1975,1999,2002,pre_saturation,national,regional_csv
Cellphones,GIN,Guinea,-,1975,2002,2002,pre_saturation,national,regional_csv
Telephones,LUX,Luxembourg,-,1975,2002,2002,pre_saturation,national,regional_csv
Telephones,UKR,Ukraine,-,1975,2002,2002,pre_saturation,national,regional_csv
Telephones,TKM,Turkmenistan,-,1975,2000,2002,saturating,national,regional_csv
Telephones,MRT,Mauritania,-,1975,2002,2002,pre_saturation,national,regional_csv
Cellphones,MWI,Malawi,-,1975,2002,2002,pre_saturation,national,regional_csv
Cellphones,PRT,Portugal,-,1975,2002,2002,pre_saturation,national,regional_csv
Cellphones,COL,Colombia,-,1975,2002,2002,pre_saturation,national,regional_csv
Cellphones,LVA,Latvia,-,1975,2002,2002,pre_saturation,national,regional_csv
Cellphones,POL,Poland,-,1975,2002,2002,pre_saturation,national,regional_csv
Cellphones,BLZ,Belize,-,1975,2002,2002,pre_saturation,national,regional_csv
Insect-Resistant Cotton,USA,United States,Acres,1996,2022,2022,pre_saturation,national,regional_csv
RCV1 Vaccine,GUY,Guyana,%,1995,2012,2020,saturating,national,regional_csv
HEPB3 Vaccine,ZWE,Zimbabwe,%,1995,2012,2021,pre_saturation,national,regional_csv
RCV1 Vaccine,ISR,Israel,%,1995,2019,2021,saturating,national,regional_csv
Herbicide-Tolerant Soybeans,USA,United States,Acres,1996,2022,2022,pre_saturation,national,regional_csv
RCV1 Vaccine,GRC,Greece,%,1995,2007,2021,saturating,national,regional_csv
Herbicide-Tolerant Cotton,USA,United States,Acres,1996,2022,2022,pre_saturation,national,regional_csv
Television,CAF,Central African Republic,-,1976,2002,2002,pre_saturation,national,regional_csv
Nickel Production,CHN,China,thousand metric tons,1978,2004,2004,pre_saturation,national,regional_csv
Herbicide-Tolerant Corn,USA,United States,Acres,1996,2022,2022,pre_saturation,national,regional_csv
Cellphones,LBR,Liberia,-,1975,2001,2001,pre_saturation,national,regional_csv
Television,NER,Niger,-,1975,2001,2001,pre_saturation,national,regional_csv
HEPB3 Vaccine,JOR,Jordan,%,1995,2015,2018,saturating,national,regional_csv
Television,BLR,Belarus,-,1975,2001,2001,pre_saturation,national,regional_csv
Television,HKG,Hong Kong,-,1975,2001,2001,pre_saturation,national,regional_csv
Crude Oil,TWN,Taiwan,thousand metric tons,1967,1977,1993,pre_saturation,national,regional_csv
Television,ARE,United Arab Emirates,-,1975,1999,2001,pre_saturation,national,regional_csv
Cellphones,COG,Republic of the Congo,-,1975,2002,2002,pre_saturation,national,regional_csv
HEPB3 Vaccine,PRT,Portugal,%,1995,2020,2021,pre_saturation,national,regional_csv
Insect-Resistant Corn,USA,United States,Acres,1996,2022,2022,pre_saturation,national,regional_csv
RCV1 Vaccine,LUX,Luxembourg,%,1995,2012,2021,saturating,national,regional_csv
Cellphones,NLD,Netherlands,-,1975,2001,2002,pre_saturation,national,regional_csv
Hydrochloric Acid,KOR,South Korea,thousand metric tons,1958,1984,1984,pre_saturation,national,regional_csv
Cellphones,MYS,Malaysia,-,1975,2002,2002,pre_saturation,national,regional_csv
Crop Harvester,GIN,Guinea,-,1975,1996,2001,saturating,national,regional_csv
Television,TCD,Chad,-,1974,1999,1999,pre_saturation,national,regional_csv
HEPB3 Vaccine,BTN,Bhutan,%,1996,2014,2021,saturating,national,regional_csv
Passenger Cars,LAO,Laos,-,1948,1973,1974,pre_saturation,national,regional_csv
HEPB3 Vaccine,SWZ,Eswatini,%,1996,2013,2021,pre_saturation,national,regional_csv
Radio,GNB,Guinea-Bissau,-,1974,1999,1999,pre_saturation,national,regional_csv
Television,SOM,Somalia,-,1974,1999,1999,pre_saturation,national,regional_csv
Steamships,CHL,Chile,-,1853,1884,1884,pre_saturation,national,regional_csv
HEPB3 Vaccine,TUN,Tunisia,%,1996,2006,2021,saturating,national,regional_csv
RCV1 Vaccine,MUS,Mauritius,%,1996,2006,2015,saturating,national,regional_csv
Cellphones,TUN,Tunisia,-,1975,2002,2002,pre_saturation,national,regional_csv
HIB3 Vaccine,MLT,Malta,%,1996,2012,2021,saturating,national,regional_csv
Telephones,JOR,Jordan,-,1977,2002,2002,pre_saturation,national,regional_csv
HIB3 Vaccine,CAN,Canada,%,1996,2006,2009,saturating,national,regional_csv
Synthetic Filaments,IDN,Indonesia,thousand metric tons,1973,1998,1998,pre_saturation,national,regional_csv
Cellphones,SOM,Somalia,-,1975,2002,2002,pre_saturation,national,regional_csv
Cellphones,KOR,South Korea,-,1975,2002,2002,pre_saturation,national,regional_csv
Television,SWZ,Swaziland,-,1977,2002,2002,pre_saturation,national,regional_csv
RCV1 Vaccine,BLZ,Belize,%,1996,2006,2016,saturating,national,regional_csv
YFV Vaccine,GHA,Ghana,%,1997,2007,2011,saturating,national,regional_csv
Cellphones,COD,Democratic Republic of the Congo,-,1975,2002,2002,pre_saturation,national,regional_csv
Cellphones,USA,United States,-,1975,2002,2002,pre_saturation,national,regional_csv
Radio,PNG,Papua New Guinea,-,1975,1999,1999,pre_saturation,national,regional_csv
YFV Vaccine,AGO,Angola,%,1997,2007,2021,pre_saturation,national,regional_csv
YFV Vaccine,TCD,Chad,%,1997,2012,2021,pre_saturation,national,regional_csv
HIB3 Vaccine,IRL,Ireland,%,1997,2014,2021,saturating,national,regional_csv
HEPB3 Vaccine,AND,Andorra,%,1997,2011,2021,saturating,national,regional_csv
YFV Vaccine,PAN,Panama,%,1997,2019,2021,pre_saturation,national,regional_csv
HEPB3 Vaccine,LUX,Luxembourg,%,1997,2018,2021,saturating,national,regional_csv
Cellphones,ESP,Spain,-,1975,2002,2002,pre_saturation,national,regional_csv
Cellphones,DOM,Dominican Republic,-,1975,2002,2002,pre_saturation,national,regional_csv
MCV1 Vaccine,AND,Andorra,%,1997,2010,2021,saturating,national,regional_csv
Radio,AGO,Angola,-,1975,1999,1999,pre_saturation,national,regional_csv
Television,AGO,Angola,-,1975,1999,1999,pre_saturation,national,regional_csv
HEPB3 Vaccine,CRI,Costa Rica,%,1997,2018,2021,saturating,national,regional_csv
Television,BEN,Benin,-,1977,2001,2001,pre_saturation,national,regional_csv
HEPB3 Vaccine,BEL,Belgium,%,1997,2008,2021,saturating,national,regional_csv
Sulphuric Acid,THA,Thailand,thousand metric tons,1967,1991,1991,pre_saturation,national,regional_csv
Synthetic Filaments,MYS,Malaysia,thousand metric tons,1974,1995,1999,pre_saturation,national,regional_csv
HIB3 Vaccine,LUX,Luxembourg,%,1997,2007,2021,saturating,national,regional_csv
Sulphuric Acid,IDN,Indonesia,thousand metric tons,1973,1999,1999,pre_saturation,national,regional_csv
Space Launches,LUX,Luxembourg,-,1988,2021,2022,pre_saturation,national,regional_csv
RCV1 Vaccine,AND,Andorra,%,1997,2010,2021,saturating,national,regional_csv
Radio,MOZ,Mozambique,-,1975,1999,1999,pre_saturation,national,regional_csv
HEPB3 Vaccine,DOM,Dominican Republic,%,1998,2014,2021,pre_saturation,national,regional_csv
Television,AFG,Afghanistan,-,1978,2001,2001,pre_saturation,national,regional_csv
Telephones,CZE,Czech Republic,-,1979,2000,2002,saturating,national,regional_csv
HIB3 Vaccine,AND,Andorra,%,1998,2011,2021,saturating,national,regional_csv
Television,RWA,Rwanda,-,1975,1992,1998,pre_saturation,national,regional_csv
Telegraph Traffic,SRB,Serbia,Number (millions),1887,1910,1911,pre_saturation,national,regional_csv
Radio,VNM,Vietnam,-,1976,1999,1999,pre_saturation,national,regional_csv
Cellphones,SGP,Singapore,-,1975,2002,2002,pre_saturation,national,regional_csv
HIB3 Vaccine,FRA,France,%,1998,2011,2021,saturating,national,regional_csv
HIB3 Vaccine,CRI,Costa Rica,%,1998,2021,2021,pre_saturation,national,regional_csv
Television,VNM,Vietnam,-,1976,1999,1999,pre_saturation,national,regional_csv
Beer Production,RWA,Rwanda,thousand hectolitres,1965,1988,1988,pre_saturation,national,regional_csv
HEPB3 Vaccine,FRA,France,%,1998,2018,2021,saturating,national,regional_csv
YFV Vaccine,GUY,Guyana,%,1998,2012,2018,saturating,national,regional_csv
Space Launches,BRA,Brazil,-,1985,1999,2022,pre_saturation,national,regional_csv
HIB3 Vaccine,TTO,Trinidad and Tobago,%,1998,2018,2021,pre_saturation,national,regional_csv
Household Internet Access,USA,United States,%,1993,2016,2016,pre_saturation,national,regional_csv
HIB3 Vaccine,CHE,Switzerland,%,1998,2020,2021,pre_saturation,national,regional_csv
YFV Vaccine,MLI,Mali,%,1998,2008,2021,pre_saturation,national,regional_csv
Salt Production,MEX,Mexico,metric tons,1990,2012,2012,pre_saturation,national,regional_csv
Salt Production,LBY,Libya,metric tons,1990,2000,2010,saturating,national,regional_csv
Salt Production,IND,India,metric tons,1990,2010,2012,pre_saturation,national,regional_csv
Salt Production,AFG,Afghanistan,metric tons,1990,2011,2012,pre_saturation,national,regional_csv
Salt Production,PAK,Pakistan,metric tons,1990,2011,2012,pre_saturation,national,regional_csv
Salt Production,AUS,Australia,metric tons,1990,2005,2012,pre_saturation,national,regional_csv
Salt Production,EGY,Egypt,metric tons,1990,2008,2012,pre_saturation,national,regional_csv
Salt Production,GRC,Greece,metric tons,1990,2008,2012,pre_saturation,national,regional_csv
Salt Production,LBN,Lebanon,metric tons,1990,2006,2012,saturating,national,regional_csv
Salt Production,BHS,"Bahamas, The",metric tons,1990,2003,2012,pre_saturation,national,regional_csv
Salt Production,KOR,"Korea, Republic of",metric tons,1990,1999,2004,saturating,national,regional_csv
Salt Production,GHA,Ghana,metric tons,1990,2004,2012,pre_saturation,national,regional_csv
Salt Production,PER,Peru,metric tons,1990,2003,2012,pre_saturation,national,regional_csv
Salt Production,IDN,Indonesia,metric tons,1990,2006,2008,saturating,national,regional_csv
Salt Production,BGD,Bangladesh,metric tons,1990,2010,2012,saturating,national,regional_csv
Salt Production,MAR,Morocco,metric tons,1990,2011,2012,pre_saturation,national,regional_csv
Salt Production,ARG,Argentina,metric tons,1990,2007,2012,pre_saturation,national,regional_csv
Salt Production,CHN,China,metric tons,1990,2010,2012,saturating,national,regional_csv
Salt Production,IRN,Iran,metric tons,1990,2012,2012,pre_saturation,national,regional_csv
Telegraph Traffic,LBN,Lebanon,Number (millions),1945,1968,1971,pre_saturation,national,regional_csv
DTP3 Vaccine,SLE,Sierra Leone,%,1999,2019,2021,saturating,national,regional_csv
Salt Production,MDG,Madagascar,metric tons,1990,2011,2012,pre_saturation,national,regional_csv
Salt Production,CHL,Chile,metric tons,1990,2011,2012,pre_saturation,national,regional_csv
HIB3 Vaccine,LTU,Lithuania,%,1999,2009,2021,pre_saturation,national,regional_csv
Primary Bauxite Production,GHA,Ghana,metric tons,1990,2006,2012,pre_saturation,national,regional_csv
Primary Bauxite Production,CHN,China,metric tons,1990,2012,2012,pre_saturation,national,regional_csv
Primary Bauxite Production,BRA,Brazil,metric tons,1990,2012,2012,pre_saturation,national,regional_csv
Primary Bauxite Production,AUS,Australia,metric tons,1990,2012,2012,pre_saturation,national,regional_csv
HIB3 Vaccine,AUT,Austria,%,1999,2014,2021,pre_saturation,national,regional_csv
YFV Vaccine,BFA,Burkina Faso,%,1999,2009,2021,pre_saturation,national,regional_csv
Primary Bauxite Production,VEN,Venezuela,metric tons,1990,2006,2012,pre_saturation,national,regional_csv
Nitrogen Fertilizer,BHR,Bahrain,metric tons,1998,2020,2020,pre_saturation,national,regional_csv
Primary Bauxite Production,IND,India,metric tons,1990,2008,2012,pre_saturation,national,regional_csv
Primary Bauxite Production,SUR,Suriname,metric tons,1990,2008,2012,pre_saturation,national,regional_csv
Primary Bauxite Production,PAK,Pakistan,metric tons,1990,2007,2012,pre_saturation,national,regional_csv
Primary Bauxite Production,JAM,Jamaica,metric tons,1990,2006,2008,saturating,national,regional_csv
Primary Bauxite Production,IRN,Iran,metric tons,1990,1999,2012,pre_saturation,national,regional_csv
Primary Bauxite Production,IDN,Indonesia,metric tons,1990,2011,2012,pre_saturation,national,regional_csv
HIB3 Vaccine,NIC,Nicaragua,%,1999,2009,2019,saturating,national,regional_csv
HEPB3 Vaccine,NIC,Nicaragua,%,1999,2009,2019,saturating,national,regional_csv
Salt Production,TUN,Tunisia,metric tons,1990,2010,2012,pre_saturation,national,regional_csv
Salt Production,VNM,Vietnam,metric tons,1990,2010,2012,saturating,national,regional_csv
Salt Production,UGA,Uganda,metric tons,1990,2008,2012,saturating,national,regional_csv
Salt Production,SEN,Senegal,metric tons,1990,2002,2012,pre_saturation,national,regional_csv
HEPB3 Vaccine,MAR,Morocco,%,1999,2012,2021,saturating,national,regional_csv
Television,MMR,Burma,-,1980,2002,2002,pre_saturation,national,regional_csv
Lead,PER,Peru,metric tons,1990,2008,2012,pre_saturation,national,regional_csv
Lead,IRN,Iran,metric tons,1990,2010,2012,saturating,national,regional_csv
Lead,IND,India,metric tons,1990,2012,2012,pre_saturation,national,regional_csv
Lead,CHN,China,metric tons,1990,2012,2012,pre_saturation,national,regional_csv
Onshore Wind Energy,NPL,Nepal,MW,2000,2019,2022,saturating,national,regional_csv
Onshore Wind Energy,ISL,Iceland,MW,2000,2014,2016,saturating,national,regional_csv
Onshore Wind Energy,HUN,Hungary,MW,2000,2011,2022,saturating,national,regional_csv
Onshore Wind Energy,HND,Honduras,MW,2000,2019,2022,saturating,national,regional_csv
Onshore Wind Energy,HTI,Haiti,MW,2000,2018,2022,saturating,national,regional_csv
Onshore Wind Energy,GUY,Guyana,MW,2000,2015,2022,saturating,national,regional_csv
Onshore Wind Energy,WSM,Samoa,MW,2000,2014,2022,saturating,national,regional_csv
Onshore Wind Energy,SAU,Saudi Arabia,MW,2000,2019,2022,saturating,national,regional_csv
Onshore Wind Energy,SEN,Senegal,MW,2000,2020,2022,saturating,national,regional_csv
Onshore Wind Energy,GTM,Guatemala,MW,2000,2018,2022,saturating,national,regional_csv
Onshore Wind Energy,GUM,Guam,MW,2000,2016,2022,saturating,national,regional_csv
Onshore Wind Energy,PER,Peru,MW,2000,2020,2022,saturating,national,regional_csv
Onshore Wind Energy,IND,India,MW,2000,2022,2022,pre_saturation,national,regional_csv
Onshore Wind Energy,PHL,Philippines,MW,2000,2019,2022,saturating,national,regional_csv
Onshore Wind Energy,POL,Poland,MW,2000,2022,2022,pre_saturation,national,regional_csv
Onshore Wind Energy,PRT,Portugal,MW,2000,2022,2022,pre_saturation,national,regional_csv
Onshore Wind Energy,PRI,Puerto Rico,MW,2000,2015,2022,saturating,national,regional_csv
Onshore Wind Energy,KOR,Republic of Korea,MW,2000,2022,2022,pre_saturation,national,regional_csv
Onshore Wind Energy,MDA,Republic of Moldova,MW,2000,2022,2022,pre_saturation,national,regional_csv
Onshore Wind Energy,REU,Réunion,MW,2000,2016,2022,saturating,national,regional_csv
Onshore Wind Energy,ROU,Romania,MW,2000,2014,2022,pre_saturation,national,regional_csv
Onshore Wind Energy,RUS,Russian Federation,MW,2000,2022,2022,pre_saturation,national,regional_csv
Onshore Wind Energy,IRN,Iran (Islamic Republic of),MW,2000,2022,2022,pre_saturation,national,regional_csv
Onshore Wind Energy,KNA,Saint Kitts and Nevis,MW,2000,2010,2022,saturating,national,regional_csv
Onshore Wind Energy,IDN,Indonesia,MW,2000,2019,2022,saturating,national,regional_csv
Onshore Wind Energy,GLP,Guadeloupe,MW,2000,2021,2022,pre_saturation,national,regional_csv
Onshore Wind Energy,SRB,Serbia,MW,2000,2019,2022,saturating,national,regional_csv
Onshore Wind Energy,SYC,Seychelles,MW,2000,2013,2022,saturating,national,regional_csv
Onshore Wind Energy,LKA,Sri Lanka,MW,2000,2021,2022,pre_saturation,national,regional_csv
Onshore Wind Energy,SWE,Sweden,MW,2000,2022,2022,pre_saturation,national,regional_csv
Onshore Wind Energy,CHE,Switzerland,MW,2000,2020,2022,saturating,national,regional_csv
Onshore Wind Energy,THA,Thailand,MW,2000,2021,2022,pre_saturation,national,regional_csv
Onshore Wind Energy,FRA,France,MW,2000,2022,2022,pre_saturation,national,regional_csv
Onshore Wind Energy,FIN,Finland,MW,2000,2022,2022,pre_saturation,national,regional_csv
Primary Aluminum Production,CHN,China,metric tons,1990,2012,2012,pre_saturation,national,regional_csv
Onshore Wind Energy,ESP,Spain,MW,2000,2022,2022,pre_saturation,national,regional_csv
Onshore Wind Energy,GRL,Greenland,MW,2000,2018,2022,saturating,national,regional_csv
Onshore Wind Energy,SGP,Singapore,MW,2000,2017,2022,saturating,national,regional_csv
Onshore Wind Energy,GRC,Greece,MW,2000,2022,2022,pre_saturation,national,regional_csv
Onshore Wind Energy,GHA,Ghana,MW,2000,2015,2022,saturating,national,regional_csv
Onshore Wind Energy,DEU,Germany,MW,2000,2022,2022,pre_saturation,national,regional_csv
Onshore Wind Energy,ZAF,South Africa,MW,2000,2022,2022,pre_saturation,national,regional_csv
Onshore Wind Energy,GEO,Georgia,MW,2000,2022,2022,pre_saturation,national,regional_csv
Onshore Wind Energy,SVN,Slovenia,MW,2000,2021,2022,pre_saturation,national,regional_csv
Onshore Wind Energy,GMB,Gambia,MW,2000,2014,2022,saturating,national,regional_csv
Primary Aluminum Production,CAN,Canada,metric tons,1990,2008,2012,pre_saturation,national,regional_csv
Sulphuric Acid,IRN,Iran,thousand metric tons,1966,1976,1988,pre_saturation,national,regional_csv
Onshore Wind Energy,MRT,Mauritania,MW,2000,2015,2022,saturating,national,regional_csv
Onshore Wind Energy,MLT,Malta,MW,2000,2012,2014,saturating,national,regional_csv
Onshore Wind Energy,MDG,Madagascar,MW,2000,2011,2022,saturating,national,regional_csv
Onshore Wind Energy,LUX,Luxembourg,MW,2000,2022,2022,pre_saturation,national,regional_csv
Onshore Wind Energy,NLD,Netherlands (Kingdom of the),MW,2000,2022,2022,pre_saturation,national,regional_csv
Onshore Wind Energy,LTU,Lithuania,MW,2000,2022,2022,pre_saturation,national,regional_csv
Primary Aluminum Production,BRA,Brazil,metric tons,1990,2007,2012,pre_saturation,national,regional_csv
Onshore Wind Energy,MTQ,Martinique,MW,2000,2020,2022,pre_saturation,national,regional_csv
Onshore Wind Energy,MUS,Mauritius,MW,2000,2016,2022,saturating,national,regional_csv
Primary Aluminum Production,BHR,Bahrain,metric tons,1990,2012,2012,pre_saturation,national,regional_csv
Onshore Wind Energy,MMR,Myanmar,MW,2000,2017,2022,saturating,national,regional_csv
Onshore Wind Energy,MAR,Morocco,MW,2000,2022,2022,pre_saturation,national,regional_csv
Onshore Wind Energy,MNE,Montenegro,MW,2000,2019,2022,saturating,national,regional_csv
Onshore Wind Energy,MNG,Mongolia,MW,2000,2018,2022,saturating,national,regional_csv
Primary Aluminum Production,AUS,Australia,metric tons,1990,2008,2011,saturating,national,regional_csv
Primary Aluminum Production,ARG,Argentina,metric tons,1990,2012,2012,pre_saturation,national,regional_csv
Onshore Wind Energy,FSM,Micronesia (Federated States of),MW,2000,2018,2022,saturating,national,regional_csv
Onshore Wind Energy,MEX,Mexico,MW,2000,2022,2022,pre_saturation,national,regional_csv
Cadmium Refining,KOR,"Korea, Republic of",metric tons,1990,2010,2012,pre_saturation,national,regional_csv
Onshore Wind Energy,NIC,Nicaragua,MW,2000,2014,2022,saturating,national,regional_csv
Onshore Wind Energy,JPN,Japan,MW,2000,2022,2022,pre_saturation,national,regional_csv
Onshore Wind Energy,JAM,Jamaica,MW,2000,2016,2022,saturating,national,regional_csv
Onshore Wind Energy,MKD,North Macedonia,MW,2000,2014,2022,saturating,national,regional_csv
Onshore Wind Energy,NOR,Norway,MW,2000,2022,2022,pre_saturation,national,regional_csv
Onshore Wind Energy,OMN,Oman,MW,2000,2019,2022,saturating,national,regional_csv
Onshore Wind Energy,PAK,Pakistan,MW,2000,2022,2022,pre_saturation,national,regional_csv
Onshore Wind Energy,ITA,Italy,MW,2000,2022,2022,pre_saturation,national,regional_csv
Onshore Wind Energy,ISR,Israel,MW,2000,2016,2022,saturating,national,regional_csv
Onshore Wind Energy,IRL,Ireland,MW,2000,2022,2022,pre_saturation,national,regional_csv
Onshore Wind Energy,PAN,Panama,MW,2000,2016,2022,saturating,national,regional_csv
Onshore Wind Energy,JOR,Jordan,MW,2000,2021,2022,pre_saturation,national,regional_csv
Onshore Wind Energy,KAZ,Kazakhstan,MW,2000,2022,2022,pre_saturation,national,regional_csv
Onshore Wind Energy,LVA,Latvia,MW,2000,2022,2022,pre_saturation,national,regional_csv
Onshore Wind Energy,NCL,New Caledonia,MW,2000,2011,2022,saturating,national,regional_csv
Onshore Wind Energy,LBN,Lebanon,MW,2000,2014,2022,saturating,national,regional_csv
Cadmium Refining,CHN,China,metric tons,1990,2010,2012,saturating,national,regional_csv
Onshore Wind Energy,KEN,Kenya,MW,2000,2021,2022,pre_saturation,national,regional_csv
Onshore Wind Energy,KWT,Kuwait,MW,2000,2017,2022,saturating,national,regional_csv
Onshore Wind Energy,NZL,New Zealand,MW,2000,2021,2022,pre_saturation,national,regional_csv
Onshore Wind Energy,SOM,Somalia,MW,2000,2017,2022,saturating,national,regional_csv
Onshore Wind Energy,TKL,Tokelau,MW,2000,2019,2022,saturating,national,regional_csv
Primary Aluminum Production,IRN,Iran,metric tons,1990,2012,2012,pre_saturation,national,regional_csv
Primary Aluminum Production,IND,India,metric tons,1990,2012,2012,pre_saturation,national,regional_csv
Telephones,YEM,Yemen,-,1980,2002,2002,pre_saturation,national,regional_csv
Primary Aluminum Production,ISL,Iceland,metric tons,1990,2012,2012,pre_saturation,national,regional_csv
Onshore Wind Energy,BRB,Barbados,MW,2000,2022,2022,pre_saturation,national,regional_csv
Onshore Wind Energy,BLR,Belarus,MW,2000,2019,2022,saturating,national,regional_csv
Onshore Wind Energy,BEL,Belgium,MW,2000,2022,2022,pre_saturation,national,regional_csv
Primary Aluminum Production,EGY,Egypt,metric tons,1990,2010,2012,saturating,national,regional_csv
Onshore Wind Energy,BTN,Bhutan,MW,2000,2015,2022,saturating,national,regional_csv
Onshore Wind Energy,BOL,Bolivia (Plurinational State of),MW,2000,2022,2022,pre_saturation,national,regional_csv
Onshore Wind Energy,BES,"Bonaire, Sint Eustatius and Saba",MW,2000,2013,2022,saturating,national,regional_csv
Onshore Wind Energy,BIH,Bosnia and Herzegovina,MW,2000,2021,2022,pre_saturation,national,regional_csv
Onshore Wind Energy,BRA,Brazil,MW,2000,2022,2022,pre_saturation,national,regional_csv
Onshore Wind Energy,VGB,British Virgin Islands,MW,2000,2019,2022,saturating,national,regional_csv
Onshore Wind Energy,BGR,Bulgaria,MW,2000,2021,2022,pre_saturation,national,regional_csv
Onshore Wind Energy,CPV,Cabo Verde,MW,2000,2018,2022,saturating,national,regional_csv
Onshore Wind Energy,KHM,Cambodia,MW,2000,2009,2022,saturating,national,regional_csv
Onshore Wind Energy,CAN,Canada,MW,2000,2022,2022,pre_saturation,national,regional_csv
Onshore Wind Energy,AFG,Afghanistan,MW,2000,2017,2022,saturating,national,regional_csv
Onshore Wind Energy,DZA,Algeria,MW,2000,2014,2022,saturating,national,regional_csv
Onshore Wind Energy,ATG,Antigua and Barbuda,MW,2000,2020,2022,saturating,national,regional_csv
Onshore Wind Energy,ARG,Argentina,MW,2000,2022,2022,pre_saturation,national,regional_csv
Onshore Wind Energy,ARM,Armenia,MW,2000,2016,2022,saturating,national,regional_csv
Onshore Wind Energy,ABW,Aruba,MW,2000,2009,2022,saturating,national,regional_csv
Onshore Wind Energy,AUS,Australia,MW,2000,2022,2022,pre_saturation,national,regional_csv
Onshore Wind Energy,AUT,Austria,MW,2000,2022,2022,pre_saturation,national,regional_csv
Onshore Wind Energy,AZE,Azerbaijan,MW,2000,2018,2022,saturating,national,regional_csv
Onshore Wind Energy,BHR,Bahrain,MW,2000,2022,2022,pre_saturation,national,regional_csv
Primary Aluminum Production,ARE,United Arab Emirates,metric tons,1990,2012,2012,pre_saturation,national,regional_csv
Primary Aluminum Production,ZAF,South Africa,metric tons,1990,2007,2012,pre_saturation,national,regional_csv
Onshore Wind Energy,BGD,Bangladesh,MW,2000,2015,2022,saturating,national,regional_csv
Onshore Wind Energy,TON,Tonga,MW,2000,2019,2022,saturating,national,regional_csv
Primary Aluminum Production,NOR,Norway,metric tons,1990,2005,2008,saturating,national,regional_csv
Onshore Wind Energy,GBR,United Kingdom of Great Britain and Northern Ireland,MW,2000,2022,2022,pre_saturation,national,regional_csv
Onshore Wind Energy,EST,Estonia,MW,2000,2020,2022,saturating,national,regional_csv
Onshore Wind Energy,VNM,Viet Nam,MW,2000,2022,2022,pre_saturation,national,regional_csv
Onshore Wind Energy,VEN,Venezuela (Bolivarian Republic of),MW,2000,2013,2022,saturating,national,regional_csv
Onshore Wind Energy,VUT,Vanuatu,MW,2000,2014,2016,saturating,national,regional_csv
Onshore Wind Energy,UZB,Uzbekistan,MW,2000,2017,2022,saturating,national,regional_csv
Onshore Wind Energy,URY,Uruguay,MW,2000,2019,2022,saturating,national,regional_csv
Onshore Wind Energy,VIR,United States Virgin Islands,MW,2000,2013,2022,saturating,national,regional_csv
Onshore Wind Energy,USA,United States of America,MW,2000,2022,2022,pre_saturation,national,regional_csv
Onshore Wind Energy,TZA,United Republic of Tanzania,MW,2000,2020,2022,saturating,national,regional_csv
Onshore Wind Energy,ETH,Ethiopia,MW,2000,2022,2022,pre_saturation,national,regional_csv
Onshore Wind Energy,ARE,United Arab Emirates,MW,2000,2014,2022,pre_saturation,national,regional_csv
Onshore Wind Energy,UKR,Ukraine,MW,2000,2021,2022,pre_saturation,national,regional_csv
Onshore Wind Energy,FLK,Falkland Islands (Malvinas),MW,2000,2019,2022,saturating,national,regional_csv
Onshore Wind Energy,TUR,Türkiye,MW,2000,2022,2022,pre_saturation,national,regional_csv
Onshore Wind Energy,TUN,Tunisia,MW,2000,2018,2022,saturating,national,regional_csv
Onshore Wind Energy,FRO,Faroe Islands,MW,2000,2021,2022,pre_saturation,national,regional_csv
Onshore Wind Energy,TTO,Trinidad and Tobago,MW,2000,2015,2022,saturating,national,regional_csv
Onshore Wind Energy,SLV,El Salvador,MW,2000,2021,2022,pre_saturation,national,regional_csv
Onshore Wind Energy,CUW,Curaçao,MW,2000,2017,2022,saturating,national,regional_csv
Onshore Wind Energy,CUB,Cuba,MW,2000,2011,2022,saturating,national,regional_csv
Onshore Wind Energy,HRV,Croatia,MW,2000,2022,2022,pre_saturation,national,regional_csv
Onshore Wind Energy,CRI,Costa Rica,MW,2000,2019,2021,saturating,national,regional_csv
Onshore Wind Energy,CZE,Czechia,MW,2000,2020,2022,saturating,national,regional_csv
Onshore Wind Energy,TWN,Chinese Taipei,MW,2000,2022,2022,pre_saturation,national,regional_csv
Onshore Wind Energy,HKG,"China, Hong Kong Special Administrative Region",MW,2000,2017,2022,saturating,national,regional_csv
Onshore Wind Energy,CHN,China,MW,2000,2022,2022,pre_saturation,national,regional_csv
Onshore Wind Energy,CHL,Chile,MW,2000,2022,2022,pre_saturation,national,regional_csv
Onshore Wind Energy,CYP,Cyprus,MW,2000,2015,2022,saturating,national,regional_csv
Onshore Wind Energy,TCD,Chad,MW,2000,2016,2022,saturating,national,regional_csv
Onshore Wind Energy,DMA,Dominica,MW,2000,2010,2022,saturating,national,regional_csv
Onshore Wind Energy,DJI,Djibouti,MW,2000,2021,2022,pre_saturation,national,regional_csv
Onshore Wind Energy,PRK,Democratic People's Republic of Korea,MW,2000,2017,2022,saturating,national,regional_csv
Onshore Wind Energy,DNK,Denmark,MW,2000,2022,2022,pre_saturation,national,regional_csv
Onshore Wind Energy,ECU,Ecuador,MW,2000,2014,2022,saturating,national,regional_csv
Onshore Wind Energy,EGY,Egypt,MW,2000,2022,2022,pre_saturation,national,regional_csv
Onshore Wind Energy,DOM,Dominican Republic,MW,2000,2022,2022,pre_saturation,national,regional_csv
Copper|Refining,POL,Poland,metric tons,1990,2011,2011,pre_saturation,national,regional_csv
Solar Photovoltaic,GBR,United Kingdom of Great Britain and Northern Ireland,MW,2000,2021,2021,pre_saturation,national,regional_csv
Solar Photovoltaic,USA,United States of America,MW,2000,2021,2021,pre_saturation,national,regional_csv
Passenger Cars,LSO,Lesotho,-,1970,1986,1991,pre_saturation,national,regional_csv
Copper|Refining,ESP,Spain,metric tons,1990,2011,2011,pre_saturation,national,regional_csv
Copper|Refining,KOR,"Korea, Republic of",metric tons,1990,2011,2011,pre_saturation,national,regional_csv
Raw Steel Production,QAT,Qatar,metric tons,1990,2010,2011,pre_saturation,national,regional_csv
MCV2 Vaccine,JOR,Jordan,%,2000,2016,2018,saturating,national,regional_csv
Copper|Refining,MEX,Mexico,metric tons,1990,2002,2011,pre_saturation,national,regional_csv
Copper|Refining,OMN,Oman,metric tons,1990,2000,2002,saturating,national,regional_csv
Copper|Refining,PER,Peru,metric tons,1990,2003,2006,saturating,national,regional_csv
MCV2 Vaccine,AUT,Austria,%,2000,2016,2021,saturating,national,regional_csv
MCV2 Vaccine,ARG,Argentina,%,2000,2018,2021,pre_saturation,national,regional_csv
Raw Steel Production,MYS,Malaysia,metric tons,1990,2007,2011,pre_saturation,national,regional_csv
Solid Biofuels,PAK,Pakistan,MW,2000,2018,2021,saturating,national,regional_csv
Raw Steel Production,PER,Peru,metric tons,1990,2009,2011,saturating,national,regional_csv
Raw Steel Production,PRY,Paraguay,metric tons,1990,2007,2011,saturating,national,regional_csv
Raw Steel Production,NOR,Norway,metric tons,1990,2005,2007,saturating,national,regional_csv
Raw Steel Production,MAR,Morocco,metric tons,1990,2009,2011,saturating,national,regional_csv
Raw Steel Production,MEX,Mexico,metric tons,1990,2011,2011,pre_saturation,national,regional_csv
Copper|Refining,SWE,Sweden,metric tons,1990,2005,2011,pre_saturation,national,regional_csv
HIB3 Vaccine,MHL,Marshall Islands,%,2000,2009,2021,pre_saturation,national,regional_csv
Copper|Refining,AUS,Australia,metric tons,1990,2001,2011,pre_saturation,national,regional_csv
Iron Ore,MYS,Malaysia,metric tons,1990,2011,2011,pre_saturation,national,regional_csv
Geothermal Energy,ITA,Italy,MW,2000,2021,2021,pre_saturation,national,regional_csv
Geothermal Energy,IDN,Indonesia,MW,2000,2021,2021,pre_saturation,national,regional_csv
Iron Ore,CHN,China,metric tons,1990,2011,2011,pre_saturation,national,regional_csv
Geothermal Energy,ISL,Iceland,MW,2000,2020,2021,pre_saturation,national,regional_csv
Telephones,SOM,Somalia,-,1981,2002,2002,pre_saturation,national,regional_csv
Geothermal Energy,CRI,Costa Rica,MW,2000,2019,2021,saturating,national,regional_csv
Solid Biofuels,ZWE,Zimbabwe,MW,2000,2011,2021,saturating,national,regional_csv
Television,LKA,Sri Lanka,-,1979,2001,2001,pre_saturation,national,regional_csv
Solid Biofuels,URY,Uruguay,MW,2000,2019,2021,saturating,national,regional_csv
Solid Biofuels,USA,United States of America,MW,2000,2021,2021,pre_saturation,national,regional_csv
Solid Biofuels,TZA,United Republic of Tanzania,MW,2000,2010,2021,saturating,national,regional_csv
Solid Biofuels,GBR,United Kingdom of Great Britain and Northern Ireland,MW,2000,2021,2021,pre_saturation,national,regional_csv
Solid Biofuels,THA,Thailand,MW,2000,2020,2021,pre_saturation,national,regional_csv
Iron Ore,IRN,Iran,metric tons,1990,2008,2011,pre_saturation,national,regional_csv
Geothermal Energy,KEN,Kenya,MW,2000,2020,2021,pre_saturation,national,regional_csv
Raw Steel Production,KOR,"Korea, Republic of",metric tons,1990,2011,2011,pre_saturation,national,regional_csv
Solid Biofuels,ARG,Argentina,MW,2000,2020,2021,pre_saturation,national,regional_csv
Solid Biofuels,AUS,Australia,MW,2000,2020,2021,pre_saturation,national,regional_csv
Solid Biofuels,AUT,Austria,MW,2000,2011,2021,pre_saturation,national,regional_csv
Solid Biofuels,BEL,Belgium,MW,2000,2011,2021,pre_saturation,national,regional_csv
Solid Biofuels,BLZ,Belize,MW,2000,2017,2021,pre_saturation,national,regional_csv
Salt Production,BWA,Botswana,metric tons,1991,2010,2012,pre_saturation,national,regional_csv
Iron Ore,BRA,Brazil,metric tons,1990,2011,2011,pre_saturation,national,regional_csv
Solid Biofuels,BRA,Brazil,MW,2000,2021,2021,pre_saturation,national,regional_csv
Geothermal Energy,TUR,Türkiye,MW,2000,2021,2021,pre_saturation,national,regional_csv
Geothermal Energy,PRT,Portugal,MW,2000,2017,2021,saturating,national,regional_csv
Geothermal Energy,PHL,Philippines,MW,2000,2018,2021,saturating,national,regional_csv
Geothermal Energy,NIC,Nicaragua,MW,2000,2012,2021,pre_saturation,national,regional_csv
Geothermal Energy,NZL,New Zealand,MW,2000,2020,2021,pre_saturation,national,regional_csv
Telephones,GNQ,Equatorial Guinea,-,1981,2002,2002,pre_saturation,national,regional_csv
Iron Ore,IND,India,metric tons,1990,2011,2011,pre_saturation,national,regional_csv
Solid Biofuels,SWE,Sweden,MW,2000,2018,2021,pre_saturation,national,regional_csv
Solid Biofuels,FRA,France,MW,2000,2021,2021,pre_saturation,national,regional_csv
Solid Biofuels,DEU,Germany,MW,2000,2013,2021,saturating,national,regional_csv
Solid Biofuels,REU,Réunion,MW,2000,2019,2021,saturating,national,regional_csv
Solid Biofuels,GLP,Guadeloupe,MW,2000,2017,2021,saturating,national,regional_csv
Solid Biofuels,GTM,Guatemala,MW,2000,2018,2021,pre_saturation,national,regional_csv
Solid Biofuels,HND,Honduras,MW,2000,2019,2021,saturating,national,regional_csv
Solid Biofuels,HUN,Hungary,MW,2000,2010,2021,pre_saturation,national,regional_csv
Solid Biofuels,IND,India,MW,2000,2021,2021,pre_saturation,national,regional_csv
Solid Biofuels,KOR,Republic of Korea,MW,2000,2019,2021,pre_saturation,national,regional_csv
Solid Biofuels,PRT,Portugal,MW,2000,2021,2021,pre_saturation,national,regional_csv
Solid Biofuels,IDN,Indonesia,MW,2000,2020,2021,pre_saturation,national,regional_csv
Solid Biofuels,ITA,Italy,MW,2000,2018,2021,saturating,national,regional_csv
Solid Biofuels,POL,Poland,MW,2000,2015,2021,saturating,national,regional_csv
Solid Biofuels,JPN,Japan,MW,2000,2021,2021,pre_saturation,national,regional_csv
Solid Biofuels,KEN,Kenya,MW,2000,2015,2021,saturating,national,regional_csv
Solid Biofuels,PER,Peru,MW,2000,2019,2021,saturating,national,regional_csv
Solid Biofuels,MEX,Mexico,MW,2000,2018,2021,pre_saturation,national,regional_csv
Solid Biofuels,NLD,Netherlands,MW,2000,2021,2021,pre_saturation,national,regional_csv
Solid Biofuels,NIC,Nicaragua,MW,2000,2019,2021,saturating,national,regional_csv
Solid Biofuels,FIN,Finland,MW,2000,2021,2021,pre_saturation,national,regional_csv
Solid Biofuels,FJI,Fiji,MW,2000,2021,2021,pre_saturation,national,regional_csv
Solid Biofuels,CRI,Costa Rica,MW,2000,2019,2021,saturating,national,regional_csv
Solid Biofuels,SDN,Sudan,MW,2000,2012,2021,saturating,national,regional_csv
Solid Biofuels,ESP,Spain,MW,2000,2021,2021,pre_saturation,national,regional_csv
Solid Biofuels,CAN,Canada,MW,2000,2018,2021,pre_saturation,national,regional_csv
Solid Biofuels,CHL,Chile,MW,2000,2013,2021,pre_saturation,national,regional_csv
Solid Biofuels,CHN,China,MW,2000,2021,2021,pre_saturation,national,regional_csv
Solid Biofuels,COL,Colombia,MW,2000,2021,2021,pre_saturation,national,regional_csv
YFV Vaccine,ECU,Ecuador,%,2000,2014,2019,saturating,national,regional_csv
Solid Biofuels,HRV,Croatia,MW,2000,2021,2021,pre_saturation,national,regional_csv
Television,GIN,Guinea,-,1978,1999,1999,pre_saturation,national,regional_csv
YFV Vaccine,NER,Niger,%,2000,2015,2021,pre_saturation,national,regional_csv
Solid Biofuels,CZE,Czechia,MW,2000,2020,2021,pre_saturation,national,regional_csv
Telephones,GNB,Guinea-Bissau,-,1981,2002,2002,pre_saturation,national,regional_csv
Solid Biofuels,SEN,Senegal,MW,2000,2010,2021,saturating,national,regional_csv
Solid Biofuels,DNK,Denmark,MW,2000,2017,2021,saturating,national,regional_csv
Solid Biofuels,SLV,El Salvador,MW,2000,2014,2021,saturating,national,regional_csv
Solid Biofuels,EST,Estonia,MW,2000,2020,2021,pre_saturation,national,regional_csv
Solid Biofuels,SWZ,Eswatini,MW,2000,2011,2013,saturating,national,regional_csv
Solid Biofuels,ETH,Ethiopia,MW,2000,2021,2021,pre_saturation,national,regional_csv
RCV1 Vaccine,JOR,Jordan,%,2000,2016,2018,saturating,national,regional_csv
Copper|Mining,CHL,Chile,metric tons,1990,2007,2010,saturating,national,regional_csv
MCV2 Vaccine,ARE,United Arab Emirates,%,2000,2014,2018,saturating,national,regional_csv
MCV2 Vaccine,USA,United States,%,2000,2019,2021,saturating,national,regional_csv
Copper|Refining,CHN,China,metric tons,1990,2011,2011,pre_saturation,national,regional_csv
Copper|Refining,CHL,Chile,metric tons,1990,2009,2011,pre_saturation,national,regional_csv
Copper|Refining,BGR,Bulgaria,metric tons,1990,2011,2011,pre_saturation,national,regional_csv
Copper|Refining,AUT,Austria,metric tons,1990,2010,2011,pre_saturation,national,regional_csv
HIB3 Vaccine,CYP,Cyprus,%,2000,2015,2018,saturating,national,regional_csv
Iron Ore,ZAF,South Africa,metric tons,1990,2011,2011,pre_saturation,national,regional_csv
Copper|Mining,AUS,Australia,metric tons,1990,2011,2011,pre_saturation,national,regional_csv
Copper|Mining,BOL,Bolivia,metric tons,1990,2011,2011,pre_saturation,national,regional_csv
Copper|Mining,BRA,Brazil,metric tons,1990,2008,2011,saturating,national,regional_csv
Copper|Mining,BGR,Bulgaria,metric tons,1990,2006,2011,saturating,national,regional_csv
Copper|Refining,JPN,Japan,metric tons,1990,2007,2011,pre_saturation,national,regional_csv
Copper|Refining,IRN,Iran,metric tons,1990,2011,2011,pre_saturation,national,regional_csv
Copper|Refining,IND,India,metric tons,1990,2009,2011,pre_saturation,national,regional_csv
MCV2 Vaccine,PRT,Portugal,%,2000,2011,2021,saturating,national,regional_csv
MCV2 Vaccine,RUS,Russian Federation,%,2000,2010,2021,saturating,national,regional_csv
Copper|Refining,DEU,Germany,metric tons,1990,2000,2002,saturating,national,regional_csv
Copper|Refining,FIN,Finland,metric tons,1990,2008,2011,pre_saturation,national,regional_csv
Copper|Mining,CHN,China,metric tons,1990,2011,2011,pre_saturation,national,regional_csv
Raw Steel Production,FIN,Finland,metric tons,1990,2006,2011,pre_saturation,national,regional_csv
Raw Steel Production,GRC,Greece,metric tons,1990,2007,2011,pre_saturation,national,regional_csv
Copper|Mining,PER,Peru,metric tons,1990,2009,2011,saturating,national,regional_csv
Raw Steel Production,HKG,Hong Kong,metric tons,1990,2006,2009,saturating,national,regional_csv
Copper|Mining,POL,Poland,metric tons,1990,2004,2011,pre_saturation,national,regional_csv
Raw Steel Production,IND,India,metric tons,1990,2011,2011,pre_saturation,national,regional_csv
Raw Steel Production,IRN,Iran,metric tons,1990,2011,2011,pre_saturation,national,regional_csv
Copper|Mining,TUR,Turkey,metric tons,1990,2009,2011,pre_saturation,national,regional_csv
Raw Steel Production,SLV,El Salvador,metric tons,1990,2011,2011,pre_saturation,national,regional_csv
Raw Steel Production,EGY,Egypt,metric tons,1990,2010,2011,pre_saturation,national,regional_csv
Raw Steel Production,ECU,Ecuador,metric tons,1990,2011,2011,pre_saturation,national,regional_csv
Iron Ore,PER,Peru,metric tons,1990,2011,2011,pre_saturation,national,regional_csv
Offshore Wind Energy,SWE,Sweden,MW,2000,2014,2021,saturating,national,regional_csv
Iron Ore,AUS,Australia,metric tons,1990,2011,2011,pre_saturation,national,regional_csv
Copper|Mining,IDN,Indonesia,metric tons,1990,2002,2011,pre_saturation,national,regional_csv
Copper|Mining,IRN,Iran,metric tons,1990,2009,2011,saturating,national,regional_csv
Raw Steel Production,AUT,Austria,metric tons,1990,2008,2011,pre_saturation,national,regional_csv
Raw Steel Production,BRA,Brazil,metric tons,1990,2007,2011,pre_saturation,national,regional_csv
Raw Steel Production,CAN,Canada,metric tons,1990,1999,2004,saturating,national,regional_csv
Raw Steel Production,CHL,Chile,metric tons,1990,2007,2011,pre_saturation,national,regional_csv
Raw Steel Production,CHN,China,metric tons,1990,2011,2011,pre_saturation,national,regional_csv
HEPB3 Vaccine,TUR,Türkiye,%,2000,2019,2021,saturating,national,regional_csv
Offshore Wind Energy,DNK,Denmark,MW,2000,2021,2021,pre_saturation,national,regional_csv
Solar Photovoltaic,SVN,Slovenia,MW,2000,2020,2021,pre_saturation,national,regional_csv
HEPB3 Vaccine,AUT,Austria,%,2000,2014,2021,pre_saturation,national,regional_csv
Solar Photovoltaic,SAU,Saudi Arabia,MW,2000,2021,2021,pre_saturation,national,regional_csv
Biogas,POL,Poland,MW,2000,2020,2021,pre_saturation,national,regional_csv
HEPB3 Vaccine,ARM,Armenia,%,2000,2011,2021,saturating,national,regional_csv
Raw Steel Production,ESP,Spain,metric tons,1990,2009,2011,saturating,national,regional_csv
Solar Photovoltaic,JPN,Japan,MW,2000,2021,2021,pre_saturation,national,regional_csv
Solar Photovoltaic,ESP,Spain,MW,2000,2021,2021,pre_saturation,national,regional_csv
Solar Photovoltaic,ITA,Italy,MW,2000,2021,2021,pre_saturation,national,regional_csv
Solar Photovoltaic,LKA,Sri Lanka,MW,2000,2021,2021,pre_saturation,national,regional_csv
Solar Photovoltaic,DEU,Germany,MW,2000,2021,2021,pre_saturation,national,regional_csv
Beer Production,CIV,Ivory Coast,thousand hectolitres,1963,1980,1984,pre_saturation,national,regional_csv
Biogas,TUR,Türkiye,MW,2000,2021,2021,pre_saturation,national,regional_csv
Biogas,GBR,United Kingdom of Great Britain and Northern Ireland,MW,2000,2021,2021,pre_saturation,national,regional_csv
Biogas,USA,United States of America,MW,2000,2017,2021,saturating,national,regional_csv
Solar Photovoltaic,NOR,Norway,MW,2000,2021,2021,pre_saturation,national,regional_csv
Solar Photovoltaic,CHE,Switzerland,MW,2000,2021,2021,pre_saturation,national,regional_csv
Biogas,PRT,Portugal,MW,2000,2021,2021,pre_saturation,national,regional_csv
Marine Energy,GBR,United Kingdom of Great Britain and Northern Ireland,MW,2000,2020,2021,pre_saturation,national,regional_csv
Solar Photovoltaic,NLD,Netherlands,MW,2000,2021,2021,pre_saturation,national,regional_csv
Solar Photovoltaic,FSM,Micronesia (Federated States of),MW,2000,2018,2021,saturating,national,regional_csv
Solar Photovoltaic,PRT,Portugal,MW,2000,2021,2021,pre_saturation,national,regional_csv
Biogas,ESP,Spain,MW,2000,2020,2021,pre_saturation,national,regional_csv
HEPB3 Vaccine,CHN,China,%,2000,2009,2021,saturating,national,regional_csv
Biogas,SVN,Slovenia,MW,2000,2015,2021,pre_saturation,national,regional_csv
Solar Photovoltaic,KOR,Republic of Korea,MW,2000,2021,2021,pre_saturation,national,regional_csv
Raw Steel Production,TTO,Trinidad and Tobago,metric tons,1990,2003,2011,pre_saturation,national,regional_csv
Raw Steel Production,VEN,Venezuela,metric tons,1990,2007,2011,saturating,national,regional_csv
Solar Photovoltaic,TTO,Trinidad and Tobago,MW,2000,2015,2021,saturating,national,regional_csv
HEPBB Vaccine,VEN,Venezuela (Bolivarian Republic of),%,2000,2013,2021,pre_saturation,national,regional_csv
Raw Steel Production,VNM,Vietnam,metric tons,1990,2010,2011,pre_saturation,national,regional_csv
Raw Steel Production,THA,Thailand,metric tons,1990,2007,2011,pre_saturation,national,regional_csv
Raw Steel Production,TWN,Taiwan,metric tons,1990,2011,2011,pre_saturation,national,regional_csv
Marine Energy,CHN,China,MW,2000,2020,2021,pre_saturation,national,regional_csv
Solar Photovoltaic,MEX,Mexico,MW,2000,2021,2021,pre_saturation,national,regional_csv
Biogas,DEU,Germany,MW,2000,2021,2021,pre_saturation,national,regional_csv
Biogas,GRC,Greece,MW,2000,2021,2021,pre_saturation,national,regional_csv
Biogas,BEL,Belgium,MW,2000,2020,2021,pre_saturation,national,regional_csv
Biogas,LUX,Luxembourg,MW,2000,2016,2021,saturating,national,regional_csv
Solar Photovoltaic,TUR,Türkiye,MW,2000,2021,2021,pre_saturation,national,regional_csv
Biogas,FRA,France,MW,2000,2021,2021,pre_saturation,national,regional_csv
Solar Photovoltaic,AUS,Australia,MW,2000,2021,2021,pre_saturation,national,regional_csv
Biogas,IRL,Ireland,MW,2000,2020,2021,pre_saturation,national,regional_csv
Offshore Wind Energy,GBR,United Kingdom of Great Britain and Northern Ireland,MW,2000,2021,2021,pre_saturation,national,regional_csv
Biogas,CZE,Czechia,MW,2000,2017,2021,saturating,national,regional_csv
Solar Photovoltaic,AUT,Austria,MW,2000,2021,2021,pre_saturation,national,regional_csv
Raw Steel Production,SAU,Saudi Arabia,metric tons,1990,2011,2011,pre_saturation,national,regional_csv
Biogas,ITA,Italy,MW,2000,2019,2021,saturating,national,regional_csv
Beer Production,SRB,Serbia,thousand hectolitres,1888,1909,1909,pre_saturation,national,regional_csv
Biogas,JOR,Jordan,MW,2000,2015,2021,saturating,national,regional_csv
Biogas,FIN,Finland,MW,2000,2017,2021,saturating,national,regional_csv
Biogas,CAN,Canada,MW,2000,2020,2021,pre_saturation,national,regional_csv
Biogas,AUT,Austria,MW,2000,2011,2021,pre_saturation,national,regional_csv
Solar Photovoltaic,CZE,Czechia,MW,2000,2020,2021,pre_saturation,national,regional_csv
Biogas,HUN,Hungary,MW,2000,2021,2021,pre_saturation,national,regional_csv
Solar Photovoltaic,FRA,France,MW,2000,2021,2021,pre_saturation,national,regional_csv
Solar Photovoltaic,FIN,Finland,MW,2000,2021,2021,pre_saturation,national,regional_csv
Biogas,NZL,New Zealand,MW,2000,2015,2021,pre_saturation,national,regional_csv
Biogas,NLD,Netherlands,MW,2000,2015,2021,pre_saturation,national,regional_csv
Solar Photovoltaic,DMA,Dominica,MW,2000,2016,2021,pre_saturation,national,regional_csv
Solar Photovoltaic,DNK,Denmark,MW,2000,2021,2021,pre_saturation,national,regional_csv
Biogas,MEX,Mexico,MW,2000,2018,2021,pre_saturation,national,regional_csv
Solar Photovoltaic,SWE,Sweden,MW,2000,2021,2021,pre_saturation,national,regional_csv
Biogas,DNK,Denmark,MW,2000,2020,2021,pre_saturation,national,regional_csv
Solar Photovoltaic,CAN,Canada,MW,2000,2021,2021,pre_saturation,national,regional_csv
Solar Photovoltaic,CRI,Costa Rica,MW,2000,2021,2021,pre_saturation,national,regional_csv
Solar Photovoltaic,KHM,Cambodia,MW,2000,2021,2021,pre_saturation,national,regional_csv
Solar Photovoltaic,CHN,China,MW,2000,2021,2021,pre_saturation,national,regional_csv
Solar Photovoltaic,TWN,Chinese Taipei,MW,2000,2021,2021,pre_saturation,national,regional_csv
Solar Photovoltaic,COK,Cook Islands,MW,2000,2016,2021,saturating,national,regional_csv
Raw Steel Production,TUR,Turkey,metric tons,1990,2011,2011,pre_saturation,national,regional_csv
MCV2 Vaccine,GEO,Georgia,%,2001,2019,2021,pre_saturation,national,regional_csv
HEPB3 Vaccine,MOZ,Mozambique,%,2001,2014,2019,saturating,national,regional_csv
MCV2 Vaccine,LSO,Lesotho,%,2001,2011,2021,saturating,national,regional_csv
Telephones,LBY,Libya,-,1981,2001,2001,pre_saturation,national,regional_csv
Cellphones,ARE,United Arab Emirates,-,1982,2002,2002,pre_saturation,national,regional_csv
Primary Aluminum Production,RUS,Russia,metric tons,1992,2008,2012,pre_saturation,national,regional_csv
HEPBB Vaccine,PAN,Panama,%,2001,2011,2021,pre_saturation,national,regional_csv
Solid Biofuels,SVK,Slovakia,MW,2001,2013,2021,pre_saturation,national,regional_csv
MCV2 Vaccine,ALB,Albania,%,2001,2011,2019,saturating,national,regional_csv
MCV2 Vaccine,AZE,Azerbaijan,%,2001,2013,2019,saturating,national,regional_csv
Solar Photovoltaic,JAM,Jamaica,MW,2001,2019,2021,saturating,national,regional_csv
Oil Pipeline,USA,United States,miles,2001,2021,2021,pre_saturation,national,regional_csv
Biogas,PRY,Paraguay,MW,2001,2019,2021,saturating,national,regional_csv
HEPB3 Vaccine,BHS,Bahamas,%,2001,2010,2017,saturating,national,regional_csv
HEPB3 Vaccine,BRB,Barbados,%,2001,2015,2021,pre_saturation,national,regional_csv
Salt Production,BIH,Bosnia and Herzegovina,metric tons,1992,2012,2012,pre_saturation,national,regional_csv
Biogas,KOR,Republic of Korea,MW,2001,2018,2021,pre_saturation,national,regional_csv
Solar Photovoltaic,BRB,Barbados,MW,2001,2020,2021,pre_saturation,national,regional_csv
HIB3 Vaccine,GUY,Guyana,%,2001,2019,2021,pre_saturation,national,regional_csv
Solar Photovoltaic,BRA,Brazil,MW,2001,2021,2021,pre_saturation,national,regional_csv
HIB3 Vaccine,JOR,Jordan,%,2001,2015,2018,saturating,national,regional_csv
Biogas,MYS,Malaysia,MW,2001,2021,2021,pre_saturation,national,regional_csv
Solid Biofuels,LTU,Lithuania,MW,2001,2019,2021,pre_saturation,national,regional_csv
Solid Biofuels,LVA,Latvia,MW,2001,2021,2021,pre_saturation,national,regional_csv
Solar Photovoltaic,GRC,Greece,MW,2001,2021,2021,pre_saturation,national,regional_csv
Biogas,SVK,Slovakia,MW,2001,2016,2018,saturating,national,regional_csv
HEPBB Vaccine,SAU,Saudi Arabia,%,2001,2012,2021,saturating,national,regional_csv
HEPB3 Vaccine,CIV,Cote d'Ivoire,%,2001,2016,2018,saturating,national,regional_csv
Solar Photovoltaic,LUX,Luxembourg,MW,2001,2021,2021,pre_saturation,national,regional_csv
HIB3 Vaccine,BRB,Barbados,%,2001,2015,2021,pre_saturation,national,regional_csv
Solar Photovoltaic,ALB,Albania,MW,2001,2021,2021,pre_saturation,national,regional_csv
Copper|Mining,MMR,Burma,metric tons,1990,2005,2011,pre_saturation,national,regional_csv
HEPB3 Vaccine,GUY,Guyana,%,2001,2019,2021,pre_saturation,national,regional_csv
MCV2 Vaccine,SAU,Saudi Arabia,%,2001,2013,2021,saturating,national,regional_csv
DTP3 Vaccine,TLS,Timor-Leste,%,2002,2019,2021,saturating,national,regional_csv
YFV Vaccine,SLE,Sierra Leone,%,2002,2019,2021,pre_saturation,national,regional_csv
Space Launches,ISR,Israel,-,1988,2021,2021,pre_saturation,national,regional_csv
Iron Ore,THA,Thailand,metric tons,1990,2008,2011,pre_saturation,national,regional_csv
POL3 Vaccine,TLS,Timor-Leste,%,2002,2019,2021,saturating,national,regional_csv
Solar Photovoltaic,BEL,Belgium,MW,2002,2021,2021,pre_saturation,national,regional_csv
Biogas,EST,Estonia,MW,2002,2015,2017,saturating,national,regional_csv
Biogas,LVA,Latvia,MW,2002,2016,2021,saturating,national,regional_csv
Biogas,LTU,Lithuania,MW,2002,2021,2021,pre_saturation,national,regional_csv
HEPB3 Vaccine,GHA,Ghana,%,2002,2017,2019,saturating,national,regional_csv
Television,LTU,Lithuania,-,1983,2002,2002,pre_saturation,national,regional_csv
Salt Production,SVN,Slovenia,metric tons,1992,2005,2012,pre_saturation,national,regional_csv
HEPB3 Vaccine,TTO,Trinidad and Tobago,%,2002,2018,2021,pre_saturation,national,regional_csv
HEPB3 Vaccine,TJK,Tajikistan,%,2002,2014,2021,saturating,national,regional_csv
BCG Vaccine,JOR,Jordan,%,2002,2016,2021,pre_saturation,national,regional_csv
Copper|Mining,ARM,Armenia,metric tons,1992,2011,2011,pre_saturation,national,regional_csv
Biogas,ROU,Romania,MW,2002,2020,2021,pre_saturation,national,regional_csv
HEPB3 Vaccine,CPV,Cabo Verde,%,2002,2018,2021,pre_saturation,national,regional_csv
Telephones,MKD,Macedonia,-,1983,2002,2002,pre_saturation,national,regional_csv
Air-Source Heat Pumps,USA,United States,-,2003,2022,2022,pre_saturation,national,regional_csv
YFV Vaccine,KEN,Kenya,%,2002,2020,2021,pre_saturation,national,regional_csv
HEPBB Vaccine,AZE,Azerbaijan,%,2002,2011,2021,saturating,national,regional_csv
YFV Vaccine,GIN,Guinea,%,2002,2011,2021,pre_saturation,national,regional_csv
Television,GEO,Georgia,-,1983,1998,2002,pre_saturation,national,regional_csv
Television,MLI,Mali,-,1983,2002,2002,pre_saturation,national,regional_csv
HEPB3 Vaccine,AZE,Azerbaijan,%,2002,2016,2019,saturating,national,regional_csv
HEPB3 Vaccine,UGA,Uganda,%,2002,2017,2019,saturating,national,regional_csv
Primary Aluminum Production,SVK,Slovakia,metric tons,1993,2004,2012,pre_saturation,national,regional_csv
Television,LVA,Latvia,-,1983,2002,2002,pre_saturation,national,regional_csv
HEPBB Vaccine,USA,United States,%,2002,2013,2015,saturating,national,regional_csv
HIB3 Vaccine,UGA,Uganda,%,2002,2017,2019,saturating,national,regional_csv
Raw Steel Production,LVA,Latvia,metric tons,1992,2004,2011,saturating,national,regional_csv
Television,EST,Estonia,-,1983,2002,2002,pre_saturation,national,regional_csv
HIB3 Vaccine,GHA,Ghana,%,2002,2017,2019,saturating,national,regional_csv
Television,AZE,Azerbaijan,-,1983,2002,2002,pre_saturation,national,regional_csv
MCV2 Vaccine,MLT,Malta,%,2003,2020,2021,pre_saturation,national,regional_csv
Potash Fertilizer,UZB,Uzbekistan,metric tons,2002,2019,2020,pre_saturation,national,regional_csv
Beer Production,ZMB,Zambia,thousand hectolitres,1969,1982,1988,pre_saturation,national,regional_csv
HEPB3 Vaccine,PER,Peru,%,2003,2012,2021,pre_saturation,national,regional_csv
Milk Production,SVN,Slovenia,thousand metric tons,1992,2002,2010,pre_saturation,national,regional_csv
HEPB3 Vaccine,NPL,Nepal,%,2003,2019,2021,pre_saturation,national,regional_csv
Potash Fertilizer,EGY,Egypt,metric tons,2002,2014,2020,pre_saturation,national,regional_csv
Space Launches,IDN,Indonesia,-,1976,1996,2019,pre_saturation,national,regional_csv
MCV2 Vaccine,IDN,Indonesia,%,2003,2012,2021,pre_saturation,national,regional_csv
Milk Production,MKD,Macedonia,thousand metric tons,1992,2007,2010,pre_saturation,national,regional_csv
Liquid Biofuels,USA,United States of America,MW,2003,2018,2021,pre_saturation,national,regional_csv
Disk Brakes,USA,United States,%,1966,1979,1984,saturating,national,regional_csv
Television,UZB,Uzbekistan,-,1983,2001,2001,pre_saturation,national,regional_csv
HIB3 Vaccine,LBN,Lebanon,%,2003,2013,2019,saturating,national,regional_csv
Television,TKM,Turkmenistan,-,1983,2000,2001,pre_saturation,national,regional_csv
Solar Photovoltaic,BIH,Bosnia and Herzegovina,MW,2003,2021,2021,pre_saturation,national,regional_csv
RCV1 Vaccine,AZE,Azerbaijan,%,2003,2013,2019,saturating,national,regional_csv
Offshore Wind Energy,JPN,Japan,MW,2003,2017,2021,saturating,national,regional_csv
Raw Steel Production,GTM,Guatemala,metric tons,1990,2011,2011,pre_saturation,national,regional_csv
HEPB3 Vaccine,BGD,Bangladesh,%,2003,2015,2021,saturating,national,regional_csv
Potash Fertilizer,VEN,Venezuela (Bolivarian Republic of),metric tons,2002,2015,2020,pre_saturation,national,regional_csv
Television,MDA,Moldova,-,1983,1996,2001,saturating,national,regional_csv
Geothermal Energy,CHN,China,MW,2000,2011,2018,saturating,national,regional_csv
Biogas,THA,Thailand,MW,2003,2020,2021,pre_saturation,national,regional_csv
HEPB3 Vaccine,CAN,Canada,%,2003,2019,2021,saturating,national,regional_csv
HEPB3 Vaccine,COM,Comoros,%,2003,2015,2020,saturating,national,regional_csv
Television,TJK,Tajikistan,-,1983,2001,2001,pre_saturation,national,regional_csv
Television,UKR,Ukraine,-,1975,2000,2000,pre_saturation,national,regional_csv
Nitrogen Fertilizer,BOL,Bolivia (Plurinational State of),metric tons,2002,2019,2020,pre_saturation,national,regional_csv
Potash Fertilizer,TUR,Türkiye,metric tons,2002,2020,2020,pre_saturation,national,regional_csv
HEPBB Vaccine,TUR,Türkiye,%,2003,2013,2021,saturating,national,regional_csv
Radio,BLZ,Belize,-,1981,1999,1999,pre_saturation,national,regional_csv
YFV Vaccine,COD,Democratic Republic of the Congo,%,2003,2018,2020,saturating,national,regional_csv
Nitrogen Fertilizer,OMN,Oman,metric tons,2002,2013,2020,pre_saturation,national,regional_csv
HEPBB Vaccine,PER,Peru,%,2003,2013,2016,saturating,national,regional_csv
Milk Production,BLR,Belarus,thousand metric tons,1992,2010,2010,pre_saturation,national,regional_csv
Potash Fertilizer,HRV,Croatia,metric tons,2002,2017,2020,pre_saturation,national,regional_csv
Solar Photovoltaic,CYP,Cyprus,MW,2004,2021,2021,pre_saturation,national,regional_csv
Liquid Biofuels,SWE,Sweden,MW,2004,2019,2021,saturating,national,regional_csv
Solar Photovoltaic,PYF,French Polynesia,MW,2004,2019,2021,saturating,national,regional_csv
Hydrochloric Acid,IRN,Iran,thousand metric tons,1959,1976,1976,pre_saturation,national,regional_csv
HEPB3 Vaccine,IND,India,%,2004,2019,2021,pre_saturation,national,regional_csv
Salt Production,DOM,Dominican Republic,metric tons,1990,1999,2007,pre_saturation,national,regional_csv
Cadmium Refining,PRK,"Korea, North",metric tons,1990,2001,2007,saturating,national,regional_csv
Salt Production,KHM,Cambodia,metric tons,1990,2008,2008,pre_saturation,national,regional_csv
Copper|Mining,ARG,Argentina,metric tons,1990,1999,2011,pre_saturation,national,regional_csv
Solid Biofuels,IRL,Ireland,MW,2004,2020,2021,pre_saturation,national,regional_csv
Salt Production,THA,Thailand,metric tons,1990,2007,2007,pre_saturation,national,regional_csv
Solid Biofuels,ECU,Ecuador,MW,2004,2014,2021,saturating,national,regional_csv
Television,BDI,Burundi,-,1985,2002,2002,pre_saturation,national,regional_csv
Solar Photovoltaic,IRN,Iran (Islamic Republic of),MW,2004,2021,2021,pre_saturation,national,regional_csv
Television,LSO,Lesotho,-,1985,2002,2002,pre_saturation,national,regional_csv
HEPBB Vaccine,CHN,China,%,2004,2013,2021,saturating,national,regional_csv
Geothermal Energy,DEU,Germany,MW,2004,2019,2021,saturating,national,regional_csv
RCV1 Vaccine,WSM,Samoa,%,2004,2019,2021,pre_saturation,national,regional_csv
Potash Fertilizer,BOL,Bolivia (Plurinational State of),metric tons,2002,2019,2020,pre_saturation,national,regional_csv
Salt Production,NIC,Nicaragua,metric tons,1990,2002,2007,saturating,national,regional_csv
YFV Vaccine,COG,Congo,%,2004,2013,2015,saturating,national,regional_csv
Solar Photovoltaic,REU,Réunion,MW,2004,2021,2021,pre_saturation,national,regional_csv
Solar Photovoltaic,PHL,Philippines,MW,2004,2021,2021,pre_saturation,national,regional_csv
MCV2 Vaccine,AFG,Afghanistan,%,2004,2018,2021,pre_saturation,national,regional_csv
HEPB3 Vaccine,SEN,Senegal,%,2004,2019,2021,pre_saturation,national,regional_csv
RCV1 Vaccine,KIR,Kiribati,%,2004,2019,2021,pre_saturation,national,regional_csv
MCV2 Vaccine,YEM,Yemen,%,2005,2021,2021,pre_saturation,national,regional_csv
Nitric Acid,ISR,Israel,thousand metric tons,1960,1978,1978,pre_saturation,national,regional_csv
Biogas,URY,Uruguay,MW,2005,2020,2021,pre_saturation,national,regional_csv
MCV2 Vaccine,ATG,Antigua and Barbuda,%,2005,2014,2021,pre_saturation,national,regional_csv
Solar Photovoltaic,MLT,Malta,MW,2005,2021,2021,pre_saturation,national,regional_csv
Solar Photovoltaic,ISR,Israel,MW,2005,2021,2021,pre_saturation,national,regional_csv
Solar Photovoltaic,IND,India,MW,2005,2021,2021,pre_saturation,national,regional_csv
Solid Biofuels,LKA,Sri Lanka,MW,2005,2019,2021,saturating,national,regional_csv
HIB3 Vaccine,SEN,Senegal,%,2005,2019,2021,pre_saturation,national,regional_csv
Solid Biofuels,KHM,Cambodia,MW,2005,2018,2021,pre_saturation,national,regional_csv
Television,BLZ,Belize,-,1985,2001,2001,pre_saturation,national,regional_csv
Latent Heat Storage,USA,United States,kWh,1991,2017,2017,pre_saturation,national,regional_csv
Microwaves,USA,United States,%,1975,2010,2016,saturating,national,regional_csv
Space Launches,KOR,South Korea,-,1992,2018,2022,pre_saturation,national,regional_csv
Television,MRT,Mauritania,-,1983,1999,1999,pre_saturation,national,regional_csv
Latent Heat Storage,USA,United States,kW,1991,2017,2017,pre_saturation,national,regional_csv
Salt Production,SAU,Saudi Arabia,metric tons,1996,2012,2012,pre_saturation,national,regional_csv
HEPB3 Vaccine,SDN,Sudan,%,2005,2017,2019,saturating,national,regional_csv
Beer Production,EST,Estonia,thousand hectolitres,1991,2006,2007,pre_saturation,national,regional_csv
Biogas,BRA,Brazil,MW,2005,2016,2021,pre_saturation,national,regional_csv
Beer Production,HRV,Croatia,thousand hectolitres,1991,2000,2007,pre_saturation,national,regional_csv
Solar Photovoltaic,SRB,Serbia,MW,2005,2021,2021,pre_saturation,national,regional_csv
HIB3 Vaccine,MLI,Mali,%,2005,2017,2019,saturating,national,regional_csv
Solar Photovoltaic,NCL,New Caledonia,MW,2005,2021,2021,pre_saturation,national,regional_csv
Television,NPL,Nepal,-,1985,2001,2001,pre_saturation,national,regional_csv
HEPB3 Vaccine,MRT,Mauritania,%,2005,2014,2021,pre_saturation,national,regional_csv
MCV2 Vaccine,CHE,Switzerland,%,2005,2021,2021,pre_saturation,national,regional_csv
MCV2 Vaccine,PRY,Paraguay,%,2005,2016,2021,pre_saturation,national,regional_csv
Solar Photovoltaic,PLW,Palau,MW,2005,2018,2021,saturating,national,regional_csv
Biogas,HRV,Croatia,MW,2005,2020,2021,pre_saturation,national,regional_csv
Solar Photovoltaic,GLP,Guadeloupe,MW,2005,2021,2021,pre_saturation,national,regional_csv
Lead,VNM,Vietnam,metric tons,1997,2007,2012,pre_saturation,national,regional_csv
Nox Pollution Controls (Boilers),USA,United States,%,1990,2005,2005,pre_saturation,national,regional_csv
Solid Biofuels,BLR,Belarus,MW,2006,2020,2021,pre_saturation,national,regional_csv
Television,LAO,Laos,-,1984,1999,1999,pre_saturation,national,regional_csv
Offshore Wind Energy,NLD,Netherlands,MW,2006,2021,2021,pre_saturation,national,regional_csv
HEPB3 Vaccine,KHM,Cambodia,%,2006,2016,2021,saturating,national,regional_csv
HIB3 Vaccine,UKR,Ukraine,%,2006,2021,2021,pre_saturation,national,regional_csv
ROTAC Vaccine,BRA,Brazil,%,2006,2015,2021,pre_saturation,national,regional_csv
Telephones,KHM,Cambodia,-,1987,2002,2002,pre_saturation,national,regional_csv
Solar Photovoltaic,NRU,Nauru,MW,2006,2019,2021,saturating,national,regional_csv
Hydrochloric Acid,CHN,China,thousand metric tons,1977,1992,1992,pre_saturation,national,regional_csv
Biogas,JPN,Japan,MW,2006,2021,2021,pre_saturation,national,regional_csv
HEPBB Vaccine,NGA,Nigeria,%,2006,2019,2021,saturating,national,regional_csv
Hydrochloric Acid,IDN,Indonesia,thousand metric tons,1970,1985,1987,pre_saturation,national,regional_csv
Solar Photovoltaic,MNE,Montenegro,MW,2006,2021,2021,pre_saturation,national,regional_csv
Solar Photovoltaic,THA,Thailand,MW,2006,2021,2021,pre_saturation,national,regional_csv
Solar Photovoltaic,MTQ,Martinique,MW,2006,2021,2021,pre_saturation,national,regional_csv
HIB3 Vaccine,TUR,Türkiye,%,2007,2019,2021,saturating,national,regional_csv
Solar Photovoltaic,BHS,Bahamas,MW,2007,2019,2021,saturating,national,regional_csv
Television,BWA,Botswana,-,1987,2001,2001,pre_saturation,national,regional_csv
Solar Photovoltaic,HUN,Hungary,MW,2007,2020,2021,pre_saturation,national,regional_csv
HEPBB Vaccine,PHL,Philippines,%,2007,2019,2021,pre_saturation,national,regional_csv
Solid Biofuels,BOL,Bolivia (Plurinational State of),MW,2007,2021,2021,pre_saturation,national,regional_csv
Biogas,CYP,Cyprus,MW,2007,2018,2021,saturating,national,regional_csv
Television,CMR,Cameroon,-,1987,2001,2001,pre_saturation,national,regional_csv
Biogas,PAK,Pakistan,MW,2007,2016,2021,saturating,national,regional_csv
Biogas,ISR,Israel,MW,2007,2020,2021,pre_saturation,national,regional_csv
Phosphate Fertilizer,SRB,Serbia,metric tons,2006,2020,2020,pre_saturation,national,regional_csv
Television,PNG,Papua New Guinea,-,1987,2001,2001,pre_saturation,national,regional_csv
Lead-Acid Battery Storage,USA,United States,kWh,1987,2016,2016,pre_saturation,national,regional_csv
Television,GUY,Guyana,-,1987,2001,2001,pre_saturation,national,regional_csv
Space Launches,TUR,Turkey,-,1994,2021,2022,pre_saturation,national,regional_csv
Solar Photovoltaic,AZE,Azerbaijan,MW,2007,2021,2021,pre_saturation,national,regional_csv
Lead-Acid Battery Storage,USA,United States,kW,1987,2016,2016,pre_saturation,national,regional_csv
HIB3 Vaccine,SLE,Sierra Leone,%,2007,2019,2021,saturating,national,regional_csv
Low-Density Polyethylene,World,World,million pounds,1958,1972,1972,pre_saturation,global,regional_csv
Offshore Wind Energy,CHN,China,MW,2007,2021,2021,pre_saturation,national,regional_csv
Ethanol,World,World,million pounds,1958,1969,1972,pre_saturation,global,regional_csv
Biogas,IDN,Indonesia,MW,2007,2017,2021,pre_saturation,national,regional_csv
HIB3 Vaccine,ETH,Ethiopia,%,2007,2020,2021,pre_saturation,national,regional_csv
Beer Production,MYS,Malaysia,thousand hectolitres,1977,1991,1991,pre_saturation,national,regional_csv
Solar Photovoltaic,BGR,Bulgaria,MW,2007,2021,2021,pre_saturation,national,regional_csv
Biogas,IND,India,MW,2007,2017,2021,saturating,national,regional_csv
Biogas,ZAF,South Africa,MW,2007,2018,2021,saturating,national,regional_csv
HEPB3 Vaccine,ETH,Ethiopia,%,2007,2020,2021,pre_saturation,national,regional_csv
Passenger Cars,CHN,China,-,1978,1997,1997,pre_saturation,national,regional_csv
Solar Photovoltaic,NZL,New Zealand,MW,2007,2021,2021,pre_saturation,national,regional_csv
HEPBB Vaccine,KHM,Cambodia,%,2007,2020,2021,pre_saturation,national,regional_csv
HEPBB Vaccine,VNM,Viet Nam,%,2007,2020,2021,pre_saturation,national,regional_csv
High-Density Polyethylene,World,World,million pounds,1958,1972,1972,pre_saturation,global,regional_csv
MCV2 Vaccine,AND,Andorra,%,2007,2021,2021,pre_saturation,national,regional_csv
Solar Photovoltaic,MYS,Malaysia,MW,2007,2021,2021,pre_saturation,national,regional_csv
Steamships,SWE,Sweden,-,1865,1878,1879,pre_saturation,national,regional_csv
Solar Photovoltaic,RWA,Rwanda,MW,2007,2017,2021,saturating,national,regional_csv
Social Media Usage,USA,United States,%,2005,2017,2019,saturating,national,regional_csv
Solar Photovoltaic,MAR,Morocco,MW,2007,2021,2021,pre_saturation,national,regional_csv
HEPBB Vaccine,HND,Honduras,%,2007,2018,2021,pre_saturation,national,regional_csv
Solar Photovoltaic,PAK,Pakistan,MW,2007,2021,2021,pre_saturation,national,regional_csv
HEPB3 Vaccine,SLE,Sierra Leone,%,2007,2019,2021,saturating,national,regional_csv
Solid Biofuels,UGA,Uganda,MW,2008,2018,2021,saturating,national,regional_csv
Biogas,BLR,Belarus,MW,2008,2020,2021,pre_saturation,national,regional_csv
PCV3 Vaccine,CAN,Canada,%,2008,2019,2021,saturating,national,regional_csv
Solar Photovoltaic,LTU,Lithuania,MW,2008,2021,2021,pre_saturation,national,regional_csv
Solar Photovoltaic,SGP,Singapore,MW,2008,2021,2021,pre_saturation,national,regional_csv
Offshore Wind Energy,FIN,Finland,MW,2008,2019,2021,saturating,national,regional_csv
Solar Photovoltaic,GRD,Grenada,MW,2008,2020,2021,pre_saturation,national,regional_csv
PCV3 Vaccine,AUS,Australia,%,2008,2020,2021,pre_saturation,national,regional_csv
Solar Photovoltaic,MYT,Mayotte,MW,2008,2020,2021,pre_saturation,national,regional_csv
Solar Photovoltaic,GUF,French Guiana,MW,2008,2020,2021,pre_saturation,national,regional_csv
HIB3 Vaccine,KAZ,Kazakhstan,%,2008,2017,2019,saturating,national,regional_csv
MCV2 Vaccine,PRK,Democratic People's Republic of Korea,%,2008,2018,2020,saturating,national,regional_csv
HIB3 Vaccine,TCD,Chad,%,2008,2021,2021,pre_saturation,national,regional_csv
PCV3 Vaccine,NOR,Norway,%,2008,2020,2021,pre_saturation,national,regional_csv
ROTAC Vaccine,BHR,Bahrain,%,2008,2019,2021,saturating,national,regional_csv
MCV2 Vaccine,BTN,Bhutan,%,2008,2017,2021,pre_saturation,national,regional_csv
Telephones,SVN,Slovenia,-,1985,2002,2002,pre_saturation,national,regional_csv
Electric Bicycles,CHN,China,MW,1997,2010,2010,pre_saturation,national,regional_csv
HEPB3 Vaccine,TCD,Chad,%,2008,2021,2021,pre_saturation,national,regional_csv
HEPBB Vaccine,IND,India,%,2008,2019,2021,saturating,national,regional_csv
HIB3 Vaccine,BLR,Belarus,%,2008,2021,2021,pre_saturation,national,regional_csv
BCG Vaccine,MLT,Malta,%,1983,1996,1996,pre_saturation,national,regional_csv
ROTAC Vaccine,AUS,Australia,%,2008,2021,2021,pre_saturation,national,regional_csv
Solar Thermal Energy,ISR,Israel,MW,2008,2019,2021,saturating,national,regional_csv
HIB3 Vaccine,WSM,Samoa,%,2008,2020,2021,pre_saturation,national,regional_csv
PCV3 Vaccine,CHE,Switzerland,%,2008,2021,2021,pre_saturation,national,regional_csv
PCV3 Vaccine,ITA,Italy,%,2008,2018,2021,saturating,national,regional_csv
Solar Photovoltaic,ROU,Romania,MW,2008,2019,2021,saturating,national,regional_csv
Compact Fluorescent Light Bulbs,World,World,MW,1990,2003,2003,pre_saturation,global,regional_csv
PCV3 Vaccine,LUX,Luxembourg,%,2008,2018,2021,saturating,national,regional_csv
Solar Photovoltaic,TUV,Tuvalu,MW,2008,2020,2021,pre_saturation,national,regional_csv
Cellphones,SAU,Saudi Arabia,-,1990,2002,2002,pre_saturation,national,regional_csv
Offshore Wind Energy,DEU,Germany,MW,2009,2020,2021,pre_saturation,national,regional_csv
Solar Photovoltaic,HRV,Croatia,MW,2009,2020,2021,pre_saturation,national,regional_csv
Raw Steel Production,ETH,Ethiopia,metric tons,1999,2008,2010,saturating,national,regional_csv
Offshore Wind Energy,NOR,Norway,MW,2009,2021,2021,pre_saturation,national,regional_csv
Radial Tires,USA,United States,%,1972,1983,1984,pre_saturation,national,regional_csv
Television,SVN,Slovenia,-,1990,2000,2002,saturating,national,regional_csv
Solar Photovoltaic,ARE,United Arab Emirates,MW,2009,2021,2021,pre_saturation,national,regional_csv
Solar Photovoltaic,PRI,Puerto Rico,MW,2009,2021,2021,pre_saturation,national,regional_csv
Marine Energy,KOR,Republic of Korea,MW,2009,2019,2021,saturating,national,regional_csv
Shale Production,USA,United States,billion cubic feet,2007,2019,2019,pre_saturation,national,regional_csv
Solar Photovoltaic,NIU,Niue,MW,2009,2019,2021,saturating,national,regional_csv
ROTAC Vaccine,USA,United States,%,2009,2020,2021,pre_saturation,national,regional_csv
Postal Traffic,CIV,Ivory Coast,Number (millions),1964,1973,1978,pre_saturation,national,regional_csv
Offshore Wind Energy,BEL,Belgium,MW,2009,2020,2021,pre_saturation,national,regional_csv
ROTAC Vaccine,COL,Colombia,%,2009,2019,2021,pre_saturation,national,regional_csv
Biogas,PHL,Philippines,MW,2009,2021,2021,pre_saturation,national,regional_csv
HIB3 Vaccine,MDA,Republic of Moldova,%,2009,2018,2021,pre_saturation,national,regional_csv
PCV3 Vaccine,NZL,New Zealand,%,2009,2018,2021,pre_saturation,national,regional_csv
Solar Photovoltaic,LCA,Saint Lucia,MW,2009,2018,2021,saturating,national,regional_csv
Solar Photovoltaic,ATG,Antigua and Barbuda,MW,2009,2020,2021,pre_saturation,national,regional_csv
Polyester Fiber,World,World,million pounds,1960,1972,1972,pre_saturation,global,regional_csv
Copper|Mining,ECU,Ecuador,metric tons,1990,2004,2004,pre_saturation,national,regional_csv
Nuclear Weapons,IND,India,-,1998,2009,2010,pre_saturation,national,regional_csv
HIB3 Vaccine,PAK,Pakistan,%,2009,2019,2021,pre_saturation,national,regional_csv
Solar Photovoltaic,GUM,Guam,MW,2009,2018,2021,saturating,national,regional_csv
PCV3 Vaccine,ZAF,South Africa,%,2009,2021,2021,pre_saturation,national,regional_csv
Transistors per Microprocessor,World,World,Transistors per microprocessor,1971,2003,2003,pre_saturation,global,regional_csv
Salt Production,OMN,Oman,metric tons,2000,2009,2012,pre_saturation,national,regional_csv
Space Launches,ARE,United Arab Emirates,-,2000,2021,2022,pre_saturation,national,regional_csv
Solar Photovoltaic,EST,Estonia,MW,2009,2021,2021,pre_saturation,national,regional_csv
MCV2 Vaccine,PAK,Pakistan,%,2009,2021,2021,pre_saturation,national,regional_csv
Copper|Refining,IDN,Indonesia,metric tons,1999,2009,2011,pre_saturation,national,regional_csv
Desalination Capacity,World,World,Million cubic meters per day,1960,2020,2020,pre_saturation,global,regional_csv
Nuclear Weapons,PAK,Pakistan,-,1998,2009,2010,pre_saturation,national,regional_csv
Nitric Acid,KOR,South Korea,thousand metric tons,1971,1985,1985,pre_saturation,national,regional_csv
Solid Biofuels,PHL,Philippines,MW,2009,2021,2021,pre_saturation,national,regional_csv
Cellphones,ISR,Israel,-,1990,2002,2002,pre_saturation,national,regional_csv
Television,GMB,Gambia,-,1987,1999,1999,pre_saturation,national,regional_csv
Television,CZE,Czech Republic,-,1990,2001,2001,pre_saturation,national,regional_csv
Lithium-Ion Battery Storage,USA,United States,kW,2009,2020,2020,pre_saturation,national,regional_csv
ROTAC Vaccine,GUY,Guyana,%,2010,2019,2021,pre_saturation,national,regional_csv
Lithium-Ion Battery Storage,USA,United States,kWh,2009,2020,2020,pre_saturation,national,regional_csv
Solar Photovoltaic,BHR,Bahrain,MW,2010,2021,2021,pre_saturation,national,regional_csv
Solar Photovoltaic,SVK,Slovakia,MW,2010,2019,2021,pre_saturation,national,regional_csv
Solar Photovoltaic,ZAF,South Africa,MW,2010,2021,2021,pre_saturation,national,regional_csv
Solar Photovoltaic,IDN,Indonesia,MW,2010,2021,2021,pre_saturation,national,regional_csv
MCV2 Vaccine,FRA,France,%,2010,2019,2021,saturating,national,regional_csv
Solar Photovoltaic,LBN,Lebanon,MW,2010,2019,2021,saturating,national,regional_csv
Solar Photovoltaic,MKD,Republic of North Macedonia,MW,2010,2020,2021,pre_saturation,national,regional_csv
Solar Photovoltaic,RUS,Russian Federation,MW,2010,2021,2021,pre_saturation,national,regional_csv
Passenger Cars,ALB,Albania,-,1990,2001,2001,pre_saturation,national,regional_csv
Biogas,CHL,Chile,MW,2010,2021,2021,pre_saturation,national,regional_csv
Biogas,CHN,China,MW,2010,2021,2021,pre_saturation,national,regional_csv
Solar Photovoltaic,TUN,Tunisia,MW,2010,2020,2021,pre_saturation,national,regional_csv
Solar Photovoltaic,UKR,Ukraine,MW,2010,2021,2021,pre_saturation,national,regional_csv
Solar Photovoltaic,BRN,Brunei Darussalam,MW,2010,2021,2021,pre_saturation,national,regional_csv
Potash Fertilizer,KAZ,Kazakhstan,metric tons,2004,2015,2020,pre_saturation,national,regional_csv
Solar Photovoltaic,NPL,Nepal,MW,2011,2021,2021,pre_saturation,national,regional_csv
Potash Fertilizer,TWN,"China, Taiwan Province of",metric tons,2010,2020,2020,pre_saturation,national,regional_csv
Beer Production,GEO,Georgia,thousand hectolitres,1994,2004,2004,pre_saturation,national,regional_csv
PCV3 Vaccine,ETH,Ethiopia,%,2011,2020,2021,pre_saturation,national,regional_csv
Television,HRV,Croatia,-,1990,2000,2000,pre_saturation,national,regional_csv
Television,MKD,Macedonia,-,1990,2000,2000,pre_saturation,national,regional_csv
Solar Photovoltaic,URY,Uruguay,MW,2011,2020,2021,pre_saturation,national,regional_csv
Solar Photovoltaic,PSE,State of Palestine,MW,2011,2020,2021,pre_saturation,national,regional_csv
Passenger Cars,SVN,Slovenia,-,1990,2000,2000,pre_saturation,national,regional_csv
Passenger Cars,UKR,Ukraine,-,1990,2000,2000,pre_saturation,national,regional_csv
Television,GNB,Guinea-Bissau,-,1989,1999,1999,pre_saturation,national,regional_csv
Passenger Cars,LTU,Lithuania,-,1990,2000,2000,pre_saturation,national,regional_csv
Passenger Cars,ISL,Iceland,-,1990,2000,2000,pre_saturation,national,regional_csv
Passenger Cars,BLR,Belarus,-,1990,2000,2000,pre_saturation,national,regional_csv
Passenger Cars,SVK,Slovak Republic,-,1990,2000,2000,pre_saturation,national,regional_csv
Solar Photovoltaic,POL,Poland,MW,2011,2021,2021,pre_saturation,national,regional_csv
Passenger Cars,EST,Estonia,-,1990,2000,2000,pre_saturation,national,regional_csv
HEPB3 Vaccine,SWE,Sweden,%,2011,2021,2021,pre_saturation,national,regional_csv
Sodium-Based Battery Storage,USA,United States,kWh,2002,2016,2016,pre_saturation,national,regional_csv
Sodium-Based Battery Storage,USA,United States,kW,2002,2016,2016,pre_saturation,national,regional_csv
Home Computers,USA,United States,%,1992,2016,2016,pre_saturation,national,regional_csv
Solar Photovoltaic,KEN,Kenya,MW,2011,2021,2021,pre_saturation,national,regional_csv
Solar Photovoltaic,DOM,Dominican Republic,MW,2011,2021,2021,pre_saturation,national,regional_csv
PCV3 Vaccine,MLI,Mali,%,2011,2021,2021,pre_saturation,national,regional_csv
Telephones,ERI,Eritrea,-,1992,2002,2002,pre_saturation,national,regional_csv
Biogas,SRB,Serbia,MW,2011,2020,2021,pre_saturation,national,regional_csv
Sodium-Based Battery Storage,JPN,Japan,kWh,1999,2016,2016,pre_saturation,national,regional_csv
Flywheel Battery Storage,USA,United States,kWh,2006,2020,2020,pre_saturation,national,regional_csv
Sodium-Based Battery Storage,JPN,Japan,kW,1999,2016,2016,pre_saturation,national,regional_csv
PCV3 Vaccine,GUY,Guyana,%,2011,2021,2021,pre_saturation,national,regional_csv
Solar Photovoltaic,ARG,Argentina,MW,2011,2021,2021,pre_saturation,national,regional_csv
Flywheel Battery Storage,USA,United States,kW,2006,2020,2020,pre_saturation,national,regional_csv
Podcasting,USA,United States,%,2006,2015,2015,pre_saturation,national,regional_csv
Biogas,ARG,Argentina,MW,2012,2021,2021,pre_saturation,national,regional_csv
Ebook Reader,USA,United States,%,2009,2018,2018,pre_saturation,national,regional_csv
Solar Photovoltaic,CHL,Chile,MW,2012,2021,2021,pre_saturation,national,regional_csv
Television,ERI,Eritrea,-,1993,2002,2002,pre_saturation,national,regional_csv
Solar Photovoltaic,TGO,Togo,MW,2012,2021,2021,pre_saturation,national,regional_csv
Solar Photovoltaic,CUB,Cuba,MW,2012,2021,2021,pre_saturation,national,regional_csv
Solar Photovoltaic,PER,Peru,MW,2012,2021,2021,pre_saturation,national,regional_csv
Biogas,UKR,Ukraine,MW,2012,2021,2021,pre_saturation,national,regional_csv
Solar Photovoltaic,BGD,Bangladesh,MW,2012,2021,2021,pre_saturation,national,regional_csv
Solar Thermal Energy,CHN,China,MW,2012,2021,2021,pre_saturation,national,regional_csv
Passenger Cars,RUS,Russia,-,1991,2000,2000,pre_saturation,national,regional_csv
Solar Photovoltaic,LVA,Latvia,MW,2012,2021,2021,pre_saturation,national,regional_csv
Iron Ore,PAK,Pakistan,metric tons,2002,2011,2011,pre_saturation,national,regional_csv
Oil Refineries,World,World,MW,1940,2007,2007,pre_saturation,global,world_csv
Coal Power,World,World,MW,1908,2000,2000,pre_saturation,global,world_csv
Hydro Power,World,World,MW,1882,2017,2017,pre_saturation,global,world_csv
Natural Gas,World,World,MW,1903,2000,2000,pre_saturation,global,world_csv
Jet Aircrafts,World,World,MW,1958,2007,2007,pre_saturation,global,world_csv
Passenger Cars,World,World,MW,1901,2005,2005,pre_saturation,global,world_csv
Compact Flourescent Lightbulbs,World,World,MW,1990,2003,2003,pre_saturation,global,world_csv
Bicycles,World,World,MW,1862,2007,2007,pre_saturation,global,world_csv
Electric Bicycles,World,World,MW,1997,2010,2010,pre_saturation,global,world_csv
Motorcycles,World,World,MW,1900,2008,2008,pre_saturation,global,world_csv
Cellphones,World,World,MW,1979,2010,2010,pre_saturation,global,world_csv
Washing Machines,World,World,MW,1920,2008,2008,pre_saturation,global,world_csv
Refrigerators,World,World,MW,1918,2009,2009,pre_saturation,global,world_csv
Laundry Dryers,World,World,MW,1920,2006,2006,pre_saturation,global,world_csv
Solar Photovoltaic,World,World,MW,1980,2018,2018,pre_saturation,global,world_csv
Wind,World,World,MW,1980,2019,2019,pre_saturation,global,world_csv
Nuclear,World,World,MW,1956,2018,2018,pre_saturation,global,world_csv
Concentrated Solar Power,World,World,MW,1984,2020,2020,pre_saturation,global,world_csv
Offshore Wind,World,World,MW,1999,2020,2020,pre_saturation,global,world_csv
Solid Biomass,World,World,MW,2000,2017,2017,pre_saturation,global,world_csv
Biogas,World,World,MW,2000,2017,2017,pre_saturation,global,world_csv
Liquid Biofuels,World,World,MW,2001,2015,2017,saturating,global,world_csv
High Speed Rail,World,World,Length in Kilometers,1996,2020,2020,pre_saturation,global,world_csv
Oil Production,World,World,Millions of Tons,1971,2018,2020,pre_saturation,global,world_csv
Public Roads,United States,United States,Miles,1900,2014,2016,saturating,global,world_csv
Railroad Tracks,United States,United States,Miles built,1830,1952,1952,pre_saturation,global,world_csv
Natural Gas Pipelines,United States,United States,Miles,1960,2020,2020,pre_saturation,global,world_csv
Oil Pipelines,United States,United States,Miles,2001,2020,2020,pre_saturation,global,world_csv
Microprocessor Clock Speed,World,World,Hz,1976,2016,2016,pre_saturation,global,world_csv
Transistors Per Microprocessor,World,World,Transistors per microprocessor,1971,2017,2017,pre_saturation,global,world_csv
Processor Performance,World,World,Million Instructions per Second (MIPS),1971,2002,2002,pre_saturation,global,world_csv
Random Access Memory,World,World,bits per dollars,1949,2004,2004,pre_saturation,global,world_csv
Internet Data Traffic,World,World,GB/month,1984,2014,2014,pre_saturation,global,world_csv
Internet Backbone Bandwidth,World,World,Bits/second,1968,2003,2004,pre_saturation,global,world_csv
Flow Battery Storage,World,World,KW,2000,2018,2018,pre_saturation,global,world_csv
Flywheel Battery Storage,World,World,KW,2006,2020,2020,pre_saturation,global,world_csv
Heat Thermal Battery Storage,World,World,KW,2007,2017,2017,pre_saturation,global,world_csv
Latent Heat Storage,World,World,KW,1997,2017,2017,pre_saturation,global,world_csv
Lead-Acid Battery Storage,World,World,KW,1994,2016,2016,pre_saturation,global,world_csv
Lithium-Ion Battery Storage,World,World,KW,2008,2020,2020,pre_saturation,global,world_csv
Pumped Hydro Storage,World,World,KW,1944,1987,1987,pre_saturation,global,world_csv
Sensible Heat Storage,World,World,KW,2007,2018,2018,pre_saturation,global,world_csv
Sodium-Based Battery Storage,World,World,KW,1999,2019,2019,pre_saturation,global,world_csv
Aluminium Refining,World,World,Metric Tons,1990,2012,2012,pre_saturation,global,world_csv
Copper Refining,World,World,Metric Tons,1990,2011,2011,pre_saturation,global,world_csv
Copper Mines,World,World,Metric Tons,1990,2010,2011,pre_saturation,global,world_csv
Iron Ore,World,World,Metric Tons (gross weight),1904,2018,2018,pre_saturation,global,world_csv
Raw Steel,World,World,Metric Tons,1990,2011,2011,pre_saturation,global,world_csv
Salt Production,World,World,Metric Tons,1990,2011,2012,pre_saturation,global,world_csv
Copper Primary Production,United States,United States,Metric Tons,1900,1998,2017,pre_saturation,global,world_csv
Nickel Production,United States,United States,Metric Tons,1900,2015,2017,pre_saturation,global,world_csv
Satellite Launches,World,World,Number of Orbital Launches,1957,2019,2019,pre_saturation,global,world_csv
Shale Oil,United States,United States,Billion cubic feet,2007,2019,2019,pre_saturation,global,world_csv
Wet Flue Gas Desulfurization Systems,World,World,GWe,1972,1999,1999,pre_saturation,global,world_csv
Aquaculture Production,World,World,Metric Tons,1960,2015,2015,pre_saturation,global,world_csv
Capture Fisheries,World,World,Metric Tons,1960,1996,2002,saturating,global,world_csv
Cement Production,World,World,Metric Tons,1926,2014,2017,saturating,global,world_csv
Sand and Gravel Construction,United States,United States,Metric Tons,1902,2006,2017,pre_saturation,global,world_csv
Sand and Gravel Industrial,World,World,Metric Tons,1985,2014,2018,pre_saturation,global,world_csv
Liquefied Natural Gas Exports,United States,United States,Billion cubic feet,1985,2021,2021,pre_saturation,global,world_csv
Nitrogen Fertilizer,World,World,Tonnes,1961,2015,2019,saturating,global,world_csv
Phosphate Fertilizer,World,World,Tonnes,1961,2010,2019,pre_saturation,global,world_csv
Potash Fertilizer,World,World,Tonnes,1961,2017,2019,pre_saturation,global,world_csv
Desalination,World,World,Million cubic meters per day,1960,2020,2020,pre_saturation,global,world_csv
Ethanol Production,World,World,Billion liters,1970,2019,2020,pre_saturation,global,world_csv
Beer Production,Japan,Japan,Million tonnes,1952,1968,1968,pre_saturation,global,world_csv
Titanium Sponge,World,World,Net tons,1951,1967,1968,pre_saturation,global,world_csv
Primary Magnesium,World,World,Tons of primary production,1930,1943,1968,pre_saturation,global,world_csv
Polyvinylchloride,World,World,Million pounds,1947,1968,1968,pre_saturation,global,world_csv
Polystyrene,World,World,Million pounds,1944,1968,1968,pre_saturation,global,world_csv
Vinyl Chloride,World,World,Million pounds,1962,1972,1972,pre_saturation,global,world_csv
Vinyl Acetate,World,World,Million pounds,1960,1972,1972,pre_saturation,global,world_csv
Urea,World,World,Million pounds,1961,1972,1972,pre_saturation,global,world_csv
Styrene,World,World,Million pounds,1958,1972,1972,pre_saturation,global,world_csv
Sodium Chlorate,World,World,Million pounds,1958,1970,1972,saturating,global,world_csv
PolyethyleneLD,World,World,Million pounds,1958,1972,1972,pre_saturation,global,world_csv
PolyethyleneHD,World,World,Million pounds,1958,1972,1972,pre_saturation,global,world_csv
Polyester,World,World,Million pounds,1960,1972,1972,pre_saturation,global,world_csv
Phthalic Anhydride,World,World,Million pounds,1955,1972,1972,pre_saturation,global,world_csv
Phenol,World,World,Million pounds,1959,1972,1972,pre_saturation,global,world_csv
Pentaerythritol,World,World,Million pounds,1952,1972,1972,pre_saturation,global,world_csv
Methanol,World,World,Million pounds,1957,1972,1972,pre_saturation,global,world_csv
Maleic Anhydride,World,World,Million pounds,1959,1972,1972,pre_saturation,global,world_csv
Hydrofluoric Acid,World,World,Million pounds,1962,1972,1972,pre_saturation,global,world_csv
Formaldehyde,World,World,Million pounds,1962,1972,1972,pre_saturation,global,world_csv
Ethylene Glycol,World,World,Million pounds,1960,1972,1972,pre_saturation,global,world_csv
Ethyl Alcohol,World,World,Million pounds,1958,1969,1972,pre_saturation,global,world_csv
Acrylic Fiber,World,World,Million pounds,1960,1972,1972,pre_saturation,global,world_csv
Ethanolamine,World,World,Million pounds,1955,1972,1972,pre_saturation,global,world_csv
Cyclohexane,World,World,Million pounds,1956,1972,1972,pre_saturation,global,world_csv
Acrylonitrile,World,World,Million pounds,1959,1969,1972,pre_saturation,global,world_csv
Caprolactam,World,World,Million pounds,1962,1972,1972,pre_saturation,global,world_csv
BisphenolA,World,World,Million pounds,1959,1972,1972,pre_saturation,global,world_csv
Aniline,World,World,Million pounds,1961,1972,1972,pre_saturation,global,world_csv
Paraxylene,World,World,Million pounds,1958,1968,1968,pre_saturation,global,world_csv
Benzene,World,World,Million gallons,1953,1966,1968,saturating,global,world_csv
Ethylene,World,World,Billion pounds,1954,1968,1968,pre_saturation,global,world_csv
Motor Gasoline,World,World,Billion barrels,1947,1968,1968,pre_saturation,global,world_csv
Milk Production,United States,United States,Million pounds,1930,2008,2008,pre_saturation,global,world_csv
Canals,United States,United States,Mileage built,1825,1851,1851,pre_saturation,global,world_csv
Ammonia Synthesis,World,World,Tons N equivalent / year,1905,1930,1930,pre_saturation,global,world_csv
Liquefied Natural Gas Plants,World,World,mtpa,1970,2020,2020,pre_saturation,global,world_csv
Herbicide-Tolerant Corn,United States,United States,Number of planted acres,1996,2020,2020,pre_saturation,global,world_csv
Insect-Resistant Corn,United States,United States,Number of planted acres,1996,2020,2020,pre_saturation,global,world_csv
Insect-Resistant Cotton,United States,United States,Number of planted acres,1996,2020,2020,pre_saturation,global,world_csv
Herbicide-Resistant Cotton,United States,United States,Number of planted acres,1996,2020,2020,pre_saturation,global,world_csv
Herbicide-Resistant Soybeans,United States,United States,Number of planted acres,1996,2020,2020,pre_saturation,global,world_csv
Color TVs,United States,United States,MW,1966,2005,2005,pre_saturation,global,world_csv
Microwaves,United States,United States,MW,1975,2017,2017,pre_saturation,global,world_csv
Vacuums,United States,United States,MW,1947,1978,1978,pre_saturation,global,world_csv
Telephone Landlines,United States,United States,MW,1947,2018,2018,pre_saturation,global,world_csv
Household Air Conditioning Units,United States,United States,MW,1957,2011,2011,pre_saturation,global,world_csv
Household Radios,United States,United States,MW,1947,2005,2005,pre_saturation,global,world_csv
Air Source Heat Pump Shipments,United States,United States,BTU,2002,2020,2020,pre_saturation,global,world_csv
Nuclear Weapons,World,World,Number of weapons,1945,2010,2010,pre_saturation,global,world_csv
Lithium Mine Production,World,World,Thousand tonnes,1995,2021,2021,pre_saturation,global,world_csv
Cobalt Mine Production,World,World,Thousand tonnes,1995,2018,2021,pre_saturation,global,world_csv
Rare Earth Mine Production,World,World,Thousand tonnes,1995,2021,2021,pre_saturation,global,world_csv
Graphite Mine Production,World,World,Thousand tonnes,1995,2021,2021,pre_saturation,global,world_csv
Gold Production,World,World,Metric tons,1900,2018,2018,pre_saturation,global,world_csv
Silver Production,World,World,Metric tons,1874,2003,2008,pre_saturation,global,world_csv
Sulphuric Acid,World,World,Thousand metric tons,1860,1988,2003,pre_saturation,global,world_csv
Hydrochloric Acid,World,World,Thousand metric tons,1929,1992,2003,pre_saturation,global,world_csv
Nitric Acid,World,World,Thousand metric tons,1929,1997,2003,pre_saturation,global,world_csv
Caustic Soda,World,World,Thousand metric tons,1899,1994,2008,pre_saturation,global,world_csv
Synthetic Filaments,World,World,Thousand metric tons,1910,1987,1999,pre_saturation,global,world_csv
Tin Refining,World,World,Thousand metric tons,1909,2000,2002,pre_saturation,global,world_csv
Zinc Refining,World,World,Thousand metric tons,1860,2003,2003,pre_saturation,global,world_csv
Postal and Telegraph Traffic,World,World,Number of items mailed and receieved,1830,1990,2000,pre_saturation,global,world_csv
On-Grid Marine Energy,World,World,Installed electricity Capacity MW,2000,2018,2021,saturating,global,world_csv
Primary Bauxite Production,World,World,Metric Tons,1990,2011,2012,pre_saturation,global,world_csv
