country,year,share,tech
Afghanistan,2000,0.0,Solar
Afghanistan,2001,0.0,Solar
Afghanistan,2002,0.0,Solar
Afghanistan,2003,0.0,Solar
Afghanistan,2004,0.0,Solar
Afghanistan,2005,0.0,Solar
Afghanistan,2006,0.0,Solar
Afghanistan,2007,0.0,Solar
Afghanistan,2008,0.0,Solar
Afghanistan,2009,0.0,Solar
Afghanistan,2010,0.0,Solar
Afghanistan,2011,0.0,Solar
Afghanistan,2012,3.4090908,Solar
Afghanistan,2013,2.7027025,Solar
Afghanistan,2014,2.586207,Solar
Afghanistan,2015,2.542373,Solar
Afghanistan,2016,3.305785,Solar
Afghanistan,2017,3.1746032,Solar
Afghanistan,2018,3.4188035,Solar
Afghanistan,2019,4.1095886,Solar
Afghanistan,2020,5.932204,Solar
Afghanistan,2021,7.54717,Solar
Afghanistan,2022,9.375001,Solar
Afghanistan,2023,9.278351,Solar
Afghanistan,2024,11.111111,Solar
Albania,2000,0.0,Solar
Albania,2001,0.0,Solar
Albania,2002,0.0,Solar
Albania,2003,0.0,Solar
Albania,2004,0.0,Solar
Albania,2005,0.0,Solar
Albania,2006,0.0,Solar
Albania,2007,0.0,Solar
Albania,2008,0.0,Solar
Albania,2009,0.0,Solar
Albania,2010,0.0,Solar
Albania,2011,0.0,Solar
Albania,2012,0.0,Solar
Albania,2013,0.0,Solar
Albania,2014,0.0,Solar
Albania,2015,0.0,Solar
Albania,2016,0.0,Solar
Albania,2017,0.0,Solar
Albania,2018,0.0,Solar
Albania,2019,0.3846154,Solar
Albania,2020,0.56497175,Solar
Albania,2021,0.4474273,Solar
Albania,2022,2.2955525,Solar
Albania,2023,3.3296337,Solar
Albania,2024,4.0767384,Solar
Algeria,1985,0.0,Solar
Algeria,1986,0.0,Solar
Algeria,1987,0.0,Solar
Algeria,1988,0.0,Solar
Algeria,1989,0.0,Solar
Algeria,1990,0.0,Solar
Algeria,1991,0.0,Solar
Algeria,1992,0.0,Solar
Algeria,1993,0.0,Solar
Algeria,1994,0.0,Solar
Algeria,1995,0.0,Solar
Algeria,1996,0.0,Solar
Algeria,1997,0.0,Solar
Algeria,1998,0.0,Solar
Algeria,1999,0.0,Solar
Algeria,2000,0.0,Solar
Algeria,2001,0.0,Solar
Algeria,2002,0.0,Solar
Algeria,2003,0.0,Solar
Algeria,2004,0.0,Solar
Algeria,2005,0.0,Solar
Algeria,2006,0.0,Solar
Algeria,2007,0.0,Solar
Algeria,2008,0.0,Solar
Algeria,2009,0.0,Solar
Algeria,2010,0.0,Solar
Algeria,2011,0.0,Solar
Algeria,2012,0.0,Solar
Algeria,2013,0.0,Solar
Algeria,2014,0.0,Solar
Algeria,2015,0.08715863,Solar
Algeria,2016,0.1266892,Solar
Algeria,2017,0.74930984,Solar
Algeria,2018,0.8990228,Solar
Algeria,2019,0.86999136,Solar
Algeria,2020,1.0331359,Solar
Algeria,2021,0.9228972,Solar
Algeria,2022,0.9074013,Solar
Algeria,2023,0.9073843,Solar
Algeria,2024,1.0273973,Solar
American Samoa,2000,0.0,Solar
American Samoa,2001,0.0,Solar
American Samoa,2002,0.0,Solar
American Samoa,2003,0.0,Solar
American Samoa,2004,0.0,Solar
American Samoa,2005,0.0,Solar
American Samoa,2006,0.0,Solar
American Samoa,2007,0.0,Solar
American Samoa,2008,0.0,Solar
American Samoa,2009,0.0,Solar
American Samoa,2010,0.0,Solar
American Samoa,2011,0.0,Solar
American Samoa,2012,0.0,Solar
American Samoa,2013,0.0,Solar
American Samoa,2014,0.0,Solar
American Samoa,2015,0.0,Solar
American Samoa,2016,0.0,Solar
American Samoa,2017,0.0,Solar
American Samoa,2018,0.0,Solar
American Samoa,2019,0.0,Solar
American Samoa,2020,0.0,Solar
American Samoa,2021,0.0,Solar
American Samoa,2022,5.5555553,Solar
American Samoa,2023,0.0,Solar
American Samoa,2024,5.5555553,Solar
Angola,2000,0.0,Solar
Angola,2001,0.0,Solar
Angola,2002,0.0,Solar
Angola,2003,0.0,Solar
Angola,2004,0.0,Solar
Angola,2005,0.0,Solar
Angola,2006,0.0,Solar
Angola,2007,0.0,Solar
Angola,2008,0.0,Solar
Angola,2009,0.0,Solar
Angola,2010,0.18315017,Solar
Angola,2011,0.17667845,Solar
Angola,2012,0.12953368,Solar
Angola,2013,0.12269939,Solar
Angola,2014,0.209205,Solar
Angola,2015,0.20449898,Solar
Angola,2016,0.18214937,Solar
Angola,2017,0.18501386,Solar
Angola,2018,0.15220699,Solar
Angola,2019,0.12642226,Solar
Angola,2020,0.1189768,Solar
Angola,2021,0.11869436,Solar
Angola,2022,2.253033,Solar
Angola,2023,2.4761903,Solar
Angola,2024,2.822322,Solar
Antigua and Barbuda,2000,0.0,Solar
Antigua and Barbuda,2001,0.0,Solar
Antigua and Barbuda,2002,0.0,Solar
Antigua and Barbuda,2003,0.0,Solar
Antigua and Barbuda,2004,0.0,Solar
Antigua and Barbuda,2005,0.0,Solar
Antigua and Barbuda,2006,0.0,Solar
Antigua and Barbuda,2007,0.0,Solar
Antigua and Barbuda,2008,0.0,Solar
Antigua and Barbuda,2009,0.0,Solar
Antigua and Barbuda,2010,0.0,Solar
Antigua and Barbuda,2011,0.0,Solar
Antigua and Barbuda,2012,0.0,Solar
Antigua and Barbuda,2013,0.0,Solar
Antigua and Barbuda,2014,0.0,Solar
Antigua and Barbuda,2015,2.857143,Solar
Antigua and Barbuda,2016,0.0,Solar
Antigua and Barbuda,2017,2.857143,Solar
Antigua and Barbuda,2018,2.7777777,Solar
Antigua and Barbuda,2019,2.7777777,Solar
Antigua and Barbuda,2020,5.714286,Solar
Antigua and Barbuda,2021,5.714286,Solar
Antigua and Barbuda,2022,5.5555553,Solar
Antigua and Barbuda,2023,5.5555553,Solar
Antigua and Barbuda,2024,8.108108,Solar
Argentina,1985,0.0,Solar
Argentina,1986,0.0,Solar
Argentina,1987,0.0,Solar
Argentina,1988,0.0,Solar
Argentina,1989,0.0,Solar
Argentina,1990,0.0,Solar
Argentina,1991,0.0,Solar
Argentina,1992,0.0,Solar
Argentina,1993,0.0,Solar
Argentina,1994,0.0,Solar
Argentina,1995,0.0,Solar
Argentina,1996,0.0,Solar
Argentina,1997,0.0,Solar
Argentina,1998,2.2920456e-05,Solar
Argentina,1999,3.220024e-05,Solar
Argentina,2000,0.0,Solar
Argentina,2001,0.0,Solar
Argentina,2002,0.0,Solar
Argentina,2003,0.0,Solar
Argentina,2004,0.0,Solar
Argentina,2005,0.0,Solar
Argentina,2006,0.0,Solar
Argentina,2007,0.0,Solar
Argentina,2008,0.0,Solar
Argentina,2009,0.0,Solar
Argentina,2010,0.0,Solar
Argentina,2011,0.0,Solar
Argentina,2012,0.0073518595,Solar
Argentina,2013,0.014342058,Solar
Argentina,2014,0.0144362645,Solar
Argentina,2015,0.006876633,Solar
Argentina,2016,0.0067944014,Solar
Argentina,2017,0.01373532,Solar
Argentina,2018,0.07494209,Solar
Argentina,2019,0.5733534,Solar
Argentina,2020,0.9264381,Solar
Argentina,2021,1.4365003,Solar
Argentina,2022,2.019092,Solar
Argentina,2023,2.2078621,Solar
Argentina,2024,2.6031082,Solar
Argentina,2025,3.3561869,Solar
Armenia,2000,0.0,Solar
Armenia,2001,0.0,Solar
Armenia,2002,0.0,Solar
Armenia,2003,0.0,Solar
Armenia,2004,0.0,Solar
Armenia,2005,0.0,Solar
Armenia,2006,0.0,Solar
Armenia,2007,0.0,Solar
Armenia,2008,0.0,Solar
Armenia,2009,0.0,Solar
Armenia,2010,0.0,Solar
Armenia,2011,0.0,Solar
Armenia,2012,0.0,Solar
Armenia,2013,0.0,Solar
Armenia,2014,0.0,Solar
Armenia,2015,0.0,Solar
Armenia,2016,0.0,Solar
Armenia,2017,0.0,Solar
Armenia,2018,0.2635046,Solar
Armenia,2019,0.8010681,Solar
Armenia,2020,1.8324608,Solar
Armenia,2021,3.7564766,Solar
Armenia,2022,5.263158,Solar
Armenia,2023,8.901734,Solar
Armenia,2024,9.745294,Solar
Armenia,2025,11.008231,Solar
Aruba,2000,0.0,Solar
Aruba,2001,0.0,Solar
Aruba,2002,0.0,Solar
Aruba,2003,0.0,Solar
Aruba,2004,0.0,Solar
Aruba,2005,0.0,Solar
Aruba,2006,0.0,Solar
Aruba,2007,0.0,Solar
Aruba,2008,0.0,Solar
Aruba,2009,0.0,Solar
Aruba,2010,0.0,Solar
Aruba,2011,0.0,Solar
Aruba,2012,0.0,Solar
Aruba,2013,0.0,Solar
Aruba,2014,1.0638298,Solar
Aruba,2015,1.0309278,Solar
Aruba,2016,1.0638298,Solar
Aruba,2017,1.0309278,Solar
Aruba,2018,2.0618556,Solar
Aruba,2019,3.030303,Solar
Aruba,2020,3.030303,Solar
Aruba,2021,3.0,Solar
Aruba,2022,3.0,Solar
Aruba,2023,3.0,Solar
Aruba,2024,3.0,Solar
Australia,1985,0.0,Solar
Australia,1986,0.0,Solar
Australia,1987,0.0,Solar
Australia,1988,0.0,Solar
Australia,1989,0.0,Solar
Australia,1990,0.0,Solar
Australia,1991,0.003450164,Solar
Australia,1992,0.007496879,Solar
Australia,1993,0.00882802,Solar
Australia,1994,0.010226722,Solar
Australia,1995,0.01207023,Solar
Australia,1996,0.014212195,Solar
Australia,1997,0.01621869,Solar
Australia,1998,0.017847206,Solar
Australia,1999,0.019623054,Solar
Australia,2000,0.02305954,Solar
Australia,2001,0.022295551,Solar
Australia,2002,0.026846837,Solar
Australia,2003,0.026554547,Solar
Australia,2004,0.030537017,Solar
Australia,2005,0.034671057,Solar
Australia,2006,0.04201857,Solar
Australia,2007,0.04523212,Solar
Australia,2008,0.057054363,Solar
Australia,2009,0.11604642,Solar
Australia,2010,0.39048493,Solar
Australia,2011,0.79600435,Solar
Australia,2012,0.9614618,Solar
Australia,2013,1.5427152,Solar
Australia,2014,1.9987886,Solar
Australia,2015,2.4410408,Solar
Australia,2016,2.8811524,Solar
Australia,2017,3.4444144,Solar
Australia,2018,4.6948175,Solar
Australia,2019,6.8822865,Solar
Australia,2020,8.9911375,Solar
Australia,2021,11.661993,Solar
Australia,2022,13.754946,Solar
Australia,2023,16.473217,Solar
Australia,2024,17.827723,Solar
Australia,2025,19.588602,Solar
Austria,1985,0.0,Solar
Austria,1986,0.0,Solar
Austria,1987,0.0,Solar
Austria,1988,0.0,Solar
Austria,1989,0.0,Solar
Austria,1990,0.0,Solar
Austria,1991,0.0,Solar
Austria,1992,0.0,Solar
Austria,1993,0.0,Solar
Austria,1994,0.0,Solar
Austria,1995,0.0,Solar
Austria,1996,0.0,Solar
Austria,1997,0.0,Solar
Austria,1998,0.0,Solar
Austria,1999,0.0,Solar
Austria,2000,0.0,Solar
Austria,2001,0.01639882,Solar
Austria,2002,0.016493484,Solar
Austria,2003,0.017250301,Solar
Austria,2004,0.0323363,Solar
Austria,2005,0.031070372,Solar
Austria,2006,0.032149173,Solar
Austria,2007,0.031831928,Solar
Austria,2008,0.046598323,Solar
Austria,2009,0.0755173,Solar
Austria,2010,0.13270423,Solar
Austria,2011,0.27331188,Solar
Austria,2012,0.49526584,Solar
Austria,2013,0.97598755,Solar
Austria,2014,1.2835094,Solar
Austria,2015,1.521528,Solar
Austria,2016,1.6956991,Solar
Austria,2017,1.8929796,Solar
Austria,2018,2.2576158,Solar
Austria,2019,2.4048662,Solar
Austria,2020,2.955237,Solar
Austria,2021,4.1697917,Solar
Austria,2022,5.878703,Solar
Austria,2023,9.706959,Solar
Austria,2024,10.373391,Solar
Austria,2025,14.0808525,Solar
Azerbaijan,1985,0.0,Solar
Azerbaijan,1986,0.0,Solar
Azerbaijan,1987,0.0,Solar
Azerbaijan,1988,0.0,Solar
Azerbaijan,1989,0.0,Solar
Azerbaijan,1990,0.0,Solar
Azerbaijan,1991,0.0,Solar
Azerbaijan,1992,0.0,Solar
Azerbaijan,1993,0.0,Solar
Azerbaijan,1994,0.0,Solar
Azerbaijan,1995,0.0,Solar
Azerbaijan,1996,0.0,Solar
Azerbaijan,1997,0.0,Solar
Azerbaijan,1998,0.0,Solar
Azerbaijan,1999,0.0,Solar
Azerbaijan,2000,0.0,Solar
Azerbaijan,2001,0.0,Solar
Azerbaijan,2002,0.0,Solar
Azerbaijan,2003,0.0,Solar
Azerbaijan,2004,0.0,Solar
Azerbaijan,2005,0.0,Solar
Azerbaijan,2006,0.0,Solar
Azerbaijan,2007,0.0,Solar
Azerbaijan,2008,0.0,Solar
Azerbaijan,2009,0.0,Solar
Azerbaijan,2010,0.0,Solar
Azerbaijan,2011,0.0,Solar
Azerbaijan,2012,0.0,Solar
Azerbaijan,2013,0.0,Solar
Azerbaijan,2014,0.0,Solar
Azerbaijan,2015,0.0,Solar
Azerbaijan,2016,0.16096579,Solar
Azerbaijan,2017,0.16515277,Solar
Azerbaijan,2018,0.15917231,Solar
Azerbaijan,2019,0.15414257,Solar
Azerbaijan,2020,0.19417477,Solar
Azerbaijan,2021,0.17992084,Solar
Azerbaijan,2022,0.20732549,Solar
Azerbaijan,2023,0.24063252,Solar
Azerbaijan,2024,0.28735632,Solar
Azerbaijan,2025,0.0,Solar
Bahamas,2000,0.0,Solar
Bahamas,2001,0.0,Solar
Bahamas,2002,0.0,Solar
Bahamas,2003,0.0,Solar
Bahamas,2004,0.0,Solar
Bahamas,2005,0.0,Solar
Bahamas,2006,0.0,Solar
Bahamas,2007,0.0,Solar
Bahamas,2008,0.0,Solar
Bahamas,2009,0.0,Solar
Bahamas,2010,0.0,Solar
Bahamas,2011,0.0,Solar
Bahamas,2012,0.0,Solar
Bahamas,2013,0.0,Solar
Bahamas,2014,0.0,Solar
Bahamas,2015,0.0,Solar
Bahamas,2016,0.0,Solar
Bahamas,2017,0.0,Solar
Bahamas,2018,0.0,Solar
Bahamas,2019,0.0,Solar
Bahamas,2020,0.49261084,Solar
Bahamas,2021,0.49019608,Solar
Bahamas,2022,0.9756098,Solar
Bahamas,2023,0.9049773,Solar
Bahamas,2024,0.8888889,Solar
Bahrain,2000,0.0,Solar
Bahrain,2001,0.0,Solar
Bahrain,2002,0.0,Solar
Bahrain,2003,0.0,Solar
Bahrain,2004,0.0,Solar
Bahrain,2005,0.0,Solar
Bahrain,2006,0.0,Solar
Bahrain,2007,0.0,Solar
Bahrain,2008,0.0,Solar
Bahrain,2009,0.0,Solar
Bahrain,2010,0.0,Solar
Bahrain,2011,0.0,Solar
Bahrain,2012,0.0,Solar
Bahrain,2013,0.0,Solar
Bahrain,2014,0.036683783,Solar
Bahrain,2015,0.035100035,Solar
Bahrain,2016,0.035063114,Solar
Bahrain,2017,0.034211427,Solar
Bahrain,2018,0.033840947,Solar
Bahrain,2019,0.06040471,Solar
Bahrain,2020,0.059916113,Solar
Bahrain,2021,0.117959306,Solar
Bahrain,2022,0.22421524,Solar
Bahrain,2023,0.24019216,Solar
Bahrain,2024,0.26350462,Solar
Bangladesh,1985,0.0,Solar
Bangladesh,1986,0.0,Solar
Bangladesh,1987,0.0,Solar
Bangladesh,1988,0.0,Solar
Bangladesh,1989,0.0,Solar
Bangladesh,1990,0.0,Solar
Bangladesh,1991,0.0,Solar
Bangladesh,1992,0.0,Solar
Bangladesh,1993,0.0,Solar
Bangladesh,1994,0.0,Solar
Bangladesh,1995,0.0,Solar
Bangladesh,1996,0.0,Solar
Bangladesh,1997,0.0,Solar
Bangladesh,1998,0.0,Solar
Bangladesh,1999,0.0,Solar
Bangladesh,2000,0.0,Solar
Bangladesh,2001,0.0,Solar
Bangladesh,2002,0.0,Solar
Bangladesh,2003,0.0,Solar
Bangladesh,2004,0.0,Solar
Bangladesh,2005,0.0,Solar
Bangladesh,2006,0.0331565,Solar
Bangladesh,2007,0.064536944,Solar
Bangladesh,2008,0.05842828,Solar
Bangladesh,2009,0.080580175,Solar
Bangladesh,2010,0.17131668,Solar
Bangladesh,2011,0.1356852,Solar
Bangladesh,2012,0.18510902,Solar
Bangladesh,2013,0.24371952,Solar
Bangladesh,2014,0.2854594,Solar
Bangladesh,2015,0.337325,Solar
Bangladesh,2016,0.31842527,Solar
Bangladesh,2017,0.34036762,Solar
Bangladesh,2018,0.3916614,Solar
Bangladesh,2019,0.4347315,Solar
Bangladesh,2020,0.53826356,Solar
Bangladesh,2021,0.63774174,Solar
Bangladesh,2022,0.85085577,Solar
Bangladesh,2023,1.0622456,Solar
Bangladesh,2024,1.1991351,Solar
Bangladesh,2025,1.508704,Solar
Barbados,2000,0.0,Solar
Barbados,2001,0.0,Solar
Barbados,2002,0.0,Solar
Barbados,2003,0.0,Solar
Barbados,2004,0.0,Solar
Barbados,2005,0.0,Solar
Barbados,2006,0.0,Solar
Barbados,2007,0.0,Solar
Barbados,2008,0.0,Solar
Barbados,2009,0.0,Solar
Barbados,2010,0.0,Solar
Barbados,2011,0.0,Solar
Barbados,2012,0.0,Solar
Barbados,2013,0.0,Solar
Barbados,2014,0.9708738,Solar
Barbados,2015,0.9615385,Solar
Barbados,2016,1.9047619,Solar
Barbados,2017,2.8846154,Solar
Barbados,2018,2.8846154,Solar
Barbados,2019,3.773585,Solar
Barbados,2020,6.603774,Solar
Barbados,2021,7.54717,Solar
Barbados,2022,7.339449,Solar
Barbados,2023,8.181818,Solar
Barbados,2024,9.009009,Solar
Belarus,1985,0.0,Solar
Belarus,1986,0.0,Solar
Belarus,1987,0.0,Solar
Belarus,1988,0.0,Solar
Belarus,1989,0.0,Solar
Belarus,1990,0.0,Solar
Belarus,1991,0.0,Solar
Belarus,1992,0.0,Solar
Belarus,1993,0.0,Solar
Belarus,1994,0.0,Solar
Belarus,1995,0.0,Solar
Belarus,1996,0.0,Solar
Belarus,1997,0.0,Solar
Belarus,1998,0.0,Solar
Belarus,1999,0.0,Solar
Belarus,2000,0.0,Solar
Belarus,2001,0.0,Solar
Belarus,2002,0.0,Solar
Belarus,2003,0.0,Solar
Belarus,2004,0.0,Solar
Belarus,2005,0.0,Solar
Belarus,2006,0.0,Solar
Belarus,2007,0.0,Solar
Belarus,2008,0.0,Solar
Belarus,2009,0.0,Solar
Belarus,2010,0.0,Solar
Belarus,2011,0.0,Solar
Belarus,2012,0.0,Solar
Belarus,2013,0.0,Solar
Belarus,2014,0.0,Solar
Belarus,2015,0.029334115,Solar
Belarus,2016,0.089365505,Solar
Belarus,2017,0.26079398,Solar
Belarus,2018,0.46165684,Solar
Belarus,2019,0.44488385,Solar
Belarus,2020,0.46704724,Solar
Belarus,2021,0.43636367,Solar
Belarus,2022,0.56481975,Solar
Belarus,2023,0.55103016,Solar
Belarus,2024,0.56743777,Solar
Belarus,2025,0.7979297,Solar
Belgium,1985,0.0,Solar
Belgium,1986,0.0,Solar
Belgium,1987,0.0,Solar
Belgium,1988,0.0,Solar
Belgium,1989,0.0,Solar
Belgium,1990,0.0,Solar
Belgium,1991,0.0,Solar
Belgium,1992,0.0,Solar
Belgium,1993,0.0,Solar
Belgium,1994,0.0,Solar
Belgium,1995,0.0,Solar
Belgium,1996,0.0,Solar
Belgium,1997,0.0,Solar
Belgium,1998,0.0,Solar
Belgium,1999,0.0,Solar
Belgium,2000,0.0,Solar
Belgium,2001,0.0,Solar
Belgium,2002,0.0,Solar
Belgium,2003,0.0,Solar
Belgium,2004,0.0,Solar
Belgium,2005,0.0,Solar
Belgium,2006,0.0,Solar
Belgium,2007,0.011519411,Solar
Belgium,2008,0.04815796,Solar
Belgium,2009,0.18939394,Solar
Belgium,2010,0.62338775,Solar
Belgium,2011,1.3552868,Solar
Belgium,2012,2.6377132,Solar
Belgium,2013,3.2214768,Solar
Belgium,2014,4.058989,Solar
Belgium,2015,4.4717226,Solar
Belgium,2016,3.6769066,Solar
Belgium,2017,3.8786032,Solar
Belgium,2018,5.2795453,Solar
Belgium,2019,4.5851765,Solar
Belgium,2020,5.787745,Solar
Belgium,2021,5.6539235,Solar
Belgium,2022,7.293544,Solar
Belgium,2023,9.533667,Solar
Belgium,2024,11.261677,Solar
Belgium,2025,14.336672,Solar
Belize,2000,0.0,Solar
Belize,2001,0.0,Solar
Belize,2002,0.0,Solar
Belize,2003,0.0,Solar
Belize,2004,0.0,Solar
Belize,2005,0.0,Solar
Belize,2006,0.0,Solar
Belize,2007,0.0,Solar
Belize,2008,0.0,Solar
Belize,2009,0.0,Solar
Belize,2010,0.0,Solar
Belize,2011,0.0,Solar
Belize,2012,0.0,Solar
Belize,2013,0.0,Solar
Belize,2014,0.0,Solar
Belize,2015,0.0,Solar
Belize,2016,0.0,Solar
Belize,2017,0.0,Solar
Belize,2018,0.0,Solar
Belize,2019,1.923077,Solar
Belize,2020,2.2727273,Solar
Belize,2021,2.7777777,Solar
Belize,2022,2.1276596,Solar
Belize,2023,2.2222223,Solar
Belize,2024,2.1276596,Solar
Benin,2000,0.0,Solar
Benin,2001,0.0,Solar
Benin,2002,0.0,Solar
Benin,2003,0.0,Solar
Benin,2004,0.0,Solar
Benin,2005,0.0,Solar
Benin,2006,0.0,Solar
Benin,2007,0.0,Solar
Benin,2008,0.0,Solar
Benin,2009,0.0,Solar
Benin,2010,0.0,Solar
Benin,2011,0.0,Solar
Benin,2012,0.0,Solar
Benin,2013,0.0,Solar
Benin,2014,0.0,Solar
Benin,2015,0.0,Solar
Benin,2016,0.0,Solar
Benin,2017,0.0,Solar
Benin,2018,0.0,Solar
Benin,2019,1.8518517,Solar
Benin,2020,1.010101,Solar
Benin,2021,1.7699115,Solar
Benin,2022,2.020202,Solar
Benin,2023,3.0,Solar
Benin,2024,3.960396,Solar
Bermuda,2000,0.0,Solar
Bermuda,2001,0.0,Solar
Bermuda,2002,0.0,Solar
Bermuda,2003,0.0,Solar
Bermuda,2004,0.0,Solar
Bermuda,2005,0.0,Solar
Bermuda,2006,0.0,Solar
Bermuda,2007,0.0,Solar
Bermuda,2008,0.0,Solar
Bermuda,2009,0.0,Solar
Bermuda,2010,0.0,Solar
Bermuda,2011,0.0,Solar
Bermuda,2012,0.0,Solar
Bermuda,2013,0.0,Solar
Bermuda,2014,0.0,Solar
Bermuda,2015,0.0,Solar
Bermuda,2016,0.0,Solar
Bermuda,2017,0.0,Solar
Bermuda,2018,0.0,Solar
Bermuda,2019,0.0,Solar
Bermuda,2020,0.0,Solar
Bermuda,2021,0.0,Solar
Bermuda,2022,0.0,Solar
Bermuda,2023,0.0,Solar
Bermuda,2024,0.0,Solar
Bhutan,2000,0.0,Solar
Bhutan,2001,0.0,Solar
Bhutan,2002,0.0,Solar
Bhutan,2003,0.0,Solar
Bhutan,2004,0.0,Solar
Bhutan,2005,0.0,Solar
Bhutan,2006,0.0,Solar
Bhutan,2007,0.0,Solar
Bhutan,2008,0.0,Solar
Bhutan,2009,0.0,Solar
Bhutan,2010,0.0,Solar
Bhutan,2011,0.0,Solar
Bhutan,2012,0.0,Solar
Bhutan,2013,0.0,Solar
Bhutan,2014,0.0,Solar
Bhutan,2015,0.0,Solar
Bhutan,2016,0.0,Solar
Bhutan,2017,0.0,Solar
Bhutan,2018,0.0,Solar
Bhutan,2019,0.0,Solar
Bhutan,2020,0.0,Solar
Bhutan,2021,0.0,Solar
Bhutan,2022,0.0,Solar
Bhutan,2023,0.0,Solar
Bhutan,2024,0.0,Solar
Bolivia,2000,0.0,Solar
Bolivia,2001,0.0,Solar
Bolivia,2002,0.0,Solar
Bolivia,2003,0.0,Solar
Bolivia,2004,0.0,Solar
Bolivia,2005,0.0,Solar
Bolivia,2006,0.0,Solar
Bolivia,2007,0.0,Solar
Bolivia,2008,0.0,Solar
Bolivia,2009,0.0,Solar
Bolivia,2010,0.0,Solar
Bolivia,2011,0.0,Solar
Bolivia,2012,0.0,Solar
Bolivia,2013,0.0,Solar
Bolivia,2014,0.12048192,Solar
Bolivia,2015,0.0,Solar
Bolivia,2016,0.107526876,Solar
Bolivia,2017,0.104275286,Solar
Bolivia,2018,1.2948207,Solar
Bolivia,2019,1.8322083,Solar
Bolivia,2020,3.2132425,Solar
Bolivia,2021,3.2198713,Solar
Bolivia,2022,2.9991431,Solar
Bolivia,2023,2.7888446,Solar
Bolivia,2024,2.9563932,Solar
Bolivia,2025,2.9347029,Solar
Bosnia and Herzegovina,2003,0.0,Solar
Bosnia and Herzegovina,2004,0.0,Solar
Bosnia and Herzegovina,2005,0.0,Solar
Bosnia and Herzegovina,2006,0.0,Solar
Bosnia and Herzegovina,2007,0.0,Solar
Bosnia and Herzegovina,2008,0.0,Solar
Bosnia and Herzegovina,2009,0.0,Solar
Bosnia and Herzegovina,2010,0.0,Solar
Bosnia and Herzegovina,2011,0.0,Solar
Bosnia and Herzegovina,2012,0.0,Solar
Bosnia and Herzegovina,2013,0.0,Solar
Bosnia and Herzegovina,2014,0.058719903,Solar
Bosnia and Herzegovina,2015,0.06086427,Solar
Bosnia and Herzegovina,2016,0.11293055,Solar
Bosnia and Herzegovina,2017,0.12315271,Solar
Bosnia and Herzegovina,2018,0.10487677,Solar
Bosnia and Herzegovina,2019,0.17221583,Solar
Bosnia and Herzegovina,2020,0.2977963,Solar
Bosnia and Herzegovina,2021,0.38022813,Solar
Bosnia and Herzegovina,2022,0.67278284,Solar
Bosnia and Herzegovina,2023,1.4551804,Solar
Bosnia and Herzegovina,2024,2.5177534,Solar
Bosnia and Herzegovina,2025,4.0858727,Solar
Botswana,2000,0.0,Solar
Botswana,2001,0.0,Solar
Botswana,2002,0.0,Solar
Botswana,2003,0.0,Solar
Botswana,2004,0.0,Solar
Botswana,2005,0.0,Solar
Botswana,2006,0.0,Solar
Botswana,2007,0.0,Solar
Botswana,2008,0.0,Solar
Botswana,2009,0.0,Solar
Botswana,2010,0.0,Solar
Botswana,2011,0.0,Solar
Botswana,2012,0.0,Solar
Botswana,2013,0.0,Solar
Botswana,2014,0.0,Solar
Botswana,2015,0.0,Solar
Botswana,2016,0.0,Solar
Botswana,2017,0.0,Solar
Botswana,2018,0.32154343,Solar
Botswana,2019,0.39840636,Solar
Botswana,2020,0.45871556,Solar
Botswana,2021,0.4016064,Solar
Botswana,2022,0.390625,Solar
Botswana,2023,0.30959752,Solar
Botswana,2024,0.29154518,Solar
Brazil,1985,0.0,Solar
Brazil,1986,0.0,Solar
Brazil,1987,0.0,Solar
Brazil,1988,0.0,Solar
Brazil,1989,0.0,Solar
Brazil,1990,0.0,Solar
Brazil,1991,0.0,Solar
Brazil,1992,0.0,Solar
Brazil,1993,0.0,Solar
Brazil,1994,0.0,Solar
Brazil,1995,0.0,Solar
Brazil,1996,0.0,Solar
Brazil,1997,0.0,Solar
Brazil,1998,0.0,Solar
Brazil,1999,0.0,Solar
Brazil,2000,0.0,Solar
Brazil,2001,0.0,Solar
Brazil,2002,0.0,Solar
Brazil,2003,0.0,Solar
Brazil,2004,0.0,Solar
Brazil,2005,0.0,Solar
Brazil,2006,0.0,Solar
Brazil,2007,0.0,Solar
Brazil,2008,0.0,Solar
Brazil,2009,0.0,Solar
Brazil,2010,0.0,Solar
Brazil,2011,0.0,Solar
Brazil,2012,0.0,Solar
Brazil,2013,0.0,Solar
Brazil,2014,0.0033866735,Solar
Brazil,2015,0.010323114,Solar
Brazil,2016,0.015546995,Solar
Brazil,2017,0.14084029,Solar
Brazil,2018,0.5753338,Solar
Brazil,2019,1.0500056,Solar
Brazil,2020,1.7097143,Solar
Brazil,2021,2.5517976,Solar
Brazil,2022,4.4494653,Solar
Brazil,2023,7.149918,Solar
Brazil,2024,9.563911,Solar
Brazil,2025,11.81032,Solar
British Virgin Islands,2000,0.0,Solar
British Virgin Islands,2001,0.0,Solar
British Virgin Islands,2002,0.0,Solar
British Virgin Islands,2003,0.0,Solar
British Virgin Islands,2004,0.0,Solar
British Virgin Islands,2005,0.0,Solar
British Virgin Islands,2006,0.0,Solar
British Virgin Islands,2007,0.0,Solar
British Virgin Islands,2008,0.0,Solar
British Virgin Islands,2009,0.0,Solar
British Virgin Islands,2010,0.0,Solar
British Virgin Islands,2011,0.0,Solar
British Virgin Islands,2012,0.0,Solar
British Virgin Islands,2013,0.0,Solar
British Virgin Islands,2014,0.0,Solar
British Virgin Islands,2015,0.0,Solar
British Virgin Islands,2016,0.0,Solar
British Virgin Islands,2017,0.0,Solar
British Virgin Islands,2018,0.0,Solar
British Virgin Islands,2019,0.0,Solar
British Virgin Islands,2020,0.0,Solar
British Virgin Islands,2021,0.0,Solar
British Virgin Islands,2022,0.0,Solar
British Virgin Islands,2023,0.0,Solar
Brunei,2000,0.0,Solar
Brunei,2001,0.0,Solar
Brunei,2002,0.0,Solar
Brunei,2003,0.0,Solar
Brunei,2004,0.0,Solar
Brunei,2005,0.0,Solar
Brunei,2006,0.0,Solar
Brunei,2007,0.0,Solar
Brunei,2008,0.0,Solar
Brunei,2009,0.0,Solar
Brunei,2010,0.0,Solar
Brunei,2011,0.0,Solar
Brunei,2012,0.0,Solar
Brunei,2013,0.0,Solar
Brunei,2014,0.0,Solar
Brunei,2015,0.0,Solar
Brunei,2016,0.0,Solar
Brunei,2017,0.0,Solar
Brunei,2018,0.0,Solar
Brunei,2019,0.0,Solar
Brunei,2020,0.0,Solar
Brunei,2021,0.0,Solar
Brunei,2022,0.0,Solar
Brunei,2023,0.0,Solar
Brunei,2024,0.1798561,Solar
Bulgaria,1985,0.0,Solar
Bulgaria,1986,0.0,Solar
Bulgaria,1987,0.0,Solar
Bulgaria,1988,0.0,Solar
Bulgaria,1989,0.0,Solar
Bulgaria,1990,0.0,Solar
Bulgaria,1991,0.0,Solar
Bulgaria,1992,0.0,Solar
Bulgaria,1993,0.0,Solar
Bulgaria,1994,0.0,Solar
Bulgaria,1995,0.0,Solar
Bulgaria,1996,0.0,Solar
Bulgaria,1997,0.0,Solar
Bulgaria,1998,0.0,Solar
Bulgaria,1999,0.0,Solar
Bulgaria,2000,0.0,Solar
Bulgaria,2001,0.0,Solar
Bulgaria,2002,0.0,Solar
Bulgaria,2003,0.0,Solar
Bulgaria,2004,0.0,Solar
Bulgaria,2005,0.0,Solar
Bulgaria,2006,0.0,Solar
Bulgaria,2007,0.0,Solar
Bulgaria,2008,0.0,Solar
Bulgaria,2009,0.0,Solar
Bulgaria,2010,0.021772262,Solar
Bulgaria,2011,0.20016013,Solar
Bulgaria,2012,1.6788635,Solar
Bulgaria,2013,3.2310553,Solar
Bulgaria,2014,2.6854222,Solar
Bulgaria,2015,2.833094,Solar
Bulgaria,2016,3.1214912,Solar
Bulgaria,2017,3.1222122,Solar
Bulgaria,2018,2.8811011,Solar
Bulgaria,2019,3.2479413,Solar
Bulgaria,2020,3.6621826,Solar
Bulgaria,2021,3.1130877,Solar
Bulgaria,2022,4.156722,Solar
Bulgaria,2023,8.782434,Solar
Bulgaria,2024,14.334204,Solar
Bulgaria,2025,18.150684,Solar
Burkina Faso,2000,0.0,Solar
Burkina Faso,2001,0.0,Solar
Burkina Faso,2002,0.0,Solar
Burkina Faso,2003,0.0,Solar
Burkina Faso,2004,0.0,Solar
Burkina Faso,2005,0.0,Solar
Burkina Faso,2006,0.0,Solar
Burkina Faso,2007,0.0,Solar
Burkina Faso,2008,0.0,Solar
Burkina Faso,2009,0.0,Solar
Burkina Faso,2010,1.7241379,Solar
Burkina Faso,2011,1.8518517,Solar
Burkina Faso,2012,1.5625,Solar
Burkina Faso,2013,1.3333333,Solar
Burkina Faso,2014,1.1363636,Solar
Burkina Faso,2015,0.990099,Solar
Burkina Faso,2016,2.020202,Solar
Burkina Faso,2017,2.6785715,Solar
Burkina Faso,2018,4.8128343,Solar
Burkina Faso,2019,5.625,Solar
Burkina Faso,2020,5.6603775,Solar
Burkina Faso,2021,5.263158,Solar
Burkina Faso,2022,5.3254437,Solar
Burkina Faso,2023,5.3254437,Solar
Burkina Faso,2024,6.5088754,Solar
Burundi,2000,0.0,Solar
Burundi,2001,0.0,Solar
Burundi,2002,0.0,Solar
Burundi,2003,0.0,Solar
Burundi,2004,0.0,Solar
Burundi,2005,0.0,Solar
Burundi,2006,0.0,Solar
Burundi,2007,0.0,Solar
Burundi,2008,0.0,Solar
Burundi,2009,0.0,Solar
Burundi,2010,0.0,Solar
Burundi,2011,0.0,Solar
Burundi,2012,0.0,Solar
Burundi,2013,0.0,Solar
Burundi,2014,0.0,Solar
Burundi,2015,0.0,Solar
Burundi,2016,5.5555553,Solar
Burundi,2017,3.5714285,Solar
Burundi,2018,0.0,Solar
Burundi,2019,0.0,Solar
Burundi,2020,0.0,Solar
Burundi,2021,0.0,Solar
Burundi,2022,0.0,Solar
Burundi,2023,0.0,Solar
Burundi,2024,0.0,Solar
Cambodia,2000,0.0,Solar
Cambodia,2001,0.0,Solar
Cambodia,2002,0.0,Solar
Cambodia,2003,0.0,Solar
Cambodia,2004,0.0,Solar
Cambodia,2005,0.0,Solar
Cambodia,2006,0.0,Solar
Cambodia,2007,0.0,Solar
Cambodia,2008,0.0,Solar
Cambodia,2009,0.0,Solar
Cambodia,2010,0.0,Solar
Cambodia,2011,0.0,Solar
Cambodia,2012,0.0,Solar
Cambodia,2013,0.0,Solar
Cambodia,2014,0.0,Solar
Cambodia,2015,0.0,Solar
Cambodia,2016,0.0,Solar
Cambodia,2017,0.0,Solar
Cambodia,2018,0.24449876,Solar
Cambodia,2019,1.0380623,Solar
Cambodia,2020,3.8563828,Solar
Cambodia,2021,6.2821836,Solar
Cambodia,2022,6.9306927,Solar
Cambodia,2023,6.0294113,Solar
Cambodia,2024,6.912145,Solar
Cambodia,2025,10.6418915,Solar
Cameroon,2000,0.0,Solar
Cameroon,2001,0.0,Solar
Cameroon,2002,0.0,Solar
Cameroon,2003,0.0,Solar
Cameroon,2004,0.0,Solar
Cameroon,2005,0.0,Solar
Cameroon,2006,0.0,Solar
Cameroon,2007,0.0,Solar
Cameroon,2008,0.0,Solar
Cameroon,2009,0.0,Solar
Cameroon,2010,0.0,Solar
Cameroon,2011,0.0,Solar
Cameroon,2012,0.0,Solar
Cameroon,2013,0.0,Solar
Cameroon,2014,0.14513788,Solar
Cameroon,2015,0.12562814,Solar
Cameroon,2016,0.14064696,Solar
Cameroon,2017,0.2484472,Solar
Cameroon,2018,0.23419203,Solar
Cameroon,2019,0.2415459,Solar
Cameroon,2020,0.22727272,Solar
Cameroon,2021,0.23781213,Solar
Cameroon,2022,0.24539877,Solar
Cameroon,2023,0.27700832,Solar
Cameroon,2024,0.5509642,Solar
Canada,1985,0.0,Solar
Canada,1986,0.0,Solar
Canada,1987,0.0,Solar
Canada,1988,0.0,Solar
Canada,1989,0.0,Solar
Canada,1990,0.0,Solar
Canada,1991,0.0,Solar
Canada,1992,0.00039578206,Solar
Canada,1993,0.00038711945,Solar
Canada,1994,0.00037114436,Solar
Canada,1995,0.0006887113,Solar
Canada,1996,0.0010312307,Solar
Canada,1997,0.0012138502,Solar
Canada,1998,0.0017981173,Solar
Canada,1999,0.002295563,Solar
Canada,2000,0.0033122452,Solar
Canada,2001,0.0034027493,Solar
Canada,2002,0.0033345004,Solar
Canada,2003,0.003399799,Solar
Canada,2004,0.0016708437,Solar
Canada,2005,0.003223207,Solar
Canada,2006,0.003287149,Solar
Canada,2007,0.0047304435,Solar
Canada,2008,0.0062981215,Solar
Canada,2009,0.017919103,Solar
Canada,2010,0.042831488,Solar
Canada,2011,0.089303896,Solar
Canada,2012,0.1382474,Solar
Canada,2013,0.22876664,Solar
Canada,2014,0.32467034,Solar
Canada,2015,0.43716344,Solar
Canada,2016,0.45118642,Solar
Canada,2017,0.4945096,Solar
Canada,2018,0.52782816,Solar
Canada,2019,0.5719079,Solar
Canada,2020,0.6205309,Solar
Canada,2021,0.7832618,Solar
Canada,2022,0.86435366,Solar
Canada,2023,1.3096555,Solar
Canada,2024,1.4792947,Solar
Canada,2025,1.558764,Solar
Cape Verde,2000,0.0,Solar
Cape Verde,2001,0.0,Solar
Cape Verde,2002,0.0,Solar
Cape Verde,2003,0.0,Solar
Cape Verde,2004,0.0,Solar
Cape Verde,2005,0.0,Solar
Cape Verde,2006,0.0,Solar
Cape Verde,2007,0.0,Solar
Cape Verde,2008,0.0,Solar
Cape Verde,2009,0.0,Solar
Cape Verde,2010,0.0,Solar
Cape Verde,2011,2.7027025,Solar
Cape Verde,2012,2.631579,Solar
Cape Verde,2013,2.4390244,Solar
Cape Verde,2014,2.3255813,Solar
Cape Verde,2015,2.3255813,Solar
Cape Verde,2016,2.2222223,Solar
Cape Verde,2017,2.3255813,Solar
Cape Verde,2018,2.3255813,Solar
Cape Verde,2019,2.2727273,Solar
Cape Verde,2020,2.3809524,Solar
Cape Verde,2021,2.3255813,Solar
Cape Verde,2022,14.0,Solar
Cape Verde,2023,14.0,Solar
Cape Verde,2024,15.384616,Solar
Cayman Islands,2000,0.0,Solar
Cayman Islands,2001,0.0,Solar
Cayman Islands,2002,0.0,Solar
Cayman Islands,2003,0.0,Solar
Cayman Islands,2004,0.0,Solar
Cayman Islands,2005,0.0,Solar
Cayman Islands,2006,0.0,Solar
Cayman Islands,2007,0.0,Solar
Cayman Islands,2008,0.0,Solar
Cayman Islands,2009,0.0,Solar
Cayman Islands,2010,0.0,Solar
Cayman Islands,2011,0.0,Solar
Cayman Islands,2012,0.0,Solar
Cayman Islands,2013,0.0,Solar
Cayman Islands,2014,0.0,Solar
Cayman Islands,2015,0.0,Solar
Cayman Islands,2016,0.0,Solar
Cayman Islands,2017,1.4705882,Solar
Cayman Islands,2018,1.4925373,Solar
Cayman Islands,2019,2.7777777,Solar
Cayman Islands,2020,2.8985507,Solar
Cayman Islands,2021,2.857143,Solar
Cayman Islands,2022,2.857143,Solar
Cayman Islands,2023,2.857143,Solar
Cayman Islands,2024,4.2253523,Solar
Central African Republic,2000,0.0,Solar
Central African Republic,2001,0.0,Solar
Central African Republic,2002,0.0,Solar
Central African Republic,2003,0.0,Solar
Central African Republic,2004,0.0,Solar
Central African Republic,2005,0.0,Solar
Central African Republic,2006,0.0,Solar
Central African Republic,2007,0.0,Solar
Central African Republic,2008,0.0,Solar
Central African Republic,2009,0.0,Solar
Central African Republic,2010,0.0,Solar
Central African Republic,2011,0.0,Solar
Central African Republic,2012,0.0,Solar
Central African Republic,2013,0.0,Solar
Central African Republic,2014,0.0,Solar
Central African Republic,2015,0.0,Solar
Central African Republic,2016,0.0,Solar
Central African Republic,2017,0.0,Solar
Central African Republic,2018,0.0,Solar
Central African Republic,2019,0.0,Solar
Central African Republic,2020,0.0,Solar
Central African Republic,2021,0.0,Solar
Central African Republic,2022,0.0,Solar
Central African Republic,2023,0.0,Solar
Chad,2000,0.0,Solar
Chad,2001,0.0,Solar
Chad,2002,0.0,Solar
Chad,2003,0.0,Solar
Chad,2004,0.0,Solar
Chad,2005,0.0,Solar
Chad,2006,0.0,Solar
Chad,2007,0.0,Solar
Chad,2008,0.0,Solar
Chad,2009,0.0,Solar
Chad,2010,0.0,Solar
Chad,2011,0.0,Solar
Chad,2012,0.0,Solar
Chad,2013,0.0,Solar
Chad,2014,0.0,Solar
Chad,2015,0.0,Solar
Chad,2016,0.0,Solar
Chad,2017,0.0,Solar
Chad,2018,0.0,Solar
Chad,2019,0.0,Solar
Chad,2020,0.0,Solar
Chad,2021,0.0,Solar
Chad,2022,0.0,Solar
Chad,2023,0.0,Solar
Chad,2024,0.0,Solar
Chile,1985,0.0,Solar
Chile,1986,0.0,Solar
Chile,1987,0.0,Solar
Chile,1988,0.0,Solar
Chile,1989,0.0,Solar
Chile,1990,0.0,Solar
Chile,1991,0.0,Solar
Chile,1992,0.0,Solar
Chile,1993,0.0,Solar
Chile,1994,0.0,Solar
Chile,1995,0.0,Solar
Chile,1996,0.0,Solar
Chile,1997,0.0,Solar
Chile,1998,0.0,Solar
Chile,1999,0.0,Solar
Chile,2000,0.0,Solar
Chile,2001,0.0,Solar
Chile,2002,0.0,Solar
Chile,2003,0.0,Solar
Chile,2004,0.0,Solar
Chile,2005,0.0,Solar
Chile,2006,0.0,Solar
Chile,2007,0.0,Solar
Chile,2008,0.0,Solar
Chile,2009,0.0,Solar
Chile,2010,0.0,Solar
Chile,2011,0.0,Solar
Chile,2012,0.0,Solar
Chile,2013,0.013728721,Solar
Chile,2014,0.684053,Solar
Chile,2015,1.6553197,Solar
Chile,2016,3.285551,Solar
Chile,2017,4.8650703,Solar
Chile,2018,6.2622304,Solar
Chile,2019,7.501786,Solar
Chile,2020,9.009333,Solar
Chile,2021,11.98638,Solar
Chile,2022,17.256151,Solar
Chile,2023,20.105345,Solar
Chile,2024,22.782667,Solar
Chile,2025,25.062147,Solar
China,1985,0.0,Solar
China,1986,0.0,Solar
China,1987,0.0,Solar
China,1988,0.0,Solar
China,1989,0.0,Solar
China,1990,0.00032195752,Solar
China,1991,0.00029518118,Solar
China,1992,0.00039790964,Solar
China,1993,0.0004928597,Solar
China,1994,0.0005389092,Solar
China,1995,0.0006951133,Solar
China,1996,0.0008323237,Solar
China,1997,0.0009686935,Solar
China,1998,0.0011996573,Solar
China,1999,0.0013717421,Solar
China,2000,0.0014753614,Solar
China,2001,0.0020259456,Solar
China,2002,0.0030229564,Solar
China,2003,0.0031404076,Solar
China,2004,0.0036309005,Solar
China,2005,0.0031996672,Solar
China,2006,0.0031405722,Solar
China,2007,0.0033520847,Solar
China,2008,0.0042909128,Solar
China,2009,0.0075377426,Solar
China,2010,0.016638301,Solar
China,2011,0.0553785,Solar
China,2012,0.07197937,Solar
China,2013,0.1540974,Solar
China,2014,0.40573305,Solar
China,2015,0.6789828,Solar
China,2016,1.0847589,Solar
China,2017,1.7836486,Solar
China,2018,2.4685533,Solar
China,2019,2.9853013,Solar
China,2020,3.3564425,Solar
China,2021,3.8316152,Solar
China,2022,4.8286133,Solar
China,2023,6.177265,Solar
China,2024,8.318132,Solar
China,2025,11.101955,Solar
Colombia,1985,0.0,Solar
Colombia,1986,0.0,Solar
Colombia,1987,0.0,Solar
Colombia,1988,0.0,Solar
Colombia,1989,0.0,Solar
Colombia,1990,0.0,Solar
Colombia,1991,0.0,Solar
Colombia,1992,0.0,Solar
Colombia,1993,0.0,Solar
Colombia,1994,0.0,Solar
Colombia,1995,0.0,Solar
Colombia,1996,0.0,Solar
Colombia,1997,0.0,Solar
Colombia,1998,0.0,Solar
Colombia,1999,0.0,Solar
Colombia,2000,0.023359027,Solar
Colombia,2001,0.023180343,Solar
Colombia,2002,0.022366362,Solar
Colombia,2003,0.02164502,Solar
Colombia,2004,0.020271638,Solar
Colombia,2005,0.02002403,Solar
Colombia,2006,0.018747656,Solar
Colombia,2007,0.018251505,Solar
Colombia,2008,0.018024513,Solar
Colombia,2009,0.017621145,Solar
Colombia,2010,0.016603021,Solar
Colombia,2011,0.016207455,Solar
Colombia,2012,0.015857913,Solar
Colombia,2013,0.01360359,Solar
Colombia,2014,0.01419245,Solar
Colombia,2015,0.012825445,Solar
Colombia,2016,0.013128528,Solar
Colombia,2017,0.012743724,Solar
Colombia,2018,0.025572177,Solar
Colombia,2019,0.1650165,Solar
Colombia,2020,0.244373,Solar
Colombia,2021,0.39118066,Solar
Colombia,2022,0.7603186,Solar
Colombia,2023,1.5592515,Solar
Colombia,2024,3.84788,Solar
Colombia,2025,5.090748,Solar
Comoros,2000,0.0,Solar
Comoros,2001,0.0,Solar
Comoros,2002,0.0,Solar
Comoros,2003,0.0,Solar
Comoros,2004,0.0,Solar
Comoros,2005,0.0,Solar
Comoros,2006,0.0,Solar
Comoros,2007,0.0,Solar
Comoros,2008,0.0,Solar
Comoros,2009,0.0,Solar
Comoros,2010,0.0,Solar
Comoros,2011,0.0,Solar
Comoros,2012,0.0,Solar
Comoros,2013,0.0,Solar
Comoros,2014,0.0,Solar
Comoros,2015,0.0,Solar
Comoros,2016,0.0,Solar
Comoros,2017,0.0,Solar
Comoros,2018,0.0,Solar
Comoros,2019,0.0,Solar
Comoros,2020,0.0,Solar
Comoros,2021,0.0,Solar
Comoros,2022,0.0,Solar
Comoros,2023,0.0,Solar
Congo,2000,0.0,Solar
Congo,2001,0.0,Solar
Congo,2002,0.0,Solar
Congo,2003,0.0,Solar
Congo,2004,0.0,Solar
Congo,2005,0.0,Solar
Congo,2006,0.0,Solar
Congo,2007,0.0,Solar
Congo,2008,0.0,Solar
Congo,2009,0.0,Solar
Congo,2010,0.0,Solar
Congo,2011,0.0,Solar
Congo,2012,0.0,Solar
Congo,2013,0.0,Solar
Congo,2014,0.0,Solar
Congo,2015,0.0,Solar
Congo,2016,0.0,Solar
Congo,2017,0.0,Solar
Congo,2018,0.0,Solar
Congo,2019,0.0,Solar
Congo,2020,0.0,Solar
Congo,2021,0.0,Solar
Congo,2022,0.0,Solar
Congo,2023,0.18656716,Solar
Congo,2024,0.18315017,Solar
Cook Islands,2000,0.0,Solar
Cook Islands,2001,0.0,Solar
Cook Islands,2002,0.0,Solar
Cook Islands,2003,0.0,Solar
Cook Islands,2004,0.0,Solar
Cook Islands,2005,0.0,Solar
Cook Islands,2006,0.0,Solar
Cook Islands,2007,0.0,Solar
Cook Islands,2008,0.0,Solar
Cook Islands,2009,0.0,Solar
Cook Islands,2010,0.0,Solar
Cook Islands,2011,0.0,Solar
Cook Islands,2012,0.0,Solar
Cook Islands,2013,0.0,Solar
Cook Islands,2014,0.0,Solar
Cook Islands,2015,0.0,Solar
Cook Islands,2016,0.0,Solar
Cook Islands,2017,25.0,Solar
Cook Islands,2018,40.0,Solar
Cook Islands,2019,25.0,Solar
Cook Islands,2020,25.0,Solar
Cook Islands,2021,50.0,Solar
Cook Islands,2022,50.0,Solar
Cook Islands,2023,50.0,Solar
Cook Islands,2024,50.0,Solar
Costa Rica,2000,0.0,Solar
Costa Rica,2001,0.0,Solar
Costa Rica,2002,0.0,Solar
Costa Rica,2003,0.0,Solar
Costa Rica,2004,0.0,Solar
Costa Rica,2005,0.0,Solar
Costa Rica,2006,0.0,Solar
Costa Rica,2007,0.0,Solar
Costa Rica,2008,0.0,Solar
Costa Rica,2009,0.0,Solar
Costa Rica,2010,0.0,Solar
Costa Rica,2011,0.0,Solar
Costa Rica,2012,0.09891197,Solar
Costa Rica,2013,0.19627085,Solar
Costa Rica,2014,0.19665682,Solar
Costa Rica,2015,0.27855152,Solar
Costa Rica,2016,0.2762431,Solar
Costa Rica,2017,0.35460994,Solar
Costa Rica,2018,0.5244755,Solar
Costa Rica,2019,0.61295974,Solar
Costa Rica,2020,0.5972696,Solar
Costa Rica,2021,0.62843674,Solar
Costa Rica,2022,0.64308685,Solar
Costa Rica,2023,0.7679181,Solar
Costa Rica,2024,0.8181819,Solar
Costa Rica,2025,0.7025761,Solar
Cote d'Ivoire,2000,0.0,Solar
Cote d'Ivoire,2001,0.0,Solar
Cote d'Ivoire,2002,0.0,Solar
Cote d'Ivoire,2003,0.0,Solar
Cote d'Ivoire,2004,0.0,Solar
Cote d'Ivoire,2005,0.0,Solar
Cote d'Ivoire,2006,0.0,Solar
Cote d'Ivoire,2007,0.0,Solar
Cote d'Ivoire,2008,0.0,Solar
Cote d'Ivoire,2009,0.0,Solar
Cote d'Ivoire,2010,0.0,Solar
Cote d'Ivoire,2011,0.0,Solar
Cote d'Ivoire,2012,0.0,Solar
Cote d'Ivoire,2013,0.0,Solar
Cote d'Ivoire,2014,0.0,Solar
Cote d'Ivoire,2015,0.0,Solar
Cote d'Ivoire,2016,0.0,Solar
Cote d'Ivoire,2017,0.09881423,Solar
Cote d'Ivoire,2018,0.09960159,Solar
Cote d'Ivoire,2019,0.09380863,Solar
Cote d'Ivoire,2020,0.17761989,Solar
Cote d'Ivoire,2021,0.17621145,Solar
Cote d'Ivoire,2022,0.15860428,Solar
Cote d'Ivoire,2023,0.18214937,Solar
Cote d'Ivoire,2024,0.18535681,Solar
Croatia,1990,0.0,Solar
Croatia,1991,0.0,Solar
Croatia,1992,0.0,Solar
Croatia,1993,0.0,Solar
Croatia,1994,0.0,Solar
Croatia,1995,0.0,Solar
Croatia,1996,0.0,Solar
Croatia,1997,0.0,Solar
Croatia,1998,0.0,Solar
Croatia,1999,0.0,Solar
Croatia,2000,0.0,Solar
Croatia,2001,0.0,Solar
Croatia,2002,0.0,Solar
Croatia,2003,0.0,Solar
Croatia,2004,0.0,Solar
Croatia,2005,0.0,Solar
Croatia,2006,0.0,Solar
Croatia,2007,0.0,Solar
Croatia,2008,0.0,Solar
Croatia,2009,0.0,Solar
Croatia,2010,0.0,Solar
Croatia,2011,0.0,Solar
Croatia,2012,0.0,Solar
Croatia,2013,0.071736015,Solar
Croatia,2014,0.29784065,Solar
Croatia,2015,0.5338078,Solar
Croatia,2016,0.5555555,Solar
Croatia,2017,0.6796941,Solar
Croatia,2018,0.51775146,Solar
Croatia,2019,0.63241106,Solar
Croatia,2020,0.75585794,Solar
Croatia,2021,0.9927201,Solar
Croatia,2022,1.0638298,Solar
Croatia,2023,2.3509173,Solar
Croatia,2024,5.3629823,Solar
Croatia,2025,8.77551,Solar
Cuba,2000,0.0,Solar
Cuba,2001,0.0,Solar
Cuba,2002,0.0,Solar
Cuba,2003,0.0,Solar
Cuba,2004,0.0,Solar
Cuba,2005,0.0,Solar
Cuba,2006,0.0,Solar
Cuba,2007,0.0,Solar
Cuba,2008,0.0,Solar
Cuba,2009,0.0,Solar
Cuba,2010,0.0,Solar
Cuba,2011,0.0,Solar
Cuba,2012,0.054259356,Solar
Cuba,2013,0.5714286,Solar
Cuba,2014,0.46320125,Solar
Cuba,2015,0.6375674,Solar
Cuba,2016,0.68126523,Solar
Cuba,2017,0.3889159,Solar
Cuba,2018,0.5769231,Solar
Cuba,2019,1.0144926,Solar
Cuba,2020,1.1560693,Solar
Cuba,2021,1.2338755,Solar
Cuba,2022,1.341853,Solar
Cuba,2023,1.0638298,Solar
Cuba,2024,1.2352033,Solar
Cyprus,1985,0.0,Solar
Cyprus,1986,0.0,Solar
Cyprus,1987,0.0,Solar
Cyprus,1988,0.0,Solar
Cyprus,1989,0.0,Solar
Cyprus,1990,0.0,Solar
Cyprus,1991,0.0,Solar
Cyprus,1992,0.0,Solar
Cyprus,1993,0.0,Solar
Cyprus,1994,0.0,Solar
Cyprus,1995,0.0,Solar
Cyprus,1996,0.0,Solar
Cyprus,1997,0.0,Solar
Cyprus,1998,0.0,Solar
Cyprus,1999,0.0,Solar
Cyprus,2000,0.0,Solar
Cyprus,2001,0.0,Solar
Cyprus,2002,0.0,Solar
Cyprus,2003,0.0,Solar
Cyprus,2004,0.0,Solar
Cyprus,2005,0.0,Solar
Cyprus,2006,0.0,Solar
Cyprus,2007,0.0,Solar
Cyprus,2008,0.0,Solar
Cyprus,2009,0.0,Solar
Cyprus,2010,0.18761726,Solar
Cyprus,2011,0.20325202,Solar
Cyprus,2012,0.42372882,Solar
Cyprus,2013,1.1655012,Solar
Cyprus,2014,1.8433179,Solar
Cyprus,2015,2.863436,Solar
Cyprus,2016,3.0674849,Solar
Cyprus,2017,3.4,Solar
Cyprus,2018,3.9525692,Solar
Cyprus,2019,4.2718444,Solar
Cyprus,2020,6.1855674,Solar
Cyprus,2021,9.1796875,Solar
Cyprus,2022,11.406844,Solar
Cyprus,2023,15.572232,Solar
Cyprus,2024,19.170984,Solar
Cyprus,2025,23.18105,Solar
Czechia,1985,0.0,Solar
Czechia,1986,0.0,Solar
Czechia,1987,0.0,Solar
Czechia,1988,0.0,Solar
Czechia,1989,0.0,Solar
Czechia,1990,0.0,Solar
Czechia,1991,0.0,Solar
Czechia,1992,0.0,Solar
Czechia,1993,0.0,Solar
Czechia,1994,0.0,Solar
Czechia,1995,0.0,Solar
Czechia,1996,0.0,Solar
Czechia,1997,0.0,Solar
Czechia,1998,0.0,Solar
Czechia,1999,0.0,Solar
Czechia,2000,0.0,Solar
Czechia,2001,0.0,Solar
Czechia,2002,0.0,Solar
Czechia,2003,0.0,Solar
Czechia,2004,0.0,Solar
Czechia,2005,0.0,Solar
Czechia,2006,0.0,Solar
Czechia,2007,0.0,Solar
Czechia,2008,0.012007684,Solar
Czechia,2009,0.11024009,Solar
Czechia,2010,0.72752875,Solar
Czechia,2011,2.5161588,Solar
Czechia,2012,2.4832525,Solar
Czechia,2013,2.362938,Solar
Czechia,2014,2.4947045,Solar
Czechia,2015,2.739726,Solar
Czechia,2016,2.5975611,Solar
Czechia,2017,2.5652986,Solar
Czechia,2018,2.7176416,Solar
Czechia,2019,2.7064862,Solar
Czechia,2020,2.8589263,Solar
Czechia,2021,2.6894572,Solar
Czechia,2022,3.1410487,Solar
Czechia,2023,3.812665,Solar
Czechia,2024,4.9306417,Solar
Czechia,2025,5.8145695,Solar
Democratic Republic of Congo,2000,0.0,Solar
Democratic Republic of Congo,2001,0.0,Solar
Democratic Republic of Congo,2002,0.0,Solar
Democratic Republic of Congo,2003,0.0,Solar
Democratic Republic of Congo,2004,0.0,Solar
Democratic Republic of Congo,2005,0.0,Solar
Democratic Republic of Congo,2006,0.0,Solar
Democratic Republic of Congo,2007,0.0,Solar
Democratic Republic of Congo,2008,0.0,Solar
Democratic Republic of Congo,2009,0.0,Solar
Democratic Republic of Congo,2010,0.0,Solar
Democratic Republic of Congo,2011,0.0,Solar
Democratic Republic of Congo,2012,0.0,Solar
Democratic Republic of Congo,2013,0.0,Solar
Democratic Republic of Congo,2014,0.0,Solar
Democratic Republic of Congo,2015,0.0,Solar
Democratic Republic of Congo,2016,0.0,Solar
Democratic Republic of Congo,2017,0.10615711,Solar
Democratic Republic of Congo,2018,0.09560229,Solar
Democratic Republic of Congo,2019,0.08481764,Solar
Democratic Republic of Congo,2020,0.1601281,Solar
Democratic Republic of Congo,2021,7.399577,Solar
Democratic Republic of Congo,2022,13.781841,Solar
Democratic Republic of Congo,2023,14.075496,Solar
Democratic Republic of Congo,2024,15.766332,Solar
Denmark,1985,0.0,Solar
Denmark,1986,0.0,Solar
Denmark,1987,0.0,Solar
Denmark,1988,0.0,Solar
Denmark,1989,0.0,Solar
Denmark,1990,0.0,Solar
Denmark,1991,0.0,Solar
Denmark,1992,0.0,Solar
Denmark,1993,0.0,Solar
Denmark,1994,0.0,Solar
Denmark,1995,0.0,Solar
Denmark,1996,0.0,Solar
Denmark,1997,0.0,Solar
Denmark,1998,0.0,Solar
Denmark,1999,0.0,Solar
Denmark,2000,0.0,Solar
Denmark,2001,0.0,Solar
Denmark,2002,0.0,Solar
Denmark,2003,0.0,Solar
Denmark,2004,0.0,Solar
Denmark,2005,0.0,Solar
Denmark,2006,0.0,Solar
Denmark,2007,0.0,Solar
Denmark,2008,0.0,Solar
Denmark,2009,0.0,Solar
Denmark,2010,0.025806451,Solar
Denmark,2011,0.028481914,Solar
Denmark,2012,0.3271181,Solar
Denmark,2013,1.5024558,Solar
Denmark,2014,1.8726592,Solar
Denmark,2015,2.0847812,Solar
Denmark,2016,2.4342105,Solar
Denmark,2017,2.4271846,Solar
Denmark,2018,3.144654,Solar
Denmark,2019,3.2686412,Solar
Denmark,2020,4.1287613,Solar
Denmark,2021,3.979344,Solar
Denmark,2022,6.7690563,Solar
Denmark,2023,10.799646,Solar
Denmark,2024,10.781517,Solar
Denmark,2025,13.363363,Solar
Djibouti,2000,0.0,Solar
Djibouti,2001,0.0,Solar
Djibouti,2002,0.0,Solar
Djibouti,2003,0.0,Solar
Djibouti,2004,0.0,Solar
Djibouti,2005,0.0,Solar
Djibouti,2006,0.0,Solar
Djibouti,2007,0.0,Solar
Djibouti,2008,0.0,Solar
Djibouti,2009,0.0,Solar
Djibouti,2010,0.0,Solar
Djibouti,2011,0.0,Solar
Djibouti,2012,0.0,Solar
Djibouti,2013,0.0,Solar
Djibouti,2014,0.0,Solar
Djibouti,2015,0.0,Solar
Djibouti,2016,0.0,Solar
Djibouti,2017,0.0,Solar
Djibouti,2018,0.0,Solar
Djibouti,2019,0.0,Solar
Djibouti,2020,0.0,Solar
Djibouti,2021,0.0,Solar
Djibouti,2022,0.0,Solar
Djibouti,2023,0.0,Solar
Djibouti,2024,0.0,Solar
Dominica,2000,0.0,Solar
Dominica,2001,0.0,Solar
Dominica,2002,0.0,Solar
Dominica,2003,0.0,Solar
Dominica,2004,0.0,Solar
Dominica,2005,0.0,Solar
Dominica,2006,0.0,Solar
Dominica,2007,0.0,Solar
Dominica,2008,0.0,Solar
Dominica,2009,0.0,Solar
Dominica,2010,0.0,Solar
Dominica,2011,0.0,Solar
Dominica,2012,0.0,Solar
Dominica,2013,0.0,Solar
Dominica,2014,0.0,Solar
Dominica,2015,0.0,Solar
Dominica,2016,0.0,Solar
Dominica,2017,0.0,Solar
Dominica,2018,0.0,Solar
Dominica,2019,0.0,Solar
Dominica,2020,0.0,Solar
Dominica,2021,0.0,Solar
Dominica,2022,0.0,Solar
Dominica,2023,0.0,Solar
Dominican Republic,2000,0.0,Solar
Dominican Republic,2001,0.0,Solar
Dominican Republic,2002,0.0,Solar
Dominican Republic,2003,0.0,Solar
Dominican Republic,2004,0.0,Solar
Dominican Republic,2005,0.0,Solar
Dominican Republic,2006,0.0,Solar
Dominican Republic,2007,0.0,Solar
Dominican Republic,2008,0.0,Solar
Dominican Republic,2009,0.0,Solar
Dominican Republic,2010,0.0,Solar
Dominican Republic,2011,0.0,Solar
Dominican Republic,2012,0.0,Solar
Dominican Republic,2013,0.05643341,Solar
Dominican Republic,2014,0.11574073,Solar
Dominican Republic,2015,0.16666666,Solar
Dominican Republic,2016,0.42598507,Solar
Dominican Republic,2017,0.7291666,Solar
Dominican Republic,2018,1.1734694,Solar
Dominican Republic,2019,1.7387217,Solar
Dominican Republic,2020,3.078502,Solar
Dominican Republic,2021,3.9664023,Solar
Dominican Republic,2022,5.593144,Solar
Dominican Republic,2023,5.5374594,Solar
Dominican Republic,2024,6.45027,Solar
Dominican Republic,2025,9.920635,Solar
East Timor,2003,0.0,Solar
East Timor,2004,0.0,Solar
East Timor,2005,0.0,Solar
East Timor,2006,0.0,Solar
East Timor,2007,0.0,Solar
East Timor,2008,0.0,Solar
East Timor,2009,0.0,Solar
East Timor,2010,0.0,Solar
East Timor,2011,0.0,Solar
East Timor,2012,0.0,Solar
East Timor,2013,0.0,Solar
East Timor,2014,0.0,Solar
East Timor,2015,0.0,Solar
East Timor,2016,0.0,Solar
East Timor,2017,0.0,Solar
East Timor,2018,0.0,Solar
East Timor,2019,0.0,Solar
East Timor,2020,0.0,Solar
East Timor,2021,0.0,Solar
East Timor,2022,0.0,Solar
East Timor,2023,0.0,Solar
East Timor,2024,0.0,Solar
Ecuador,1985,0.0,Solar
Ecuador,1986,0.0,Solar
Ecuador,1987,0.0,Solar
Ecuador,1988,0.0,Solar
Ecuador,1989,0.0,Solar
Ecuador,1990,0.0,Solar
Ecuador,1991,0.0,Solar
Ecuador,1992,0.0,Solar
Ecuador,1993,0.0,Solar
Ecuador,1994,0.0,Solar
Ecuador,1995,0.0,Solar
Ecuador,1996,0.0,Solar
Ecuador,1997,0.0,Solar
Ecuador,1998,0.0,Solar
Ecuador,1999,0.0,Solar
Ecuador,2000,0.0,Solar
Ecuador,2001,0.0,Solar
Ecuador,2002,0.0,Solar
Ecuador,2003,0.0,Solar
Ecuador,2004,0.0,Solar
Ecuador,2005,0.0,Solar
Ecuador,2006,0.0,Solar
Ecuador,2007,0.0,Solar
Ecuador,2008,0.0,Solar
Ecuador,2009,0.0,Solar
Ecuador,2010,0.0,Solar
Ecuador,2011,0.0,Solar
Ecuador,2012,0.0,Solar
Ecuador,2013,0.0,Solar
Ecuador,2014,0.08267879,Solar
Ecuador,2015,0.1548587,Solar
Ecuador,2016,0.1472754,Solar
Ecuador,2017,0.14372979,Solar
Ecuador,2018,0.13684571,Solar
Ecuador,2019,0.123266555,Solar
Ecuador,2020,0.12783636,Solar
Ecuador,2021,0.124533005,Solar
Ecuador,2022,0.120992124,Solar
Ecuador,2023,0.11166946,Solar
Ecuador,2024,0.12247397,Solar
Ecuador,2025,0.10928962,Solar
Egypt,1985,0.0,Solar
Egypt,1986,0.0,Solar
Egypt,1987,0.0,Solar
Egypt,1988,0.0,Solar
Egypt,1989,0.0,Solar
Egypt,1990,0.0,Solar
Egypt,1991,0.0,Solar
Egypt,1992,0.0,Solar
Egypt,1993,0.0,Solar
Egypt,1994,0.0,Solar
Egypt,1995,0.0,Solar
Egypt,1996,0.0,Solar
Egypt,1997,0.0,Solar
Egypt,1998,0.0,Solar
Egypt,1999,0.0,Solar
Egypt,2000,0.0,Solar
Egypt,2001,0.0,Solar
Egypt,2002,0.0,Solar
Egypt,2003,0.0,Solar
Egypt,2004,0.0,Solar
Egypt,2005,0.0,Solar
Egypt,2006,0.0,Solar
Egypt,2007,0.0,Solar
Egypt,2008,0.0,Solar
Egypt,2009,0.0,Solar
Egypt,2010,0.020771308,Solar
Egypt,2011,0.16047071,Solar
Egypt,2012,0.30704987,Solar
Egypt,2013,0.018173007,Solar
Egypt,2014,0.0817566,Solar
Egypt,2015,0.02199857,Solar
Egypt,2016,0.12221691,Solar
Egypt,2017,0.31054294,Solar
Egypt,2018,0.27584133,Solar
Egypt,2019,0.7428828,Solar
Egypt,2020,2.2406847,Solar
Egypt,2021,2.3705044,Solar
Egypt,2022,2.3071244,Solar
Egypt,2023,2.2215211,Solar
Egypt,2024,2.556974,Solar
Egypt,2025,3.097147,Solar
El Salvador,2000,0.0,Solar
El Salvador,2001,0.0,Solar
El Salvador,2002,0.0,Solar
El Salvador,2003,0.0,Solar
El Salvador,2004,0.0,Solar
El Salvador,2005,0.0,Solar
El Salvador,2006,0.0,Solar
El Salvador,2007,0.0,Solar
El Salvador,2008,0.0,Solar
El Salvador,2009,0.0,Solar
El Salvador,2010,0.0,Solar
El Salvador,2011,0.0,Solar
El Salvador,2012,0.0,Solar
El Salvador,2013,0.0,Solar
El Salvador,2014,0.0,Solar
El Salvador,2015,0.16474463,Solar
El Salvador,2016,0.32467532,Solar
El Salvador,2017,2.8828828,Solar
El Salvador,2018,5.6985292,Solar
El Salvador,2019,9.400324,Solar
El Salvador,2020,15.396579,Solar
El Salvador,2021,23.83639,Solar
El Salvador,2022,18.702866,Solar
El Salvador,2023,20.06689,Solar
El Salvador,2024,19.14242,Solar
El Salvador,2025,20.278637,Solar
Equatorial Guinea,2000,0.0,Solar
Equatorial Guinea,2001,0.0,Solar
Equatorial Guinea,2002,0.0,Solar
Equatorial Guinea,2003,0.0,Solar
Equatorial Guinea,2004,0.0,Solar
Equatorial Guinea,2005,0.0,Solar
Equatorial Guinea,2006,0.0,Solar
Equatorial Guinea,2007,0.0,Solar
Equatorial Guinea,2008,0.0,Solar
Equatorial Guinea,2009,0.0,Solar
Equatorial Guinea,2010,0.0,Solar
Equatorial Guinea,2011,0.0,Solar
Equatorial Guinea,2012,0.0,Solar
Equatorial Guinea,2013,0.0,Solar
Equatorial Guinea,2014,0.0,Solar
Equatorial Guinea,2015,0.0,Solar
Equatorial Guinea,2016,0.0,Solar
Equatorial Guinea,2017,0.0,Solar
Equatorial Guinea,2018,0.0,Solar
Equatorial Guinea,2019,0.0,Solar
Equatorial Guinea,2020,0.0,Solar
Equatorial Guinea,2021,0.0,Solar
Equatorial Guinea,2022,0.0,Solar
Equatorial Guinea,2023,0.0,Solar
Equatorial Guinea,2024,0.0,Solar
Eritrea,2000,0.0,Solar
Eritrea,2001,0.0,Solar
Eritrea,2002,0.0,Solar
Eritrea,2003,0.0,Solar
Eritrea,2004,0.0,Solar
Eritrea,2005,0.0,Solar
Eritrea,2006,0.0,Solar
Eritrea,2007,0.0,Solar
Eritrea,2008,0.0,Solar
Eritrea,2009,0.0,Solar
Eritrea,2010,0.0,Solar
Eritrea,2011,0.0,Solar
Eritrea,2012,0.0,Solar
Eritrea,2013,0.0,Solar
Eritrea,2014,0.0,Solar
Eritrea,2015,0.0,Solar
Eritrea,2016,0.0,Solar
Eritrea,2017,2.9411764,Solar
Eritrea,2018,12.820514,Solar
Eritrea,2019,12.5,Solar
Eritrea,2020,12.195122,Solar
Eritrea,2021,11.904762,Solar
Eritrea,2022,11.363637,Solar
Eritrea,2023,10.204082,Solar
Eritrea,2024,11.111112,Solar
Estonia,1985,0.0,Solar
Estonia,1986,0.0,Solar
Estonia,1987,0.0,Solar
Estonia,1988,0.0,Solar
Estonia,1989,0.0,Solar
Estonia,1990,0.0,Solar
Estonia,1991,0.0,Solar
Estonia,1992,0.0,Solar
Estonia,1993,0.0,Solar
Estonia,1994,0.0,Solar
Estonia,1995,0.0,Solar
Estonia,1996,0.0,Solar
Estonia,1997,0.0,Solar
Estonia,1998,0.0,Solar
Estonia,1999,0.0,Solar
Estonia,2000,0.0,Solar
Estonia,2001,0.0,Solar
Estonia,2002,0.0,Solar
Estonia,2003,0.0,Solar
Estonia,2004,0.0,Solar
Estonia,2005,0.0,Solar
Estonia,2006,0.0,Solar
Estonia,2007,0.0,Solar
Estonia,2008,0.0,Solar
Estonia,2009,0.0,Solar
Estonia,2010,0.0,Solar
Estonia,2011,0.0,Solar
Estonia,2012,0.0,Solar
Estonia,2013,0.0,Solar
Estonia,2014,0.0,Solar
Estonia,2015,0.0,Solar
Estonia,2016,0.082169265,Solar
Estonia,2017,0.07598784,Solar
Estonia,2018,0.24252222,Solar
Estonia,2019,0.9198423,Solar
Estonia,2020,4.111842,Solar
Estonia,2021,4.8678718,Solar
Estonia,2022,6.71141,Solar
Estonia,2023,12.543555,Solar
Estonia,2024,17.092651,Solar
Estonia,2025,18.49427,Solar
Eswatini,2000,0.0,Solar
Eswatini,2001,0.0,Solar
Eswatini,2002,0.0,Solar
Eswatini,2003,0.0,Solar
Eswatini,2004,0.0,Solar
Eswatini,2005,0.0,Solar
Eswatini,2006,0.0,Solar
Eswatini,2007,0.0,Solar
Eswatini,2008,0.0,Solar
Eswatini,2009,0.0,Solar
Eswatini,2010,0.0,Solar
Eswatini,2011,0.0,Solar
Eswatini,2012,0.0,Solar
Eswatini,2013,0.0,Solar
Eswatini,2014,0.0,Solar
Eswatini,2015,0.0,Solar
Eswatini,2016,0.0,Solar
Eswatini,2017,0.0,Solar
Eswatini,2018,0.0,Solar
Eswatini,2019,0.0,Solar
Eswatini,2020,0.0,Solar
Eswatini,2021,5.882353,Solar
Eswatini,2022,5.454545,Solar
Eswatini,2023,4.545454,Solar
Eswatini,2024,4.9180326,Solar
Ethiopia,2000,0.0,Solar
Ethiopia,2001,0.0,Solar
Ethiopia,2002,0.0,Solar
Ethiopia,2003,0.0,Solar
Ethiopia,2004,0.0,Solar
Ethiopia,2005,0.0,Solar
Ethiopia,2006,0.0,Solar
Ethiopia,2007,0.0,Solar
Ethiopia,2008,0.0,Solar
Ethiopia,2009,0.0,Solar
Ethiopia,2010,0.0,Solar
Ethiopia,2011,0.0,Solar
Ethiopia,2012,0.0,Solar
Ethiopia,2013,0.11534025,Solar
Ethiopia,2014,0.21119323,Solar
Ethiopia,2015,0.19249277,Solar
Ethiopia,2016,0.16038492,Solar
Ethiopia,2017,0.15243903,Solar
Ethiopia,2018,0.14054814,Solar
Ethiopia,2019,0.13063356,Solar
Ethiopia,2020,0.19206145,Solar
Ethiopia,2021,0.19011407,Solar
Ethiopia,2022,0.22975302,Solar
Ethiopia,2023,0.22509848,Solar
Ethiopia,2024,0.15873015,Solar
Ethiopia,2025,0.119868144,Solar
Falkland Islands,2000,0.0,Solar
Falkland Islands,2001,0.0,Solar
Falkland Islands,2002,0.0,Solar
Falkland Islands,2003,0.0,Solar
Falkland Islands,2004,0.0,Solar
Falkland Islands,2005,0.0,Solar
Falkland Islands,2006,0.0,Solar
Falkland Islands,2007,0.0,Solar
Falkland Islands,2008,0.0,Solar
Falkland Islands,2009,0.0,Solar
Falkland Islands,2010,0.0,Solar
Falkland Islands,2011,0.0,Solar
Falkland Islands,2012,0.0,Solar
Falkland Islands,2013,0.0,Solar
Falkland Islands,2014,0.0,Solar
Falkland Islands,2015,0.0,Solar
Falkland Islands,2016,0.0,Solar
Falkland Islands,2017,0.0,Solar
Falkland Islands,2018,0.0,Solar
Falkland Islands,2019,0.0,Solar
Falkland Islands,2020,0.0,Solar
Falkland Islands,2021,0.0,Solar
Falkland Islands,2022,0.0,Solar
Falkland Islands,2023,0.0,Solar
Faroe Islands,2000,0.0,Solar
Faroe Islands,2001,0.0,Solar
Faroe Islands,2002,0.0,Solar
Faroe Islands,2003,0.0,Solar
Faroe Islands,2004,0.0,Solar
Faroe Islands,2005,0.0,Solar
Faroe Islands,2006,0.0,Solar
Faroe Islands,2007,0.0,Solar
Faroe Islands,2008,0.0,Solar
Faroe Islands,2009,0.0,Solar
Faroe Islands,2010,0.0,Solar
Faroe Islands,2011,0.0,Solar
Faroe Islands,2012,0.0,Solar
Faroe Islands,2013,0.0,Solar
Faroe Islands,2014,0.0,Solar
Faroe Islands,2015,0.0,Solar
Faroe Islands,2016,0.0,Solar
Faroe Islands,2017,0.0,Solar
Faroe Islands,2018,0.0,Solar
Faroe Islands,2019,0.0,Solar
Faroe Islands,2020,0.0,Solar
Faroe Islands,2021,0.0,Solar
Faroe Islands,2022,0.0,Solar
Faroe Islands,2023,0.0,Solar
Fiji,2000,0.0,Solar
Fiji,2001,0.0,Solar
Fiji,2002,0.0,Solar
Fiji,2003,0.0,Solar
Fiji,2004,0.0,Solar
Fiji,2005,0.0,Solar
Fiji,2006,0.0,Solar
Fiji,2007,0.0,Solar
Fiji,2008,0.0,Solar
Fiji,2009,0.0,Solar
Fiji,2010,0.0,Solar
Fiji,2011,0.0,Solar
Fiji,2012,0.0,Solar
Fiji,2013,0.0,Solar
Fiji,2014,0.0,Solar
Fiji,2015,0.0,Solar
Fiji,2016,1.0526316,Solar
Fiji,2017,0.98039216,Solar
Fiji,2018,0.9090909,Solar
Fiji,2019,0.877193,Solar
Fiji,2020,0.92592585,Solar
Fiji,2021,0.9433963,Solar
Fiji,2022,0.9345794,Solar
Fiji,2023,0.8695652,Solar
Fiji,2024,0.8695652,Solar
Finland,1985,0.0,Solar
Finland,1986,0.0,Solar
Finland,1987,0.0,Solar
Finland,1988,0.0,Solar
Finland,1989,0.0,Solar
Finland,1990,0.0,Solar
Finland,1991,0.0,Solar
Finland,1992,0.0,Solar
Finland,1993,0.0,Solar
Finland,1994,0.0,Solar
Finland,1995,0.0,Solar
Finland,1996,0.0,Solar
Finland,1997,0.0,Solar
Finland,1998,0.0,Solar
Finland,1999,0.0,Solar
Finland,2000,0.0,Solar
Finland,2001,0.0,Solar
Finland,2002,0.0,Solar
Finland,2003,0.0,Solar
Finland,2004,0.0,Solar
Finland,2005,0.0,Solar
Finland,2006,0.0,Solar
Finland,2007,0.0,Solar
Finland,2008,0.0,Solar
Finland,2009,0.0,Solar
Finland,2010,0.0,Solar
Finland,2011,0.013605442,Solar
Finland,2012,0.014202527,Solar
Finland,2013,0.014033117,Solar
Finland,2014,0.014684288,Solar
Finland,2015,0.014575134,Solar
Finland,2016,0.02909091,Solar
Finland,2017,0.07405214,Solar
Finland,2018,0.12815036,Solar
Finland,2019,0.21862704,Solar
Finland,2020,0.31773543,Solar
Finland,2021,0.41603106,Solar
Finland,2022,0.54039073,Solar
Finland,2023,0.8832189,Solar
Finland,2024,1.1387038,Solar
Finland,2025,1.1907655,Solar
France,1985,0.0,Solar
France,1986,0.0,Solar
France,1987,0.0,Solar
France,1988,0.0,Solar
France,1989,0.0,Solar
France,1990,0.0,Solar
France,1991,0.0,Solar
France,1992,0.0,Solar
France,1993,0.0,Solar
France,1994,0.0,Solar
France,1995,0.0,Solar
France,1996,0.0,Solar
France,1997,0.0,Solar
France,1998,0.0,Solar
France,1999,0.0,Solar
France,2000,0.0018777227,Solar
France,2001,0.0018429783,Solar
France,2002,0.0018140918,Solar
France,2003,0.0017884928,Solar
France,2004,0.0017658485,Solar
France,2005,0.0017570369,Solar
France,2006,0.0017627358,Solar
France,2007,0.003559732,Solar
France,2008,0.0070549226,Solar
France,2009,0.032144006,Solar
France,2010,0.11024967,Solar
France,2011,0.41046417,Solar
France,2012,0.7805067,Solar
France,2013,0.89987,Solar
France,2014,1.1283573,Solar
France,2015,1.3498449,Solar
France,2016,1.5496384,Solar
France,2017,1.5960702,Solar
France,2018,1.9349576,Solar
France,2019,2.1254776,Solar
France,2020,2.4826932,Solar
France,2021,2.7766168,Solar
France,2022,4.128509,Solar
France,2023,4.3546987,Solar
France,2024,4.427,Solar
France,2025,5.582652,Solar
French Guiana,2000,0.0,Solar
French Guiana,2001,0.0,Solar
French Guiana,2002,0.0,Solar
French Guiana,2003,0.0,Solar
French Guiana,2004,0.0,Solar
French Guiana,2005,0.0,Solar
French Guiana,2006,0.0,Solar
French Guiana,2007,0.0,Solar
French Guiana,2008,0.0,Solar
French Guiana,2009,0.0,Solar
French Guiana,2010,0.0,Solar
French Guiana,2011,4.8192773,Solar
French Guiana,2012,5.6179776,Solar
French Guiana,2013,4.494382,Solar
French Guiana,2014,5.4347825,Solar
French Guiana,2015,5.376344,Solar
French Guiana,2016,5.4945054,Solar
French Guiana,2017,5.4347825,Solar
French Guiana,2018,5.376344,Solar
French Guiana,2019,5.263158,Solar
French Guiana,2020,6.315789,Solar
French Guiana,2021,6.185567,Solar
French Guiana,2022,5.263158,Solar
French Guiana,2023,6.122449,Solar
French Polynesia,2000,0.0,Solar
French Polynesia,2001,0.0,Solar
French Polynesia,2002,0.0,Solar
French Polynesia,2003,0.0,Solar
French Polynesia,2004,0.0,Solar
French Polynesia,2005,0.0,Solar
French Polynesia,2006,0.0,Solar
French Polynesia,2007,0.0,Solar
French Polynesia,2008,0.0,Solar
French Polynesia,2009,0.0,Solar
French Polynesia,2010,0.0,Solar
French Polynesia,2011,1.3513513,Solar
French Polynesia,2012,1.3888888,Solar
French Polynesia,2013,2.9411764,Solar
French Polynesia,2014,4.4117646,Solar
French Polynesia,2015,4.4117646,Solar
French Polynesia,2016,4.4117646,Solar
French Polynesia,2017,5.7971015,Solar
French Polynesia,2018,5.882353,Solar
French Polynesia,2019,5.7971015,Solar
French Polynesia,2020,6.0606055,Solar
French Polynesia,2021,7.5757575,Solar
French Polynesia,2022,7.042254,Solar
French Polynesia,2023,7.042254,Solar
French Polynesia,2024,8.333333,Solar
Gabon,2000,0.0,Solar
Gabon,2001,0.0,Solar
Gabon,2002,0.0,Solar
Gabon,2003,0.0,Solar
Gabon,2004,0.0,Solar
Gabon,2005,0.0,Solar
Gabon,2006,0.0,Solar
Gabon,2007,0.0,Solar
Gabon,2008,0.0,Solar
Gabon,2009,0.0,Solar
Gabon,2010,0.0,Solar
Gabon,2011,0.0,Solar
Gabon,2012,0.0,Solar
Gabon,2013,0.0,Solar
Gabon,2014,0.0,Solar
Gabon,2015,0.0,Solar
Gabon,2016,0.0,Solar
Gabon,2017,0.0,Solar
Gabon,2018,0.0,Solar
Gabon,2019,0.0,Solar
Gabon,2020,0.0,Solar
Gabon,2021,0.0,Solar
Gabon,2022,0.0,Solar
Gabon,2023,0.0,Solar
Gabon,2024,0.0,Solar
Gambia,2000,0.0,Solar
Gambia,2001,0.0,Solar
Gambia,2002,0.0,Solar
Gambia,2003,0.0,Solar
Gambia,2004,0.0,Solar
Gambia,2005,0.0,Solar
Gambia,2006,0.0,Solar
Gambia,2007,0.0,Solar
Gambia,2008,0.0,Solar
Gambia,2009,0.0,Solar
Gambia,2010,0.0,Solar
Gambia,2011,0.0,Solar
Gambia,2012,0.0,Solar
Gambia,2013,0.0,Solar
Gambia,2014,0.0,Solar
Gambia,2015,0.0,Solar
Gambia,2016,0.0,Solar
Gambia,2017,0.0,Solar
Gambia,2018,0.0,Solar
Gambia,2019,0.0,Solar
Gambia,2020,0.0,Solar
Gambia,2021,0.0,Solar
Gambia,2022,0.0,Solar
Gambia,2023,0.0,Solar
Gambia,2024,0.0,Solar
Georgia,2000,0.0,Solar
Georgia,2001,0.0,Solar
Georgia,2002,0.0,Solar
Georgia,2003,0.0,Solar
Georgia,2004,0.0,Solar
Georgia,2005,0.0,Solar
Georgia,2006,0.0,Solar
Georgia,2007,0.0,Solar
Georgia,2008,0.0,Solar
Georgia,2009,0.0,Solar
Georgia,2010,0.0,Solar
Georgia,2011,0.0,Solar
Georgia,2012,0.0,Solar
Georgia,2013,0.0,Solar
Georgia,2014,0.0,Solar
Georgia,2015,0.0,Solar
Georgia,2016,0.0,Solar
Georgia,2017,0.0,Solar
Georgia,2018,0.0,Solar
Georgia,2019,0.0,Solar
Georgia,2020,0.0,Solar
Georgia,2021,0.0,Solar
Georgia,2022,0.0,Solar
Georgia,2023,0.2079002,Solar
Georgia,2024,0.21536252,Solar
Georgia,2025,0.22222222,Solar
Germany,1985,0.0,Solar
Germany,1986,0.0,Solar
Germany,1987,0.0,Solar
Germany,1988,0.0,Solar
Germany,1989,0.0,Solar
Germany,1990,0.0,Solar
Germany,1991,0.0,Solar
Germany,1992,0.0,Solar
Germany,1993,0.0,Solar
Germany,1994,0.0,Solar
Germany,1995,0.0,Solar
Germany,1996,0.001824052,Solar
Germany,1997,0.0018302615,Solar
Germany,1998,0.0018206313,Solar
Germany,1999,0.0036411963,Solar
Germany,2000,0.0,Solar
Germany,2001,0.017272947,Solar
Germany,2002,0.034260657,Solar
Germany,2003,0.05149245,Solar
Germany,2004,0.09186352,Solar
Germany,2005,0.21358462,Solar
Germany,2006,0.3602031,Solar
Germany,2007,0.49754402,Solar
Germany,2008,0.7132804,Solar
Germany,2009,1.1429348,Solar
Germany,2010,1.9160218,Solar
Germany,2011,3.3041322,Solar
Germany,2012,4.314225,Solar
Germany,2013,4.8627105,Solar
Germany,2014,5.729293,Solar
Germany,2015,5.957727,Solar
Germany,2016,5.8548446,Solar
Germany,2017,6.014337,Solar
Germany,2018,7.0095525,Solar
Germany,2019,7.5355363,Solar
Germany,2020,8.73401,Solar
Germany,2021,8.524092,Solar
Germany,2022,10.637172,Solar
Germany,2023,12.604594,Solar
Germany,2024,14.945866,Solar
Germany,2025,17.907167,Solar
Ghana,2000,0.0,Solar
Ghana,2001,0.0,Solar
Ghana,2002,0.0,Solar
Ghana,2003,0.0,Solar
Ghana,2004,0.0,Solar
Ghana,2005,0.0,Solar
Ghana,2006,0.0,Solar
Ghana,2007,0.0,Solar
Ghana,2008,0.0,Solar
Ghana,2009,0.0,Solar
Ghana,2010,0.0,Solar
Ghana,2011,0.0,Solar
Ghana,2012,0.0,Solar
Ghana,2013,0.0,Solar
Ghana,2014,0.0,Solar
Ghana,2015,0.0,Solar
Ghana,2016,0.22779043,Solar
Ghana,2017,0.2255639,Solar
Ghana,2018,0.20120724,Solar
Ghana,2019,0.28901735,Solar
Ghana,2020,0.30410543,Solar
Ghana,2021,0.5887681,Solar
Ghana,2022,0.68906116,Solar
Ghana,2023,0.617284,Solar
Ghana,2024,0.7004532,Solar
Gibraltar,2000,0.0,Solar
Gibraltar,2001,0.0,Solar
Gibraltar,2002,0.0,Solar
Gibraltar,2003,0.0,Solar
Gibraltar,2004,0.0,Solar
Gibraltar,2005,0.0,Solar
Gibraltar,2006,0.0,Solar
Gibraltar,2007,0.0,Solar
Gibraltar,2008,0.0,Solar
Gibraltar,2009,0.0,Solar
Gibraltar,2010,0.0,Solar
Gibraltar,2011,0.0,Solar
Gibraltar,2012,0.0,Solar
Gibraltar,2013,0.0,Solar
Gibraltar,2014,0.0,Solar
Gibraltar,2015,0.0,Solar
Gibraltar,2016,0.0,Solar
Gibraltar,2017,0.0,Solar
Gibraltar,2018,0.0,Solar
Gibraltar,2019,0.0,Solar
Gibraltar,2020,0.0,Solar
Gibraltar,2021,0.0,Solar
Gibraltar,2022,0.0,Solar
Gibraltar,2023,0.0,Solar
Gibraltar,2024,0.0,Solar
Greece,1985,0.0,Solar
Greece,1986,0.0,Solar
Greece,1987,0.0,Solar
Greece,1988,0.0,Solar
Greece,1989,0.0,Solar
Greece,1990,0.0,Solar
Greece,1991,0.0,Solar
Greece,1992,0.0,Solar
Greece,1993,0.0,Solar
Greece,1994,0.0,Solar
Greece,1995,0.0,Solar
Greece,1996,0.0,Solar
Greece,1997,0.0,Solar
Greece,1998,0.0,Solar
Greece,1999,0.0,Solar
Greece,2000,0.0,Solar
Greece,2001,0.0,Solar
Greece,2002,0.0,Solar
Greece,2003,0.0,Solar
Greece,2004,0.0,Solar
Greece,2005,0.0,Solar
Greece,2006,0.0,Solar
Greece,2007,0.0,Solar
Greece,2008,0.01608234,Solar
Greece,2009,0.08286377,Solar
Greece,2010,0.28263557,Solar
Greece,2011,1.043627,Solar
Greece,2012,2.820898,Solar
Greece,2013,6.4750757,Solar
Greece,2014,7.638049,Solar
Greece,2015,7.6395693,Solar
Greece,2016,7.2994056,Solar
Greece,2017,7.281022,Solar
Greece,2018,7.2039533,Solar
Greece,2019,9.23879,Solar
Greece,2020,9.366449,Solar
Greece,2021,9.679203,Solar
Greece,2022,13.818463,Solar
Greece,2023,18.168814,Solar
Greece,2024,19.7267,Solar
Greece,2025,22.172644,Solar
Greenland,2000,0.0,Solar
Greenland,2001,0.0,Solar
Greenland,2002,0.0,Solar
Greenland,2003,0.0,Solar
Greenland,2004,0.0,Solar
Greenland,2005,0.0,Solar
Greenland,2006,0.0,Solar
Greenland,2007,0.0,Solar
Greenland,2008,0.0,Solar
Greenland,2009,0.0,Solar
Greenland,2010,0.0,Solar
Greenland,2011,0.0,Solar
Greenland,2012,0.0,Solar
Greenland,2013,0.0,Solar
Greenland,2014,0.0,Solar
Greenland,2015,0.0,Solar
Greenland,2016,0.0,Solar
Greenland,2017,0.0,Solar
Greenland,2018,0.0,Solar
Greenland,2019,0.0,Solar
Greenland,2020,0.0,Solar
Greenland,2021,0.0,Solar
Greenland,2022,0.0,Solar
Greenland,2023,0.0,Solar
Greenland,2024,0.0,Solar
Grenada,2000,0.0,Solar
Grenada,2001,0.0,Solar
Grenada,2002,0.0,Solar
Grenada,2003,0.0,Solar
Grenada,2004,0.0,Solar
Grenada,2005,0.0,Solar
Grenada,2006,0.0,Solar
Grenada,2007,0.0,Solar
Grenada,2008,0.0,Solar
Grenada,2009,0.0,Solar
Grenada,2010,0.0,Solar
Grenada,2011,0.0,Solar
Grenada,2012,0.0,Solar
Grenada,2013,0.0,Solar
Grenada,2014,0.0,Solar
Grenada,2015,0.0,Solar
Grenada,2016,0.0,Solar
Grenada,2017,0.0,Solar
Grenada,2018,0.0,Solar
Grenada,2019,0.0,Solar
Grenada,2020,0.0,Solar
Grenada,2021,0.0,Solar
Grenada,2022,0.0,Solar
Grenada,2023,0.0,Solar
Grenada,2024,0.0,Solar
Guadeloupe,2005,0.0,Solar
Guadeloupe,2006,0.0,Solar
Guadeloupe,2007,0.0,Solar
Guadeloupe,2008,0.0,Solar
Guadeloupe,2009,0.6134969,Solar
Guadeloupe,2010,1.1560693,Solar
Guadeloupe,2011,1.7857143,Solar
Guadeloupe,2012,5.2325583,Solar
Guadeloupe,2013,5.7471266,Solar
Guadeloupe,2014,5.7471266,Solar
Guadeloupe,2015,5.6818185,Solar
Guadeloupe,2016,5.084746,Solar
Guadeloupe,2017,5.1136365,Solar
Guadeloupe,2018,5.8479533,Solar
Guadeloupe,2019,5.8139534,Solar
Guadeloupe,2020,6.470588,Solar
Guadeloupe,2021,6.6265063,Solar
Guadeloupe,2022,6.707317,Solar
Guadeloupe,2023,6.5868263,Solar
Guam,2000,0.0,Solar
Guam,2001,0.0,Solar
Guam,2002,0.0,Solar
Guam,2003,0.0,Solar
Guam,2004,0.0,Solar
Guam,2005,0.0,Solar
Guam,2006,0.0,Solar
Guam,2007,0.0,Solar
Guam,2008,0.0,Solar
Guam,2009,0.0,Solar
Guam,2010,0.0,Solar
Guam,2011,0.0,Solar
Guam,2012,0.0,Solar
Guam,2013,0.0,Solar
Guam,2014,0.0,Solar
Guam,2015,1.7543858,Solar
Guam,2016,4.0229883,Solar
Guam,2017,3.3898304,Solar
Guam,2018,4.0462427,Solar
Guam,2019,4.5714283,Solar
Guam,2020,4.6783624,Solar
Guam,2021,4.597701,Solar
Guam,2022,7.777778,Solar
Guam,2023,7.777778,Solar
Guam,2024,8.60215,Solar
Guatemala,2000,0.0,Solar
Guatemala,2001,0.0,Solar
Guatemala,2002,0.0,Solar
Guatemala,2003,0.0,Solar
Guatemala,2004,0.0,Solar
Guatemala,2005,0.0,Solar
Guatemala,2006,0.0,Solar
Guatemala,2007,0.0,Solar
Guatemala,2008,0.0,Solar
Guatemala,2009,0.0,Solar
Guatemala,2010,0.0,Solar
Guatemala,2011,0.0,Solar
Guatemala,2012,0.0,Solar
Guatemala,2013,0.0,Solar
Guatemala,2014,0.093984954,Solar
Guatemala,2015,1.4324082,Solar
Guatemala,2016,1.6020236,Solar
Guatemala,2017,1.6207455,Solar
Guatemala,2018,1.509434,Solar
Guatemala,2019,1.8110237,Solar
Guatemala,2020,1.7713366,Solar
Guatemala,2021,1.4867486,Solar
Guatemala,2022,1.7062316,Solar
Guatemala,2023,1.6096579,Solar
Guatemala,2024,1.7732742,Solar
Guinea,2000,0.0,Solar
Guinea,2001,0.0,Solar
Guinea,2002,0.0,Solar
Guinea,2003,0.0,Solar
Guinea,2004,0.0,Solar
Guinea,2005,0.0,Solar
Guinea,2006,0.0,Solar
Guinea,2007,0.0,Solar
Guinea,2008,0.0,Solar
Guinea,2009,0.0,Solar
Guinea,2010,0.0,Solar
Guinea,2011,0.0,Solar
Guinea,2012,0.0,Solar
Guinea,2013,0.0,Solar
Guinea,2014,0.0,Solar
Guinea,2015,1.754386,Solar
Guinea,2016,1.242236,Solar
Guinea,2017,1.1299435,Solar
Guinea,2018,1.0309278,Solar
Guinea,2019,0.9756098,Solar
Guinea,2020,0.80645156,Solar
Guinea,2021,0.5494505,Solar
Guinea,2022,0.75,Solar
Guinea,2023,0.75,Solar
Guinea,2024,0.74441683,Solar
Guinea-Bissau,2000,0.0,Solar
Guinea-Bissau,2001,0.0,Solar
Guinea-Bissau,2002,0.0,Solar
Guinea-Bissau,2003,0.0,Solar
Guinea-Bissau,2004,0.0,Solar
Guinea-Bissau,2005,0.0,Solar
Guinea-Bissau,2006,0.0,Solar
Guinea-Bissau,2007,0.0,Solar
Guinea-Bissau,2008,0.0,Solar
Guinea-Bissau,2009,0.0,Solar
Guinea-Bissau,2010,0.0,Solar
Guinea-Bissau,2011,0.0,Solar
Guinea-Bissau,2012,0.0,Solar
Guinea-Bissau,2013,0.0,Solar
Guinea-Bissau,2014,0.0,Solar
Guinea-Bissau,2015,0.0,Solar
Guinea-Bissau,2016,0.0,Solar
Guinea-Bissau,2017,0.0,Solar
Guinea-Bissau,2018,0.0,Solar
Guinea-Bissau,2019,0.0,Solar
Guinea-Bissau,2020,0.0,Solar
Guinea-Bissau,2021,0.0,Solar
Guinea-Bissau,2022,0.0,Solar
Guinea-Bissau,2023,0.0,Solar
Guinea-Bissau,2024,0.0,Solar
Guyana,2000,0.0,Solar
Guyana,2001,0.0,Solar
Guyana,2002,0.0,Solar
Guyana,2003,0.0,Solar
Guyana,2004,0.0,Solar
Guyana,2005,0.0,Solar
Guyana,2006,0.0,Solar
Guyana,2007,0.0,Solar
Guyana,2008,0.0,Solar
Guyana,2009,0.0,Solar
Guyana,2010,0.0,Solar
Guyana,2011,0.0,Solar
Guyana,2012,0.0,Solar
Guyana,2013,0.0,Solar
Guyana,2014,0.0,Solar
Guyana,2015,0.0,Solar
Guyana,2016,0.0,Solar
Guyana,2017,0.89285713,Solar
Guyana,2018,0.877193,Solar
Guyana,2019,1.7391304,Solar
Guyana,2020,0.877193,Solar
Guyana,2021,0.877193,Solar
Guyana,2022,0.78125,Solar
Guyana,2023,1.4492754,Solar
Guyana,2024,1.4492754,Solar
Haiti,2000,0.0,Solar
Haiti,2001,0.0,Solar
Haiti,2002,0.0,Solar
Haiti,2003,0.0,Solar
Haiti,2004,0.0,Solar
Haiti,2005,0.0,Solar
Haiti,2006,0.0,Solar
Haiti,2007,0.0,Solar
Haiti,2008,0.0,Solar
Haiti,2009,0.0,Solar
Haiti,2010,0.0,Solar
Haiti,2011,0.0,Solar
Haiti,2012,0.0,Solar
Haiti,2013,0.0,Solar
Haiti,2014,0.0,Solar
Haiti,2015,0.0,Solar
Haiti,2016,0.0,Solar
Haiti,2017,0.0,Solar
Haiti,2018,0.0,Solar
Haiti,2019,0.0,Solar
Haiti,2020,0.0,Solar
Haiti,2021,0.0,Solar
Haiti,2022,0.0,Solar
Haiti,2023,0.0,Solar
Haiti,2024,0.0,Solar
Honduras,2000,0.0,Solar
Honduras,2001,0.0,Solar
Honduras,2002,0.0,Solar
Honduras,2003,0.0,Solar
Honduras,2004,0.0,Solar
Honduras,2005,0.0,Solar
Honduras,2006,0.0,Solar
Honduras,2007,0.0,Solar
Honduras,2008,0.0,Solar
Honduras,2009,0.0,Solar
Honduras,2010,0.0,Solar
Honduras,2011,0.0,Solar
Honduras,2012,0.0,Solar
Honduras,2013,0.0,Solar
Honduras,2014,0.12048192,Solar
Honduras,2015,4.883463,Solar
Honduras,2016,9.569892,Solar
Honduras,2017,9.914712,Solar
Honduras,2018,10.298661,Solar
Honduras,2019,10.506567,Solar
Honduras,2020,10.946745,Solar
Honduras,2021,10.251799,Solar
Honduras,2022,9.17917,Solar
Honduras,2023,8.326661,Solar
Honduras,2024,9.455128,Solar
Hong Kong,1985,0.0,Solar
Hong Kong,1986,0.0,Solar
Hong Kong,1987,0.0,Solar
Hong Kong,1988,0.0,Solar
Hong Kong,1989,0.0,Solar
Hong Kong,1990,0.0,Solar
Hong Kong,1991,0.0,Solar
Hong Kong,1992,0.0,Solar
Hong Kong,1993,0.0,Solar
Hong Kong,1994,0.0,Solar
Hong Kong,1995,0.0,Solar
Hong Kong,1996,0.0,Solar
Hong Kong,1997,0.0,Solar
Hong Kong,1998,0.0,Solar
Hong Kong,1999,0.0,Solar
Hong Kong,2000,0.0,Solar
Hong Kong,2001,0.0,Solar
Hong Kong,2002,0.0,Solar
Hong Kong,2003,0.0,Solar
Hong Kong,2004,0.0,Solar
Hong Kong,2005,0.0,Solar
Hong Kong,2006,0.0,Solar
Hong Kong,2007,0.0,Solar
Hong Kong,2008,0.0,Solar
Hong Kong,2009,0.0,Solar
Hong Kong,2010,0.0,Solar
Hong Kong,2011,0.0,Solar
Hong Kong,2012,0.0,Solar
Hong Kong,2013,0.0,Solar
Hong Kong,2014,0.0,Solar
Hong Kong,2015,0.0,Solar
Hong Kong,2016,0.0,Solar
Hong Kong,2017,0.027070927,Solar
Hong Kong,2018,0.027344817,Solar
Hong Kong,2019,0.054141853,Solar
Hong Kong,2020,0.14556041,Solar
Hong Kong,2021,0.33130866,Solar
Hong Kong,2022,0.498615,Solar
Hong Kong,2023,0.5298013,Solar
Hong Kong,2024,0.6143163,Solar
Hungary,1985,0.0,Solar
Hungary,1986,0.0,Solar
Hungary,1987,0.0,Solar
Hungary,1988,0.0,Solar
Hungary,1989,0.0,Solar
Hungary,1990,0.0,Solar
Hungary,1991,0.0,Solar
Hungary,1992,0.0,Solar
Hungary,1993,0.0,Solar
Hungary,1994,0.0,Solar
Hungary,1995,0.0,Solar
Hungary,1996,0.0,Solar
Hungary,1997,0.0,Solar
Hungary,1998,0.0,Solar
Hungary,1999,0.0,Solar
Hungary,2000,0.0,Solar
Hungary,2001,0.0,Solar
Hungary,2002,0.0,Solar
Hungary,2003,0.0,Solar
Hungary,2004,0.0,Solar
Hungary,2005,0.0,Solar
Hungary,2006,0.0,Solar
Hungary,2007,0.0,Solar
Hungary,2008,0.0,Solar
Hungary,2009,0.0,Solar
Hungary,2010,0.0,Solar
Hungary,2011,0.0,Solar
Hungary,2012,0.028885039,Solar
Hungary,2013,0.06607202,Solar
Hungary,2014,0.23817626,Solar
Hungary,2015,0.4615892,Solar
Hungary,2016,0.7528231,Solar
Hungary,2017,1.0631835,Solar
Hungary,2018,1.9656787,Solar
Hungary,2019,4.3757296,Solar
Hungary,2020,7.044674,Solar
Hungary,2021,10.526316,Solar
Hungary,2022,13.219676,Solar
Hungary,2023,19.499155,Solar
Hungary,2024,24.210526,Solar
Hungary,2025,27.28628,Solar
Iceland,1985,0.0,Solar
Iceland,1986,0.0,Solar
Iceland,1987,0.0,Solar
Iceland,1988,0.0,Solar
Iceland,1989,0.0,Solar
Iceland,1990,0.0,Solar
Iceland,1991,0.0,Solar
Iceland,1992,0.0,Solar
Iceland,1993,0.0,Solar
Iceland,1994,0.0,Solar
Iceland,1995,0.0,Solar
Iceland,1996,0.0,Solar
Iceland,1997,0.0,Solar
Iceland,1998,0.0,Solar
Iceland,1999,0.0,Solar
Iceland,2000,0.0,Solar
Iceland,2001,0.0,Solar
Iceland,2002,0.0,Solar
Iceland,2003,0.0,Solar
Iceland,2004,0.0,Solar
Iceland,2005,0.0,Solar
Iceland,2006,0.0,Solar
Iceland,2007,0.0,Solar
Iceland,2008,0.0,Solar
Iceland,2009,0.0,Solar
Iceland,2010,0.0,Solar
Iceland,2011,0.0,Solar
Iceland,2012,0.0,Solar
Iceland,2013,0.0,Solar
Iceland,2014,0.0,Solar
Iceland,2015,0.0,Solar
Iceland,2016,0.0,Solar
Iceland,2017,0.0,Solar
Iceland,2018,0.0,Solar
Iceland,2019,0.0,Solar
Iceland,2020,0.0,Solar
Iceland,2021,0.0,Solar
Iceland,2022,0.0,Solar
Iceland,2023,0.0,Solar
Iceland,2024,0.052493438,Solar
India,1985,0.0,Solar
India,1986,0.0,Solar
India,1987,0.0,Solar
India,1988,0.0,Solar
India,1989,0.0,Solar
India,1990,0.0,Solar
India,1991,0.0,Solar
India,1992,0.0,Solar
India,1993,0.0,Solar
India,1994,0.0,Solar
India,1995,0.00023647523,Solar
India,1996,0.0013674485,Solar
India,1997,0.0012918172,Solar
India,1998,0.0011999336,Solar
India,1999,0.0011072381,Solar
India,2000,0.0017501181,Solar
India,2001,0.0017062224,Solar
India,2002,0.0016403123,Solar
India,2003,0.0031341575,Solar
India,2004,0.0028640165,Solar
India,2005,0.002838812,Solar
India,2006,0.0013433096,Solar
India,2007,0.007535227,Solar
India,2008,0.0072427904,Solar
India,2009,0.0091050835,Solar
India,2010,0.011747242,Solar
India,2011,0.08040143,Solar
India,2012,0.1929402,Solar
India,2013,0.30055293,Solar
India,2014,0.39009118,Solar
India,2015,0.5409901,Solar
India,2016,0.8745958,Solar
India,2017,1.5290039,Solar
India,2018,2.382846,Solar
India,2019,2.3391924,Solar
India,2020,3.3842256,Solar
India,2021,3.9071434,Solar
India,2022,5.3152757,Solar
India,2023,6.016911,Solar
India,2024,7.02522,Solar
India,2025,9.415354,Solar
Indonesia,1985,0.0,Solar
Indonesia,1986,0.0,Solar
Indonesia,1987,0.0,Solar
Indonesia,1988,0.0,Solar
Indonesia,1989,0.0,Solar
Indonesia,1990,0.0,Solar
Indonesia,1991,0.0,Solar
Indonesia,1992,0.0,Solar
Indonesia,1993,0.0,Solar
Indonesia,1994,0.0,Solar
Indonesia,1995,0.0,Solar
Indonesia,1996,0.0,Solar
Indonesia,1997,0.0,Solar
Indonesia,1998,0.0,Solar
Indonesia,1999,0.0,Solar
Indonesia,2000,0.0,Solar
Indonesia,2001,0.0,Solar
Indonesia,2002,0.0,Solar
Indonesia,2003,0.0,Solar
Indonesia,2004,0.0,Solar
Indonesia,2005,0.0,Solar
Indonesia,2006,0.0,Solar
Indonesia,2007,0.0,Solar
Indonesia,2008,0.0,Solar
Indonesia,2009,0.0,Solar
Indonesia,2010,0.0,Solar
Indonesia,2011,0.0,Solar
Indonesia,2012,0.0,Solar
Indonesia,2013,0.0044408916,Solar
Indonesia,2014,0.0042098174,Solar
Indonesia,2015,0.00411049,Solar
Indonesia,2016,0.0077654826,Solar
Indonesia,2017,0.011285408,Solar
Indonesia,2018,0.03171359,Solar
Indonesia,2019,0.040617384,Solar
Indonesia,2020,0.058255088,Solar
Indonesia,2021,0.06141712,Solar
Indonesia,2022,0.1319182,Solar
Indonesia,2023,0.20250997,Solar
Indonesia,2024,0.36335254,Solar
Iran,1985,0.0,Solar
Iran,1986,0.0,Solar
Iran,1987,0.0,Solar
Iran,1988,0.0,Solar
Iran,1989,0.0,Solar
Iran,1990,0.0,Solar
Iran,1991,0.0,Solar
Iran,1992,0.0,Solar
Iran,1993,0.0,Solar
Iran,1994,0.0,Solar
Iran,1995,0.0,Solar
Iran,1996,0.0,Solar
Iran,1997,0.0,Solar
Iran,1998,0.0,Solar
Iran,1999,0.0,Solar
Iran,2000,0.0,Solar
Iran,2001,0.0,Solar
Iran,2002,0.0,Solar
Iran,2003,0.0,Solar
Iran,2004,0.0,Solar
Iran,2005,0.0,Solar
Iran,2006,0.0,Solar
Iran,2007,0.0,Solar
Iran,2008,0.0,Solar
Iran,2009,0.0,Solar
Iran,2010,0.0,Solar
Iran,2011,0.0,Solar
Iran,2012,0.0,Solar
Iran,2013,0.0,Solar
Iran,2014,0.0,Solar
Iran,2015,0.0,Solar
Iran,2016,0.0,Solar
Iran,2017,0.029491758,Solar
Iran,2018,0.0704338,Solar
Iran,2019,0.15993476,Solar
Iran,2020,0.17199965,Solar
Iran,2021,0.17395696,Solar
Iran,2022,0.16890971,Solar
Iran,2023,0.17800117,Solar
Iran,2024,0.2273933,Solar
Iran,2025,0.22739905,Solar
Iraq,1985,0.0,Solar
Iraq,1986,0.0,Solar
Iraq,1987,0.0,Solar
Iraq,1988,0.0,Solar
Iraq,1989,0.0,Solar
Iraq,1990,0.0,Solar
Iraq,1991,0.0,Solar
Iraq,1992,0.0,Solar
Iraq,1993,0.0,Solar
Iraq,1994,0.0,Solar
Iraq,1995,0.0,Solar
Iraq,1996,0.0,Solar
Iraq,1997,0.0,Solar
Iraq,1998,0.0,Solar
Iraq,1999,0.0,Solar
Iraq,2000,0.0,Solar
Iraq,2001,0.0,Solar
Iraq,2002,0.0,Solar
Iraq,2003,0.0,Solar
Iraq,2004,0.0,Solar
Iraq,2005,0.0,Solar
Iraq,2006,0.0,Solar
Iraq,2007,0.0,Solar
Iraq,2008,0.0,Solar
Iraq,2009,0.0,Solar
Iraq,2010,0.0,Solar
Iraq,2011,0.0,Solar
Iraq,2012,0.0,Solar
Iraq,2013,0.08488964,Solar
Iraq,2014,0.086918734,Solar
Iraq,2015,0.084937714,Solar
Iraq,2016,0.07323325,Solar
Iraq,2017,0.06411626,Solar
Iraq,2018,0.06096941,Solar
Iraq,2019,0.052078813,Solar
Iraq,2020,0.32445353,Solar
Iraq,2021,0.3154574,Solar
Iraq,2022,0.28387868,Solar
Iraq,2023,0.2620509,Solar
Iraq,2024,0.2871836,Solar
Ireland,1985,0.0,Solar
Ireland,1986,0.0,Solar
Ireland,1987,0.0,Solar
Ireland,1988,0.0,Solar
Ireland,1989,0.0,Solar
Ireland,1990,0.0,Solar
Ireland,1991,0.0,Solar
Ireland,1992,0.0,Solar
Ireland,1993,0.0,Solar
Ireland,1994,0.0,Solar
Ireland,1995,0.0,Solar
Ireland,1996,0.0,Solar
Ireland,1997,0.0,Solar
Ireland,1998,0.0,Solar
Ireland,1999,0.0,Solar
Ireland,2000,0.0,Solar
Ireland,2001,0.0,Solar
Ireland,2002,0.0,Solar
Ireland,2003,0.0,Solar
Ireland,2004,0.0,Solar
Ireland,2005,0.0,Solar
Ireland,2006,0.0,Solar
Ireland,2007,0.0,Solar
Ireland,2008,0.0,Solar
Ireland,2009,0.0,Solar
Ireland,2010,0.0,Solar
Ireland,2011,0.0,Solar
Ireland,2012,0.0,Solar
Ireland,2013,0.0,Solar
Ireland,2014,0.0,Solar
Ireland,2015,0.0,Solar
Ireland,2016,0.0,Solar
Ireland,2017,0.032478075,Solar
Ireland,2018,0.064432986,Solar
Ireland,2019,0.09718172,Solar
Ireland,2020,0.18656716,Solar
Ireland,2021,0.2520479,Solar
Ireland,2022,0.44391832,Solar
Ireland,2023,2.060222,Solar
Ireland,2024,3.5070786,Solar
Ireland,2025,4.749596,Solar
Israel,1985,0.0,Solar
Israel,1986,0.0,Solar
Israel,1987,0.0,Solar
Israel,1988,0.0,Solar
Israel,1989,0.0,Solar
Israel,1990,0.0,Solar
Israel,1991,0.0,Solar
Israel,1992,0.0,Solar
Israel,1993,0.0,Solar
Israel,1994,0.0,Solar
Israel,1995,0.0,Solar
Israel,1996,0.0,Solar
Israel,1997,0.0,Solar
Israel,1998,0.0,Solar
Israel,1999,0.0,Solar
Israel,2000,0.0,Solar
Israel,2001,0.0,Solar
Israel,2002,0.0,Solar
Israel,2003,0.0,Solar
Israel,2004,0.0,Solar
Israel,2005,0.0,Solar
Israel,2006,0.0,Solar
Israel,2007,0.0,Solar
Israel,2008,0.0,Solar
Israel,2009,0.03654303,Solar
Israel,2010,0.119555935,Solar
Israel,2011,0.31879196,Solar
Israel,2012,0.5872084,Solar
Israel,2013,0.79908675,Solar
Israel,2014,1.4459414,Solar
Israel,2015,1.7437334,Solar
Israel,2016,2.2981644,Solar
Israel,2017,2.2390273,Solar
Israel,2018,2.2747033,Solar
Israel,2019,4.4147987,Solar
Israel,2020,5.6365137,Solar
Israel,2021,7.4473825,Solar
Israel,2022,9.171329,Solar
Israel,2023,11.055147,Solar
Israel,2024,13.084578,Solar
Israel,2025,16.175396,Solar
Italy,1985,0.0,Solar
Italy,1986,0.0,Solar
Italy,1987,0.0,Solar
Italy,1988,0.0,Solar
Italy,1989,0.0009585775,Solar
Italy,1990,0.0,Solar
Italy,1991,0.0,Solar
Italy,1992,0.004490749,Solar
Italy,1993,0.004550833,Solar
Italy,1994,0.0043715844,Solar
Italy,1995,0.004212832,Solar
Italy,1996,0.004177284,Solar
Italy,1997,0.004056795,Solar
Italy,1998,0.0078845695,Solar
Italy,1999,0.007714561,Solar
Italy,2000,0.007409054,Solar
Italy,2001,0.0073556453,Solar
Italy,2002,0.007206428,Solar
Italy,2003,0.0069864118,Solar
Italy,2004,0.0102141565,Solar
Italy,2005,0.010182262,Solar
Italy,2006,0.013088577,Solar
Italy,2007,0.013064637,Solar
Italy,2008,0.06098148,Solar
Italy,2009,0.23746334,Solar
Italy,2010,0.6438998,Solar
Italy,2011,3.619667,Solar
Italy,2012,6.3878074,Solar
Italy,2013,7.548424,Solar
Italy,2014,8.067841,Solar
Italy,2015,8.201645,Solar
Italy,2016,7.728624,Solar
Italy,2017,8.346743,Solar
Italy,2018,7.917919,Solar
Italy,2019,8.169248,Solar
Italy,2020,9.00979,Solar
Italy,2021,8.770885,Solar
Italy,2022,10.036763,Solar
Italy,2023,11.741541,Solar
Italy,2024,13.451189,Solar
Italy,2025,16.860596,Solar
Jamaica,2000,0.0,Solar
Jamaica,2001,0.0,Solar
Jamaica,2002,0.0,Solar
Jamaica,2003,0.0,Solar
Jamaica,2004,0.0,Solar
Jamaica,2005,0.0,Solar
Jamaica,2006,0.0,Solar
Jamaica,2007,0.0,Solar
Jamaica,2008,0.0,Solar
Jamaica,2009,0.0,Solar
Jamaica,2010,0.0,Solar
Jamaica,2011,0.0,Solar
Jamaica,2012,0.0,Solar
Jamaica,2013,0.0,Solar
Jamaica,2014,0.23474176,Solar
Jamaica,2015,0.23364484,Solar
Jamaica,2016,0.22271715,Solar
Jamaica,2017,0.913242,Solar
Jamaica,2018,1.2626263,Solar
Jamaica,2019,1.9396553,Solar
Jamaica,2020,2.803738,Solar
Jamaica,2021,2.9885056,Solar
Jamaica,2022,2.895323,Solar
Jamaica,2023,2.7253668,Solar
Jamaica,2024,3.0487807,Solar
Japan,1985,0.0,Solar
Japan,1986,0.0,Solar
Japan,1987,0.0,Solar
Japan,1988,0.0,Solar
Japan,1989,0.0,Solar
Japan,1990,0.000113443,Solar
Japan,1991,0.000109732995,Solar
Japan,1992,0.0011453042,Solar
Japan,1993,0.0024295354,Solar
Japan,1994,0.0029456785,Solar
Japan,1995,0.003907487,Solar
Japan,1996,0.0052919965,Solar
Japan,1997,0.009129409,Solar
Japan,1998,0.013518095,Solar
Japan,1999,0.020203551,Solar
Japan,2000,0.030918365,Solar
Japan,2001,0.046162084,Solar
Japan,2002,0.0625527,Solar
Japan,2003,0.08694936,Solar
Japan,2004,0.11327251,Solar
Japan,2005,0.14136176,Solar
Japan,2006,0.17176966,Solar
Japan,2007,0.19574445,Solar
Japan,2008,0.21880545,Solar
Japan,2009,0.27378324,Solar
Japan,2010,0.34427872,Solar
Japan,2011,0.4926644,Solar
Japan,2012,0.6658355,Solar
Japan,2013,1.1868427,Solar
Japan,2014,2.2160118,Solar
Japan,2015,3.3530076,Solar
Japan,2016,4.0735173,Solar
Japan,2017,5.018294,Solar
Japan,2018,5.6531816,Solar
Japan,2019,6.437846,Solar
Japan,2020,7.5091734,Solar
Japan,2021,8.135927,Solar
Japan,2022,8.751934,Solar
Japan,2023,9.571584,Solar
Japan,2024,9.514064,Solar
Japan,2025,9.812984,Solar
Jordan,2000,0.0,Solar
Jordan,2001,0.0,Solar
Jordan,2002,0.0,Solar
Jordan,2003,0.0,Solar
Jordan,2004,0.0,Solar
Jordan,2005,0.0,Solar
Jordan,2006,0.0,Solar
Jordan,2007,0.0,Solar
Jordan,2008,0.0,Solar
Jordan,2009,0.0,Solar
Jordan,2010,0.0,Solar
Jordan,2011,0.0,Solar
Jordan,2012,0.0,Solar
Jordan,2013,0.0,Solar
Jordan,2014,0.0,Solar
Jordan,2015,0.2623295,Solar
Jordan,2016,2.1860702,Solar
Jordan,2017,4.379211,Solar
Jordan,2018,7.0201273,Solar
Jordan,2019,10.034096,Solar
Jordan,2020,12.173912,Solar
Jordan,2021,15.402621,Solar
Jordan,2022,15.285778,Solar
Jordan,2023,14.514093,Solar
Jordan,2024,16.603296,Solar
Kazakhstan,1985,0.0,Solar
Kazakhstan,1986,0.0,Solar
Kazakhstan,1987,0.0,Solar
Kazakhstan,1988,0.0,Solar
Kazakhstan,1989,0.0,Solar
Kazakhstan,1990,0.0,Solar
Kazakhstan,1991,0.0,Solar
Kazakhstan,1992,0.0,Solar
Kazakhstan,1993,0.0,Solar
Kazakhstan,1994,0.0,Solar
Kazakhstan,1995,0.0,Solar
Kazakhstan,1996,0.0,Solar
Kazakhstan,1997,0.0,Solar
Kazakhstan,1998,0.0,Solar
Kazakhstan,1999,0.0,Solar
Kazakhstan,2000,0.0,Solar
Kazakhstan,2001,0.0,Solar
Kazakhstan,2002,0.0,Solar
Kazakhstan,2003,0.0,Solar
Kazakhstan,2004,0.0,Solar
Kazakhstan,2005,0.0,Solar
Kazakhstan,2006,0.0,Solar
Kazakhstan,2007,0.0,Solar
Kazakhstan,2008,0.0,Solar
Kazakhstan,2009,0.0,Solar
Kazakhstan,2010,0.0,Solar
Kazakhstan,2011,0.0,Solar
Kazakhstan,2012,0.0,Solar
Kazakhstan,2013,0.0,Solar
Kazakhstan,2014,0.0,Solar
Kazakhstan,2015,0.054555375,Solar
Kazakhstan,2016,0.095107265,Solar
Kazakhstan,2017,0.08727696,Solar
Kazakhstan,2018,0.13049963,Solar
Kazakhstan,2019,0.36626595,Solar
Kazakhstan,2020,1.1413844,Solar
Kazakhstan,2021,1.4164059,Solar
Kazakhstan,2022,1.5602962,Solar
Kazakhstan,2023,1.6462717,Solar
Kazakhstan,2024,1.5779259,Solar
Kazakhstan,2025,1.6492845,Solar
Kenya,2000,0.0,Solar
Kenya,2001,0.0,Solar
Kenya,2002,0.0,Solar
Kenya,2003,0.0,Solar
Kenya,2004,0.0,Solar
Kenya,2005,0.0,Solar
Kenya,2006,0.0,Solar
Kenya,2007,0.0,Solar
Kenya,2008,0.0,Solar
Kenya,2009,0.0,Solar
Kenya,2010,0.0,Solar
Kenya,2011,0.12771392,Solar
Kenya,2012,0.12239902,Solar
Kenya,2013,0.37128714,Solar
Kenya,2014,0.54347825,Solar
Kenya,2015,0.50968397,Solar
Kenya,2016,0.61983466,Solar
Kenya,2017,0.6463527,Solar
Kenya,2018,0.7964602,Solar
Kenya,2019,0.7785467,Solar
Kenya,2020,0.7705479,Solar
Kenya,2021,1.3731825,Solar
Kenya,2022,3.2407405,Solar
Kenya,2023,4.53125,Solar
Kenya,2024,4.9773755,Solar
Kenya,2025,4.6296296,Solar
Kiribati,2000,0.0,Solar
Kiribati,2001,0.0,Solar
Kiribati,2002,0.0,Solar
Kiribati,2003,0.0,Solar
Kiribati,2004,0.0,Solar
Kiribati,2005,0.0,Solar
Kiribati,2006,0.0,Solar
Kiribati,2007,0.0,Solar
Kiribati,2008,0.0,Solar
Kiribati,2009,0.0,Solar
Kiribati,2010,0.0,Solar
Kiribati,2011,0.0,Solar
Kiribati,2012,0.0,Solar
Kiribati,2013,0.0,Solar
Kiribati,2014,0.0,Solar
Kiribati,2015,0.0,Solar
Kiribati,2016,0.0,Solar
Kiribati,2017,0.0,Solar
Kiribati,2018,0.0,Solar
Kiribati,2019,25.0,Solar
Kiribati,2020,25.0,Solar
Kiribati,2021,25.0,Solar
Kiribati,2022,25.0,Solar
Kiribati,2023,25.0,Solar
Kiribati,2024,25.0,Solar
Kuwait,1985,0.0,Solar
Kuwait,1986,0.0,Solar
Kuwait,1987,0.0,Solar
Kuwait,1988,0.0,Solar
Kuwait,1989,0.0,Solar
Kuwait,1990,0.0,Solar
Kuwait,1991,0.0,Solar
Kuwait,1992,0.0,Solar
Kuwait,1993,0.0,Solar
Kuwait,1994,0.0,Solar
Kuwait,1995,0.0,Solar
Kuwait,1996,0.0,Solar
Kuwait,1997,0.0,Solar
Kuwait,1998,0.0,Solar
Kuwait,1999,0.0,Solar
Kuwait,2000,0.0,Solar
Kuwait,2001,0.0,Solar
Kuwait,2002,0.0,Solar
Kuwait,2003,0.0,Solar
Kuwait,2004,0.0,Solar
Kuwait,2005,0.0,Solar
Kuwait,2006,0.0,Solar
Kuwait,2007,0.0,Solar
Kuwait,2008,0.0,Solar
Kuwait,2009,0.0,Solar
Kuwait,2010,0.0,Solar
Kuwait,2011,0.0,Solar
Kuwait,2012,0.0,Solar
Kuwait,2013,0.0,Solar
Kuwait,2014,0.0,Solar
Kuwait,2015,0.0,Solar
Kuwait,2016,0.014265335,Solar
Kuwait,2017,0.014515894,Solar
Kuwait,2018,0.06744908,Solar
Kuwait,2019,0.07995735,Solar
Kuwait,2020,0.08038585,Solar
Kuwait,2021,0.17326732,Solar
Kuwait,2022,0.21104468,Solar
Kuwait,2023,0.21167557,Solar
Kuwait,2024,0.22705157,Solar
Kuwait,2025,0.22705157,Solar
Kyrgyzstan,2000,0.0,Solar
Kyrgyzstan,2001,0.0,Solar
Kyrgyzstan,2002,0.0,Solar
Kyrgyzstan,2003,0.0,Solar
Kyrgyzstan,2004,0.0,Solar
Kyrgyzstan,2005,0.0,Solar
Kyrgyzstan,2006,0.0,Solar
Kyrgyzstan,2007,0.0,Solar
Kyrgyzstan,2008,0.0,Solar
Kyrgyzstan,2009,0.0,Solar
Kyrgyzstan,2010,0.0,Solar
Kyrgyzstan,2011,0.0,Solar
Kyrgyzstan,2012,0.0,Solar
Kyrgyzstan,2013,0.0,Solar
Kyrgyzstan,2014,0.0,Solar
Kyrgyzstan,2015,0.0,Solar
Kyrgyzstan,2016,0.0,Solar
Kyrgyzstan,2017,0.0,Solar
Kyrgyzstan,2018,0.0,Solar
Kyrgyzstan,2019,0.0,Solar
Kyrgyzstan,2020,0.0,Solar
Kyrgyzstan,2021,0.0,Solar
Kyrgyzstan,2022,0.0,Solar
Kyrgyzstan,2023,0.0,Solar
Kyrgyzstan,2024,0.0,Solar
Kyrgyzstan,2025,0.0,Solar
Laos,2000,0.0,Solar
Laos,2001,0.0,Solar
Laos,2002,0.0,Solar
Laos,2003,0.0,Solar
Laos,2004,0.0,Solar
Laos,2005,0.0,Solar
Laos,2006,0.0,Solar
Laos,2007,0.0,Solar
Laos,2008,0.0,Solar
Laos,2009,0.0,Solar
Laos,2010,0.0,Solar
Laos,2011,0.0,Solar
Laos,2012,0.0,Solar
Laos,2013,0.0,Solar
Laos,2014,0.0,Solar
Laos,2015,0.0,Solar
Laos,2016,0.0,Solar
Laos,2017,0.032185387,Solar
Laos,2018,0.058105756,Solar
Laos,2019,0.12804097,Solar
Laos,2020,0.1001001,Solar
Laos,2021,0.155902,Solar
Laos,2022,0.1567398,Solar
Laos,2023,0.15296367,Solar
Laos,2024,0.17205124,Solar
Latvia,1985,0.0,Solar
Latvia,1986,0.0,Solar
Latvia,1987,0.0,Solar
Latvia,1988,0.0,Solar
Latvia,1989,0.0,Solar
Latvia,1990,0.0,Solar
Latvia,1991,0.0,Solar
Latvia,1992,0.0,Solar
Latvia,1993,0.0,Solar
Latvia,1994,0.0,Solar
Latvia,1995,0.0,Solar
Latvia,1996,0.0,Solar
Latvia,1997,0.0,Solar
Latvia,1998,0.0,Solar
Latvia,1999,0.0,Solar
Latvia,2000,0.0,Solar
Latvia,2001,0.0,Solar
Latvia,2002,0.0,Solar
Latvia,2003,0.0,Solar
Latvia,2004,0.0,Solar
Latvia,2005,0.0,Solar
Latvia,2006,0.0,Solar
Latvia,2007,0.0,Solar
Latvia,2008,0.0,Solar
Latvia,2009,0.0,Solar
Latvia,2010,0.0,Solar
Latvia,2011,0.0,Solar
Latvia,2012,0.0,Solar
Latvia,2013,0.0,Solar
Latvia,2014,0.0,Solar
Latvia,2015,0.0,Solar
Latvia,2016,0.0,Solar
Latvia,2017,0.0,Solar
Latvia,2018,0.0,Solar
Latvia,2019,0.0,Solar
Latvia,2020,0.0,Solar
Latvia,2021,0.17094018,Solar
Latvia,2022,1.5904572,Solar
Latvia,2023,3.7617552,Solar
Latvia,2024,8.530807,Solar
Latvia,2025,13.07815,Solar
Lebanon,2000,0.0,Solar
Lebanon,2001,0.0,Solar
Lebanon,2002,0.0,Solar
Lebanon,2003,0.0,Solar
Lebanon,2004,0.0,Solar
Lebanon,2005,0.0,Solar
Lebanon,2006,0.0,Solar
Lebanon,2007,0.0,Solar
Lebanon,2008,0.0,Solar
Lebanon,2009,0.0,Solar
Lebanon,2010,0.0,Solar
Lebanon,2011,0.0,Solar
Lebanon,2012,0.0,Solar
Lebanon,2013,0.0,Solar
Lebanon,2014,0.055648305,Solar
Lebanon,2015,0.10729614,Solar
Lebanon,2016,0.20607933,Solar
Lebanon,2017,0.28235292,Solar
Lebanon,2018,0.42293233,Solar
Lebanon,2019,0.55581284,Solar
Lebanon,2020,0.7671233,Solar
Lebanon,2021,2.9980657,Solar
Lebanon,2022,28.832952,Solar
Lebanon,2023,22.292992,Solar
Lebanon,2024,29.962547,Solar
Lesotho,2000,0.0,Solar
Lesotho,2001,0.0,Solar
Lesotho,2002,0.0,Solar
Lesotho,2003,0.0,Solar
Lesotho,2004,0.0,Solar
Lesotho,2005,0.0,Solar
Lesotho,2006,0.0,Solar
Lesotho,2007,0.0,Solar
Lesotho,2008,0.0,Solar
Lesotho,2009,0.0,Solar
Lesotho,2010,0.0,Solar
Lesotho,2011,0.0,Solar
Lesotho,2012,0.0,Solar
Lesotho,2013,0.0,Solar
Lesotho,2014,0.0,Solar
Lesotho,2015,0.0,Solar
Lesotho,2016,0.0,Solar
Lesotho,2017,0.0,Solar
Lesotho,2018,0.0,Solar
Lesotho,2019,0.0,Solar
Lesotho,2020,0.0,Solar
Lesotho,2021,0.0,Solar
Lesotho,2022,0.0,Solar
Liberia,2000,0.0,Solar
Liberia,2001,0.0,Solar
Liberia,2002,0.0,Solar
Liberia,2003,0.0,Solar
Liberia,2004,0.0,Solar
Liberia,2005,0.0,Solar
Liberia,2006,0.0,Solar
Liberia,2007,0.0,Solar
Liberia,2008,0.0,Solar
Liberia,2009,0.0,Solar
Liberia,2010,0.0,Solar
Liberia,2011,0.0,Solar
Liberia,2012,0.0,Solar
Liberia,2013,0.0,Solar
Liberia,2014,0.0,Solar
Liberia,2015,0.0,Solar
Liberia,2016,0.0,Solar
Liberia,2017,0.0,Solar
Liberia,2018,0.0,Solar
Liberia,2019,0.0,Solar
Liberia,2020,0.0,Solar
Liberia,2021,0.0,Solar
Liberia,2022,0.0,Solar
Liberia,2023,0.0,Solar
Liberia,2024,1.754386,Solar
Libya,2000,0.0,Solar
Libya,2001,0.0,Solar
Libya,2002,0.0,Solar
Libya,2003,0.0,Solar
Libya,2004,0.0,Solar
Libya,2005,0.0,Solar
Libya,2006,0.0,Solar
Libya,2007,0.0,Solar
Libya,2008,0.0,Solar
Libya,2009,0.0,Solar
Libya,2010,0.030712528,Solar
Libya,2011,0.03844675,Solar
Libya,2012,0.02916302,Solar
Libya,2013,0.026364354,Solar
Libya,2014,0.026504109,Solar
Libya,2015,0.026659558,Solar
Libya,2016,0.03182686,Solar
Libya,2017,0.030048078,Solar
Libya,2018,0.029256875,Solar
Libya,2019,0.028876696,Solar
Libya,2020,0.033898305,Solar
Libya,2021,0.028743891,Solar
Libya,2022,0.028481914,Solar
Libya,2023,0.02962963,Solar
Libya,2024,0.02891009,Solar
Lithuania,1985,0.0,Solar
Lithuania,1986,0.0,Solar
Lithuania,1987,0.0,Solar
Lithuania,1988,0.0,Solar
Lithuania,1989,0.0,Solar
Lithuania,1990,0.0,Solar
Lithuania,1991,0.0,Solar
Lithuania,1992,0.0,Solar
Lithuania,1993,0.0,Solar
Lithuania,1994,0.0,Solar
Lithuania,1995,0.0,Solar
Lithuania,1996,0.0,Solar
Lithuania,1997,0.0,Solar
Lithuania,1998,0.0,Solar
Lithuania,1999,0.0,Solar
Lithuania,2000,0.0,Solar
Lithuania,2001,0.0,Solar
Lithuania,2002,0.0,Solar
Lithuania,2003,0.0,Solar
Lithuania,2004,0.0,Solar
Lithuania,2005,0.0,Solar
Lithuania,2006,0.0,Solar
Lithuania,2007,0.0,Solar
Lithuania,2008,0.0,Solar
Lithuania,2009,0.0,Solar
Lithuania,2010,0.0,Solar
Lithuania,2011,0.0,Solar
Lithuania,2012,0.0,Solar
Lithuania,2013,1.1933174,Solar
Lithuania,2014,1.8970189,Solar
Lithuania,2015,1.6548463,Solar
Lithuania,2016,1.9283746,Solar
Lithuania,2017,1.9662921,Solar
Lithuania,2018,3.0821917,Solar
Lithuania,2019,2.694611,Solar
Lithuania,2020,2.7659574,Solar
Lithuania,2021,4.4186044,Solar
Lithuania,2022,8.415842,Solar
Lithuania,2023,13.0188675,Solar
Lithuania,2024,18.944519,Solar
Lithuania,2025,18.78515,Solar
Luxembourg,1985,0.0,Solar
Luxembourg,1986,0.0,Solar
Luxembourg,1987,0.0,Solar
Luxembourg,1988,0.0,Solar
Luxembourg,1989,0.0,Solar
Luxembourg,1990,0.0,Solar
Luxembourg,1991,0.0,Solar
Luxembourg,1992,0.0,Solar
Luxembourg,1993,0.0,Solar
Luxembourg,1994,0.0,Solar
Luxembourg,1995,0.0,Solar
Luxembourg,1996,0.0,Solar
Luxembourg,1997,0.0,Solar
Luxembourg,1998,0.0,Solar
Luxembourg,1999,0.0,Solar
Luxembourg,2000,0.0,Solar
Luxembourg,2001,0.0,Solar
Luxembourg,2002,0.0,Solar
Luxembourg,2003,0.0,Solar
Luxembourg,2004,0.2967359,Solar
Luxembourg,2005,0.5970149,Solar
Luxembourg,2006,0.56497175,Solar
Luxembourg,2007,0.6269592,Solar
Luxembourg,2008,0.7352941,Solar
Luxembourg,2009,0.6349206,Solar
Luxembourg,2010,0.61728394,Solar
Luxembourg,2011,1.1363635,Solar
Luxembourg,2012,1.4492754,Solar
Luxembourg,2013,3.8043478,Solar
Luxembourg,2014,4.7120423,Solar
Luxembourg,2015,7.4626865,Solar
Luxembourg,2016,12.658228,Solar
Luxembourg,2017,12.222222,Solar
Luxembourg,2018,12.5,Solar
Luxembourg,2019,12.149531,Solar
Luxembourg,2020,13.114754,Solar
Luxembourg,2021,14.634147,Solar
Luxembourg,2022,23.140495,Solar
Luxembourg,2023,20.567375,Solar
Luxembourg,2024,23.84106,Solar
Luxembourg,2025,30.519482,Solar
Macao,2000,0.0,Solar
Macao,2001,0.0,Solar
Macao,2002,0.0,Solar
Macao,2003,0.0,Solar
Macao,2004,0.0,Solar
Macao,2005,0.0,Solar
Macao,2006,0.0,Solar
Macao,2007,0.0,Solar
Macao,2008,0.0,Solar
Macao,2009,0.0,Solar
Macao,2010,0.0,Solar
Macao,2011,0.0,Solar
Macao,2012,0.0,Solar
Macao,2013,0.0,Solar
Macao,2014,0.0,Solar
Macao,2015,0.0,Solar
Macao,2016,0.0,Solar
Macao,2017,0.0,Solar
Macao,2018,0.0,Solar
Macao,2019,0.0,Solar
Macao,2020,0.0,Solar
Macao,2021,0.0,Solar
Macao,2022,0.0,Solar
Macao,2023,0.0,Solar
Macao,2024,0.0,Solar
Madagascar,2000,0.0,Solar
Madagascar,2001,0.0,Solar
Madagascar,2002,0.0,Solar
Madagascar,2003,0.0,Solar
Madagascar,2004,0.0,Solar
Madagascar,2005,0.0,Solar
Madagascar,2006,0.0,Solar
Madagascar,2007,0.0,Solar
Madagascar,2008,0.0,Solar
Madagascar,2009,0.0,Solar
Madagascar,2010,0.0,Solar
Madagascar,2011,0.0,Solar
Madagascar,2012,0.0,Solar
Madagascar,2013,0.6060606,Solar
Madagascar,2014,0.5813953,Solar
Madagascar,2015,1.1173184,Solar
Madagascar,2016,1.0526316,Solar
Madagascar,2017,1.010101,Solar
Madagascar,2018,1.6806722,Solar
Madagascar,2019,1.6194332,Solar
Madagascar,2020,1.8518517,Solar
Madagascar,2021,1.5810276,Solar
Madagascar,2022,3.0303028,Solar
Madagascar,2023,3.2258062,Solar
Madagascar,2024,4.1152263,Solar
Malawi,2000,0.0,Solar
Malawi,2001,0.0,Solar
Malawi,2002,0.0,Solar
Malawi,2003,0.0,Solar
Malawi,2004,0.0,Solar
Malawi,2005,0.0,Solar
Malawi,2006,0.0,Solar
Malawi,2007,0.0,Solar
Malawi,2008,0.0,Solar
Malawi,2009,0.0,Solar
Malawi,2010,0.0,Solar
Malawi,2011,0.0,Solar
Malawi,2012,0.4878049,Solar
Malawi,2013,0.4878049,Solar
Malawi,2014,0.92165893,Solar
Malawi,2015,1.3824884,Solar
Malawi,2016,1.3953488,Solar
Malawi,2017,2.094241,Solar
Malawi,2018,0.5524862,Solar
Malawi,2019,0.5555556,Solar
Malawi,2020,0.57142854,Solar
Malawi,2021,0.54644805,Solar
Malawi,2022,0.54644805,Solar
Malawi,2023,0.54644805,Solar
Malawi,2024,0.54644805,Solar
Malaysia,1985,0.0,Solar
Malaysia,1986,0.0,Solar
Malaysia,1987,0.0,Solar
Malaysia,1988,0.0,Solar
Malaysia,1989,0.0,Solar
Malaysia,1990,0.0,Solar
Malaysia,1991,0.0,Solar
Malaysia,1992,0.0,Solar
Malaysia,1993,0.0,Solar
Malaysia,1994,0.0,Solar
Malaysia,1995,0.0,Solar
Malaysia,1996,0.0,Solar
Malaysia,1997,0.0,Solar
Malaysia,1998,0.0,Solar
Malaysia,1999,0.0,Solar
Malaysia,2000,0.0,Solar
Malaysia,2001,0.0,Solar
Malaysia,2002,0.0,Solar
Malaysia,2003,0.0,Solar
Malaysia,2004,0.0,Solar
Malaysia,2005,0.0,Solar
Malaysia,2006,0.0,Solar
Malaysia,2007,0.0,Solar
Malaysia,2008,0.0,Solar
Malaysia,2009,0.0,Solar
Malaysia,2010,0.0,Solar
Malaysia,2011,0.0,Solar
Malaysia,2012,0.0074582337,Solar
Malaysia,2013,0.09931191,Solar
Malaysia,2014,0.15596393,Solar
Malaysia,2015,0.1798681,Solar
Malaysia,2016,0.1978934,Solar
Malaysia,2017,0.2054283,Solar
Malaysia,2018,0.36932817,Solar
Malaysia,2019,0.8179272,Solar
Malaysia,2020,1.18384,Solar
Malaysia,2021,1.3127104,Solar
Malaysia,2022,1.4975766,Solar
Malaysia,2023,1.7252396,Solar
Malaysia,2024,2.0795476,Solar
Malaysia,2025,2.242777,Solar
Maldives,2000,0.0,Solar
Maldives,2001,0.0,Solar
Maldives,2002,0.0,Solar
Maldives,2003,0.0,Solar
Maldives,2004,0.0,Solar
Maldives,2005,0.0,Solar
Maldives,2006,0.0,Solar
Maldives,2007,0.0,Solar
Maldives,2008,0.0,Solar
Maldives,2009,0.0,Solar
Maldives,2010,0.0,Solar
Maldives,2011,0.0,Solar
Maldives,2012,0.0,Solar
Maldives,2013,0.0,Solar
Maldives,2014,1.8518517,Solar
Maldives,2015,1.6129031,Solar
Maldives,2016,1.4925373,Solar
Maldives,2017,2.7397258,Solar
Maldives,2018,3.7974682,Solar
Maldives,2019,3.7037036,Solar
Maldives,2020,4.878049,Solar
Maldives,2021,5.952381,Solar
Maldives,2022,7.058823,Solar
Maldives,2023,7.058823,Solar
Maldives,2024,7.058823,Solar
Mali,2000,0.0,Solar
Mali,2001,0.0,Solar
Mali,2002,0.0,Solar
Mali,2003,0.0,Solar
Mali,2004,0.0,Solar
Mali,2005,0.0,Solar
Mali,2006,0.0,Solar
Mali,2007,0.0,Solar
Mali,2008,0.0,Solar
Mali,2009,0.0,Solar
Mali,2010,0.42372882,Solar
Mali,2011,0.92592585,Solar
Mali,2012,1.2987013,Solar
Mali,2013,1.3636363,Solar
Mali,2014,1.1952192,Solar
Mali,2015,1.1952192,Solar
Mali,2016,0.99337745,Solar
Mali,2017,0.87209296,Solar
Mali,2018,0.83102494,Solar
Mali,2019,0.78740156,Solar
Mali,2020,2.5380712,Solar
Mali,2021,3.5532994,Solar
Mali,2022,3.456221,Solar
Mali,2023,2.4958403,Solar
Mali,2024,2.852349,Solar
Malta,1990,0.0,Solar
Malta,1991,0.0,Solar
Malta,1992,0.0,Solar
Malta,1993,0.0,Solar
Malta,1994,0.0,Solar
Malta,1995,0.0,Solar
Malta,1996,0.0,Solar
Malta,1997,0.0,Solar
Malta,1998,0.0,Solar
Malta,1999,0.0,Solar
Malta,2000,0.0,Solar
Malta,2001,0.0,Solar
Malta,2002,0.0,Solar
Malta,2003,0.0,Solar
Malta,2004,0.0,Solar
Malta,2005,0.0,Solar
Malta,2006,0.0,Solar
Malta,2007,0.0,Solar
Malta,2008,0.0,Solar
Malta,2009,0.0,Solar
Malta,2010,0.0,Solar
Malta,2011,0.0,Solar
Malta,2012,0.8695652,Solar
Malta,2013,1.3274336,Solar
Malta,2014,3.1111112,Solar
Malta,2015,6.9230776,Solar
Malta,2016,15.116279,Solar
Malta,2017,9.69697,Solar
Malta,2018,9.64467,Solar
Malta,2019,9.661837,Solar
Malta,2020,11.16279,Solar
Malta,2021,11.711711,Solar
Malta,2022,12.608696,Solar
Malta,2023,13.19149,Solar
Malta,2024,15.068493,Solar
Malta,2025,15.525114,Solar
Martinique,2006,0.0,Solar
Martinique,2007,0.0,Solar
Martinique,2008,0.6535948,Solar
Martinique,2009,0.64935064,Solar
Martinique,2010,1.242236,Solar
Martinique,2011,2.5477705,Solar
Martinique,2012,5.0314465,Solar
Martinique,2013,5.063291,Solar
Martinique,2014,5.16129,Solar
Martinique,2015,5.1282053,Solar
Martinique,2016,5.063291,Solar
Martinique,2017,5.1282053,Solar
Martinique,2018,5.194805,Solar
Martinique,2019,5.806452,Solar
Martinique,2020,5.333333,Solar
Martinique,2021,5.960265,Solar
Martinique,2022,6.0402684,Solar
Martinique,2023,7.284768,Solar
Mauritania,2000,0.0,Solar
Mauritania,2001,0.0,Solar
Mauritania,2002,0.0,Solar
Mauritania,2003,0.0,Solar
Mauritania,2004,0.0,Solar
Mauritania,2005,0.0,Solar
Mauritania,2006,0.0,Solar
Mauritania,2007,0.0,Solar
Mauritania,2008,0.0,Solar
Mauritania,2009,0.0,Solar
Mauritania,2010,0.0,Solar
Mauritania,2011,0.0,Solar
Mauritania,2012,0.0,Solar
Mauritania,2013,3.0612245,Solar
Mauritania,2014,2.9126213,Solar
Mauritania,2015,2.586207,Solar
Mauritania,2016,5.172414,Solar
Mauritania,2017,4.444444,Solar
Mauritania,2018,10.2739725,Solar
Mauritania,2019,9.55414,Solar
Mauritania,2020,8.588957,Solar
Mauritania,2021,8.86076,Solar
Mauritania,2022,8.536586,Solar
Mauritania,2023,6.698565,Solar
Mauritania,2024,7.729469,Solar
Mauritius,2000,0.0,Solar
Mauritius,2001,0.0,Solar
Mauritius,2002,0.0,Solar
Mauritius,2003,0.0,Solar
Mauritius,2004,0.0,Solar
Mauritius,2005,0.0,Solar
Mauritius,2006,0.0,Solar
Mauritius,2007,0.0,Solar
Mauritius,2008,0.0,Solar
Mauritius,2009,0.0,Solar
Mauritius,2010,0.0,Solar
Mauritius,2011,0.0,Solar
Mauritius,2012,0.0,Solar
Mauritius,2013,0.0,Solar
Mauritius,2014,1.0204082,Solar
Mauritius,2015,1.0033444,Solar
Mauritius,2016,0.9836066,Solar
Mauritius,2017,1.2861737,Solar
Mauritius,2018,1.6025642,Solar
Mauritius,2019,4.0247674,Solar
Mauritius,2020,5.172414,Solar
Mauritius,2021,5.0167227,Solar
Mauritius,2022,5.1282053,Solar
Mauritius,2023,4.5871563,Solar
Mauritius,2024,4.9853373,Solar
Mexico,1985,0.0,Solar
Mexico,1986,0.0,Solar
Mexico,1987,0.0,Solar
Mexico,1988,0.0,Solar
Mexico,1989,0.0,Solar
Mexico,1990,0.0008504013,Solar
Mexico,1991,0.0015555588,Solar
Mexico,1992,0.002267991,Solar
Mexico,1993,0.0029708298,Solar
Mexico,1994,0.003421668,Solar
Mexico,1995,0.0033254344,Solar
Mexico,1996,0.0038316397,Solar
Mexico,1997,0.0035982346,Solar
Mexico,1998,0.0038661407,Solar
Mexico,1999,0.0036846262,Solar
Mexico,2000,0.004911109,Solar
Mexico,2001,0.004756921,Solar
Mexico,2002,0.004635424,Solar
Mexico,2003,0.004446421,Solar
Mexico,2004,0.004248269,Solar
Mexico,2005,0.004032746,Solar
Mexico,2006,0.003902439,Solar
Mexico,2007,0.003798526,Solar
Mexico,2008,0.007426937,Solar
Mexico,2009,0.011204063,Solar
Mexico,2010,0.010886526,Solar
Mexico,2011,0.013691597,Solar
Mexico,2012,0.02361753,Solar
Mexico,2013,0.03702208,Solar
Mexico,2014,0.07252827,Solar
Mexico,2015,0.0644413,Solar
Mexico,2016,0.078039646,Solar
Mexico,2017,0.36160323,Solar
Mexico,2018,0.9190071,Solar
Mexico,2019,2.8905592,Solar
Mexico,2020,4.862923,Solar
Mexico,2021,6.1444354,Solar
Mexico,2022,5.979715,Solar
Mexico,2023,6.6363378,Solar
Mexico,2024,7.241399,Solar
Mexico,2025,7.3787713,Solar
Moldova,2000,0.0,Solar
Moldova,2001,0.0,Solar
Moldova,2002,0.0,Solar
Moldova,2003,0.0,Solar
Moldova,2004,0.0,Solar
Moldova,2005,0.0,Solar
Moldova,2006,0.0,Solar
Moldova,2007,0.0,Solar
Moldova,2008,0.0,Solar
Moldova,2009,0.0,Solar
Moldova,2010,0.0,Solar
Moldova,2011,0.0,Solar
Moldova,2012,0.0,Solar
Moldova,2013,0.0,Solar
Moldova,2014,0.0,Solar
Moldova,2015,0.0,Solar
Moldova,2016,0.0,Solar
Moldova,2017,0.0,Solar
Moldova,2018,0.0,Solar
Moldova,2019,0.0,Solar
Moldova,2020,0.0,Solar
Moldova,2021,0.15015015,Solar
Moldova,2022,0.93808633,Solar
Moldova,2023,1.4173229,Solar
Moldova,2024,1.6474464,Solar
Moldova,2025,2.5974026,Solar
Mongolia,2000,0.0,Solar
Mongolia,2001,0.0,Solar
Mongolia,2002,0.0,Solar
Mongolia,2003,0.0,Solar
Mongolia,2004,0.0,Solar
Mongolia,2005,0.0,Solar
Mongolia,2006,0.0,Solar
Mongolia,2007,0.0,Solar
Mongolia,2008,0.25,Solar
Mongolia,2009,0.24752475,Solar
Mongolia,2010,0.23148146,Solar
Mongolia,2011,0.22026432,Solar
Mongolia,2012,0.20790021,Solar
Mongolia,2013,0.19920318,Solar
Mongolia,2014,0.1858736,Solar
Mongolia,2015,0.18148819,Solar
Mongolia,2016,0.17636684,Solar
Mongolia,2017,0.4975124,Solar
Mongolia,2018,0.913242,Solar
Mongolia,2019,1.7291065,Solar
Mongolia,2020,1.8072289,Solar
Mongolia,2021,2.2849462,Solar
Mongolia,2022,2.451613,Solar
Mongolia,2023,2.291918,Solar
Mongolia,2024,2.3809524,Solar
Mongolia,2025,2.1671827,Solar
Montenegro,2005,0.0,Solar
Montenegro,2006,0.0,Solar
Montenegro,2007,0.0,Solar
Montenegro,2008,0.0,Solar
Montenegro,2009,0.0,Solar
Montenegro,2010,0.0,Solar
Montenegro,2011,0.0,Solar
Montenegro,2012,0.0,Solar
Montenegro,2013,0.0,Solar
Montenegro,2014,0.0,Solar
Montenegro,2015,0.0,Solar
Montenegro,2016,0.0,Solar
Montenegro,2017,0.0,Solar
Montenegro,2018,0.0,Solar
Montenegro,2019,0.0,Solar
Montenegro,2020,0.0,Solar
Montenegro,2021,0.0,Solar
Montenegro,2022,0.0,Solar
Montenegro,2023,0.47732696,Solar
Montenegro,2024,1.6997167,Solar
Montenegro,2025,5.6910567,Solar
Montserrat,2000,0.0,Solar
Montserrat,2001,0.0,Solar
Montserrat,2002,0.0,Solar
Montserrat,2003,0.0,Solar
Montserrat,2004,0.0,Solar
Montserrat,2005,0.0,Solar
Montserrat,2006,0.0,Solar
Montserrat,2007,0.0,Solar
Montserrat,2008,0.0,Solar
Montserrat,2009,0.0,Solar
Montserrat,2010,0.0,Solar
Montserrat,2011,0.0,Solar
Montserrat,2012,0.0,Solar
Montserrat,2013,0.0,Solar
Montserrat,2014,0.0,Solar
Montserrat,2015,0.0,Solar
Montserrat,2016,0.0,Solar
Montserrat,2017,0.0,Solar
Montserrat,2018,0.0,Solar
Montserrat,2019,0.0,Solar
Montserrat,2020,0.0,Solar
Montserrat,2021,0.0,Solar
Montserrat,2022,0.0,Solar
Montserrat,2023,0.0,Solar
Montserrat,2024,0.0,Solar
Morocco,1985,0.0,Solar
Morocco,1986,0.0,Solar
Morocco,1987,0.0,Solar
Morocco,1988,0.0,Solar
Morocco,1989,0.0,Solar
Morocco,1990,0.0,Solar
Morocco,1991,0.0,Solar
Morocco,1992,0.0,Solar
Morocco,1993,0.0,Solar
Morocco,1994,0.0,Solar
Morocco,1995,0.0,Solar
Morocco,1996,0.0,Solar
Morocco,1997,0.0,Solar
Morocco,1998,0.0,Solar
Morocco,1999,0.0,Solar
Morocco,2000,0.0,Solar
Morocco,2001,0.0,Solar
Morocco,2002,0.0,Solar
Morocco,2003,0.0,Solar
Morocco,2004,0.0,Solar
Morocco,2005,0.0,Solar
Morocco,2006,0.0,Solar
Morocco,2007,0.0,Solar
Morocco,2008,0.0,Solar
Morocco,2009,0.0,Solar
Morocco,2010,0.0,Solar
Morocco,2011,0.0,Solar
Morocco,2012,0.0,Solar
Morocco,2013,0.0,Solar
Morocco,2014,0.0,Solar
Morocco,2015,0.0,Solar
Morocco,2016,1.2957563,Solar
Morocco,2017,1.2836568,Solar
Morocco,2018,2.7488425,Solar
Morocco,2019,3.9128282,Solar
Morocco,2020,3.9175258,Solar
Morocco,2021,4.40678,Solar
Morocco,2022,3.5015697,Solar
Morocco,2023,4.969383,Solar
Morocco,2024,5.6839623,Solar
Morocco,2025,5.775281,Solar
Mozambique,2000,0.0,Solar
Mozambique,2001,0.0,Solar
Mozambique,2002,0.0,Solar
Mozambique,2003,0.0,Solar
Mozambique,2004,0.0,Solar
Mozambique,2005,0.0,Solar
Mozambique,2006,0.0,Solar
Mozambique,2007,0.0,Solar
Mozambique,2008,0.0,Solar
Mozambique,2009,0.0,Solar
Mozambique,2010,0.0,Solar
Mozambique,2011,0.0,Solar
Mozambique,2012,0.0,Solar
Mozambique,2013,0.0,Solar
Mozambique,2014,0.0,Solar
Mozambique,2015,0.0,Solar
Mozambique,2016,0.0,Solar
Mozambique,2017,0.0,Solar
Mozambique,2018,0.0,Solar
Mozambique,2019,0.15797788,Solar
Mozambique,2020,0.36803365,Solar
Mozambique,2021,0.3711559,Solar
Mozambique,2022,0.35787323,Solar
Mozambique,2023,0.35070142,Solar
Mozambique,2024,0.40424454,Solar
Myanmar,2000,0.0,Solar
Myanmar,2001,0.0,Solar
Myanmar,2002,0.0,Solar
Myanmar,2003,0.0,Solar
Myanmar,2004,0.0,Solar
Myanmar,2005,0.0,Solar
Myanmar,2006,0.0,Solar
Myanmar,2007,0.0,Solar
Myanmar,2008,0.0,Solar
Myanmar,2009,0.0,Solar
Myanmar,2010,0.0,Solar
Myanmar,2011,0.0,Solar
Myanmar,2012,0.0,Solar
Myanmar,2013,0.08025682,Solar
Myanmar,2014,0.0694927,Solar
Myanmar,2015,0.18518518,Solar
Myanmar,2016,0.27593818,Solar
Myanmar,2017,0.2851711,Solar
Myanmar,2018,0.32347506,Solar
Myanmar,2019,0.46583852,Solar
Myanmar,2020,0.42598507,Solar
Myanmar,2021,0.45045048,Solar
Myanmar,2022,0.68817204,Solar
Myanmar,2023,0.521327,Solar
Myanmar,2024,0.5527407,Solar
Namibia,2000,0.0,Solar
Namibia,2001,0.0,Solar
Namibia,2002,0.0,Solar
Namibia,2003,0.0,Solar
Namibia,2004,0.0,Solar
Namibia,2005,0.0,Solar
Namibia,2006,0.0,Solar
Namibia,2007,0.0,Solar
Namibia,2008,0.0,Solar
Namibia,2009,0.6666666,Solar
Namibia,2010,0.7633588,Solar
Namibia,2011,0.6896551,Solar
Namibia,2012,0.5988024,Solar
Namibia,2013,1.4814814,Solar
Namibia,2014,1.9607843,Solar
Namibia,2015,2.5316455,Solar
Namibia,2016,4.054054,Solar
Namibia,2017,6.2146893,Solar
Namibia,2018,16.312057,Solar
Namibia,2019,26.086958,Solar
Namibia,2020,20.5,Solar
Namibia,2021,31.788078,Solar
Namibia,2022,37.878788,Solar
Namibia,2023,26.984127,Solar
Namibia,2024,35.365852,Solar
Nauru,2000,0.0,Solar
Nauru,2001,0.0,Solar
Nauru,2002,0.0,Solar
Nauru,2003,0.0,Solar
Nauru,2004,0.0,Solar
Nauru,2005,0.0,Solar
Nauru,2006,0.0,Solar
Nauru,2007,0.0,Solar
Nauru,2008,0.0,Solar
Nauru,2009,0.0,Solar
Nauru,2010,0.0,Solar
Nauru,2011,0.0,Solar
Nauru,2012,0.0,Solar
Nauru,2013,0.0,Solar
Nauru,2014,0.0,Solar
Nauru,2015,0.0,Solar
Nauru,2016,0.0,Solar
Nauru,2017,0.0,Solar
Nauru,2018,0.0,Solar
Nauru,2019,0.0,Solar
Nauru,2020,0.0,Solar
Nauru,2021,0.0,Solar
Nauru,2022,0.0,Solar
Nauru,2023,0.0,Solar
Nauru,2024,20.0,Solar
Nepal,2000,0.0,Solar
Nepal,2001,0.0,Solar
Nepal,2002,0.0,Solar
Nepal,2003,0.0,Solar
Nepal,2004,0.0,Solar
Nepal,2005,0.0,Solar
Nepal,2006,0.0,Solar
Nepal,2007,0.0,Solar
Nepal,2008,0.0,Solar
Nepal,2009,0.0,Solar
Nepal,2010,0.3144654,Solar
Nepal,2011,0.28901732,Solar
Nepal,2012,0.28328612,Solar
Nepal,2013,0.57142854,Solar
Nepal,2014,0.5263158,Solar
Nepal,2015,0.57803464,Solar
Nepal,2016,0.4784689,Solar
Nepal,2017,1.7467248,Solar
Nepal,2018,1.6528925,Solar
Nepal,2019,1.300813,Solar
Nepal,2020,1.2944984,Solar
Nepal,2021,0.9345795,Solar
Nepal,2022,0.9345795,Solar
Nepal,2023,0.9345795,Solar
Nepal,2024,1.0781671,Solar
Netherlands,1985,0.0,Solar
Netherlands,1986,0.0,Solar
Netherlands,1987,0.0,Solar
Netherlands,1988,0.0,Solar
Netherlands,1989,0.0,Solar
Netherlands,1990,0.0,Solar
Netherlands,1991,0.0,Solar
Netherlands,1992,0.0,Solar
Netherlands,1993,0.0,Solar
Netherlands,1994,0.0,Solar
Netherlands,1995,0.0,Solar
Netherlands,1996,0.0,Solar
Netherlands,1997,0.0,Solar
Netherlands,1998,0.0,Solar
Netherlands,1999,0.011742601,Solar
Netherlands,2000,0.011355894,Solar
Netherlands,2001,0.010853049,Solar
Netherlands,2002,0.021132713,Solar
Netherlands,2003,0.031423483,Solar
Netherlands,2004,0.030054096,Solar
Netherlands,2005,0.040596772,Solar
Netherlands,2006,0.041017227,Solar
Netherlands,2007,0.038580246,Solar
Netherlands,2008,0.037661236,Solar
Netherlands,2009,0.035603028,Solar
Netherlands,2010,0.050804403,Solar
Netherlands,2011,0.088778414,Solar
Netherlands,2012,0.18578273,Solar
Netherlands,2013,0.40771678,Solar
Netherlands,2014,0.7149853,Solar
Netherlands,2015,1.018442,Solar
Netherlands,2016,1.4040015,Solar
Netherlands,2017,1.895898,Solar
Netherlands,2018,3.280283,Solar
Netherlands,2019,4.4981256,Solar
Netherlands,2020,7.026894,Solar
Netherlands,2021,9.347341,Solar
Netherlands,2022,13.887962,Solar
Netherlands,2023,16.347116,Solar
Netherlands,2024,17.836998,Solar
Netherlands,2025,21.117367,Solar
New Caledonia,2000,0.0,Solar
New Caledonia,2001,0.0,Solar
New Caledonia,2002,0.0,Solar
New Caledonia,2003,0.0,Solar
New Caledonia,2004,0.0,Solar
New Caledonia,2005,0.0,Solar
New Caledonia,2006,0.0,Solar
New Caledonia,2007,0.0,Solar
New Caledonia,2008,0.0,Solar
New Caledonia,2009,0.0,Solar
New Caledonia,2010,0.0,Solar
New Caledonia,2011,0.0,Solar
New Caledonia,2012,0.0,Solar
New Caledonia,2013,0.0,Solar
New Caledonia,2014,0.0,Solar
New Caledonia,2015,0.34482756,Solar
New Caledonia,2016,0.3184713,Solar
New Caledonia,2017,0.92879254,Solar
New Caledonia,2018,1.4285715,Solar
New Caledonia,2019,3.6036036,Solar
New Caledonia,2020,4.6296296,Solar
New Caledonia,2021,6.185567,Solar
New Caledonia,2022,7.443366,Solar
New Caledonia,2023,7.443366,Solar
New Caledonia,2024,8.333333,Solar
New Zealand,1985,0.0,Solar
New Zealand,1986,0.0,Solar
New Zealand,1987,0.0,Solar
New Zealand,1988,0.0,Solar
New Zealand,1989,0.0,Solar
New Zealand,1990,0.0,Solar
New Zealand,1991,0.0,Solar
New Zealand,1992,0.0,Solar
New Zealand,1993,0.0,Solar
New Zealand,1994,0.0,Solar
New Zealand,1995,0.0,Solar
New Zealand,1996,0.0,Solar
New Zealand,1997,0.0,Solar
New Zealand,1998,0.0,Solar
New Zealand,1999,0.0,Solar
New Zealand,2000,0.0,Solar
New Zealand,2001,0.0,Solar
New Zealand,2002,0.0,Solar
New Zealand,2003,0.0,Solar
New Zealand,2004,0.0,Solar
New Zealand,2005,0.0,Solar
New Zealand,2006,0.0,Solar
New Zealand,2007,0.0,Solar
New Zealand,2008,0.0,Solar
New Zealand,2009,0.0,Solar
New Zealand,2010,0.0,Solar
New Zealand,2011,0.0,Solar
New Zealand,2012,0.0,Solar
New Zealand,2013,0.023419203,Solar
New Zealand,2014,0.046598323,Solar
New Zealand,2015,0.091806285,Solar
New Zealand,2016,0.13904981,Solar
New Zealand,2017,0.18323408,Solar
New Zealand,2018,0.22867598,Solar
New Zealand,2019,0.29714283,Solar
New Zealand,2020,0.36908883,Solar
New Zealand,2021,0.48220435,Solar
New Zealand,2022,0.6473988,Solar
New Zealand,2023,0.862672,Solar
New Zealand,2024,0.8407181,Solar
New Zealand,2025,0.8537148,Solar
Nicaragua,2000,0.0,Solar
Nicaragua,2001,0.0,Solar
Nicaragua,2002,0.0,Solar
Nicaragua,2003,0.0,Solar
Nicaragua,2004,0.0,Solar
Nicaragua,2005,0.0,Solar
Nicaragua,2006,0.0,Solar
Nicaragua,2007,0.0,Solar
Nicaragua,2008,0.0,Solar
Nicaragua,2009,0.0,Solar
Nicaragua,2010,0.0,Solar
Nicaragua,2011,0.0,Solar
Nicaragua,2012,0.0,Solar
Nicaragua,2013,0.0,Solar
Nicaragua,2014,0.0,Solar
Nicaragua,2015,0.0,Solar
Nicaragua,2016,0.0,Solar
Nicaragua,2017,0.22123894,Solar
Nicaragua,2018,0.4301075,Solar
Nicaragua,2019,0.65502185,Solar
Nicaragua,2020,0.7915567,Solar
Nicaragua,2021,0.712589,Solar
Nicaragua,2022,0.6944444,Solar
Nicaragua,2023,0.6637168,Solar
Nicaragua,2024,0.6637168,Solar
Niger,2000,0.0,Solar
Niger,2001,0.0,Solar
Niger,2002,0.0,Solar
Niger,2003,0.0,Solar
Niger,2004,0.0,Solar
Niger,2005,0.0,Solar
Niger,2006,0.0,Solar
Niger,2007,0.0,Solar
Niger,2008,0.0,Solar
Niger,2009,0.0,Solar
Niger,2010,0.0,Solar
Niger,2011,0.0,Solar
Niger,2012,0.0,Solar
Niger,2013,0.0,Solar
Niger,2014,2.2222223,Solar
Niger,2015,1.8518517,Solar
Niger,2016,1.4285715,Solar
Niger,2017,1.7857143,Solar
Niger,2018,1.8867925,Solar
Niger,2019,2.9850745,Solar
Niger,2020,2.9850745,Solar
Niger,2021,2.8169014,Solar
Niger,2022,2.5316455,Solar
Niger,2023,2.0618556,Solar
Niger,2024,3.1578946,Solar
Nigeria,2000,0.0,Solar
Nigeria,2001,0.0,Solar
Nigeria,2002,0.0,Solar
Nigeria,2003,0.0,Solar
Nigeria,2004,0.0,Solar
Nigeria,2005,0.0,Solar
Nigeria,2006,0.0,Solar
Nigeria,2007,0.0,Solar
Nigeria,2008,0.0,Solar
Nigeria,2009,0.0,Solar
Nigeria,2010,0.0,Solar
Nigeria,2011,0.0,Solar
Nigeria,2012,0.06958942,Solar
Nigeria,2013,0.06913239,Solar
Nigeria,2014,0.06195787,Solar
Nigeria,2015,0.09044317,Solar
Nigeria,2016,0.0821018,Solar
Nigeria,2017,0.093052104,Solar
Nigeria,2018,0.10896213,Solar
Nigeria,2019,0.1371366,Solar
Nigeria,2020,0.21052632,Solar
Nigeria,2021,0.25510204,Solar
Nigeria,2022,0.2631579,Solar
Nigeria,2023,0.26881722,Solar
Nigeria,2024,0.34611285,Solar
Nigeria,2025,0.31295136,Solar
North Korea,2000,0.0,Solar
North Korea,2001,0.0,Solar
North Korea,2002,0.0,Solar
North Korea,2003,0.0,Solar
North Korea,2004,0.0,Solar
North Korea,2005,0.0,Solar
North Korea,2006,0.0,Solar
North Korea,2007,0.0,Solar
North Korea,2008,0.0,Solar
North Korea,2009,0.0,Solar
North Korea,2010,0.0,Solar
North Korea,2011,0.0,Solar
North Korea,2012,0.0,Solar
North Korea,2013,0.045516614,Solar
North Korea,2014,0.046554934,Solar
North Korea,2015,0.1584786,Solar
North Korea,2016,0.16799664,Solar
North Korea,2017,0.21340162,Solar
North Korea,2018,0.24164318,Solar
North Korea,2019,0.33500838,Solar
North Korea,2020,0.41493776,Solar
North Korea,2021,0.5072181,Solar
North Korea,2022,0.5649718,Solar
North Korea,2023,0.5613773,Solar
North Korea,2024,0.6273063,Solar
North Macedonia,1990,0.0,Solar
North Macedonia,1991,0.0,Solar
North Macedonia,1992,0.0,Solar
North Macedonia,1993,0.0,Solar
North Macedonia,1994,0.0,Solar
North Macedonia,1995,0.0,Solar
North Macedonia,1996,0.0,Solar
North Macedonia,1997,0.0,Solar
North Macedonia,1998,0.0,Solar
North Macedonia,1999,0.0,Solar
North Macedonia,2000,0.0,Solar
North Macedonia,2001,0.0,Solar
North Macedonia,2002,0.0,Solar
North Macedonia,2003,0.0,Solar
North Macedonia,2004,0.0,Solar
North Macedonia,2005,0.0,Solar
North Macedonia,2006,0.0,Solar
North Macedonia,2007,0.0,Solar
North Macedonia,2008,0.0,Solar
North Macedonia,2009,0.0,Solar
North Macedonia,2010,0.0,Solar
North Macedonia,2011,0.0,Solar
North Macedonia,2012,0.0,Solar
North Macedonia,2013,0.1642036,Solar
North Macedonia,2014,0.1858736,Solar
North Macedonia,2015,0.3539823,Solar
North Macedonia,2016,0.35523978,Solar
North Macedonia,2017,0.35714287,Solar
North Macedonia,2018,0.35650623,Solar
North Macedonia,2019,0.3407155,Solar
North Macedonia,2020,0.3745318,Solar
North Macedonia,2021,0.9041591,Solar
North Macedonia,2022,1.6835017,Solar
North Macedonia,2023,5.224964,Solar
North Macedonia,2024,14.104596,Solar
North Macedonia,2025,23.753666,Solar
Norway,1985,0.0,Solar
Norway,1986,0.0,Solar
Norway,1987,0.0,Solar
Norway,1988,0.0,Solar
Norway,1989,0.0,Solar
Norway,1990,0.0,Solar
Norway,1991,0.0,Solar
Norway,1992,0.0,Solar
Norway,1993,0.0,Solar
Norway,1994,0.0,Solar
Norway,1995,0.0,Solar
Norway,1996,0.0,Solar
Norway,1997,0.0,Solar
Norway,1998,0.0,Solar
Norway,1999,0.0,Solar
Norway,2000,0.0,Solar
Norway,2001,0.0,Solar
Norway,2002,0.0,Solar
Norway,2003,0.0,Solar
Norway,2004,0.0,Solar
Norway,2005,0.0,Solar
Norway,2006,0.0,Solar
Norway,2007,0.0,Solar
Norway,2008,0.0,Solar
Norway,2009,0.0,Solar
Norway,2010,0.0,Solar
Norway,2011,0.0,Solar
Norway,2012,0.0,Solar
Norway,2013,0.0,Solar
Norway,2014,0.0,Solar
Norway,2015,0.0,Solar
Norway,2016,0.0,Solar
Norway,2017,0.0,Solar
Norway,2018,0.0,Solar
Norway,2019,0.007472166,Solar
Norway,2020,0.051840328,Solar
Norway,2021,0.07000572,Solar
Norway,2022,0.11690277,Solar
Norway,2023,0.23432924,Solar
Norway,2024,0.33734325,Solar
Norway,2025,0.32958147,Solar
Oman,1985,0.0,Solar
Oman,1986,0.0,Solar
Oman,1987,0.0,Solar
Oman,1988,0.0,Solar
Oman,1989,0.0,Solar
Oman,1990,0.0,Solar
Oman,1991,0.0,Solar
Oman,1992,0.0,Solar
Oman,1993,0.0,Solar
Oman,1994,0.0,Solar
Oman,1995,0.0,Solar
Oman,1996,0.0,Solar
Oman,1997,0.0,Solar
Oman,1998,0.0,Solar
Oman,1999,0.0,Solar
Oman,2000,0.0,Solar
Oman,2001,0.0,Solar
Oman,2002,0.0,Solar
Oman,2003,0.0,Solar
Oman,2004,0.0,Solar
Oman,2005,0.0,Solar
Oman,2006,0.0,Solar
Oman,2007,0.0,Solar
Oman,2008,0.0,Solar
Oman,2009,0.0,Solar
Oman,2010,0.0,Solar
Oman,2011,0.0,Solar
Oman,2012,0.0,Solar
Oman,2013,0.0,Solar
Oman,2014,0.0,Solar
Oman,2015,0.0,Solar
Oman,2016,0.0,Solar
Oman,2017,0.05532503,Solar
Oman,2018,0.13241526,Solar
Oman,2019,0.12856776,Solar
Oman,2020,0.2617801,Solar
Oman,2021,1.4634147,Solar
Oman,2022,4.2452826,Solar
Oman,2023,4.6666665,Solar
Oman,2024,4.6843176,Solar
Oman,2025,4.352763,Solar
Pakistan,1985,0.0,Solar
Pakistan,1986,0.0,Solar
Pakistan,1987,0.0,Solar
Pakistan,1988,0.0,Solar
Pakistan,1989,0.0,Solar
Pakistan,1990,0.0,Solar
Pakistan,1991,0.0,Solar
Pakistan,1992,0.0,Solar
Pakistan,1993,0.0,Solar
Pakistan,1994,0.0,Solar
Pakistan,1995,0.0,Solar
Pakistan,1996,0.0,Solar
Pakistan,1997,0.0,Solar
Pakistan,1998,0.0,Solar
Pakistan,1999,0.0,Solar
Pakistan,2000,0.0,Solar
Pakistan,2001,0.0,Solar
Pakistan,2002,0.0,Solar
Pakistan,2003,0.0,Solar
Pakistan,2004,0.0,Solar
Pakistan,2005,0.0,Solar
Pakistan,2006,0.0,Solar
Pakistan,2007,0.0,Solar
Pakistan,2008,0.0,Solar
Pakistan,2009,0.0,Solar
Pakistan,2010,0.010577533,Solar
Pakistan,2011,0.031635556,Solar
Pakistan,2012,0.07135576,Solar
Pakistan,2013,0.1334859,Solar
Pakistan,2014,0.22240755,Solar
Pakistan,2015,0.3369093,Solar
Pakistan,2016,0.5532954,Solar
Pakistan,2017,0.70573795,Solar
Pakistan,2018,0.7130677,Solar
Pakistan,2019,1.9337629,Solar
Pakistan,2020,2.805145,Solar
Pakistan,2021,3.5475767,Solar
Pakistan,2022,4.387111,Solar
Pakistan,2023,6.5999885,Solar
Pakistan,2024,11.334019,Solar
Pakistan,2025,18.771471,Solar
Palestine,2000,0.0,Solar
Palestine,2001,0.0,Solar
Palestine,2002,0.0,Solar
Palestine,2003,0.0,Solar
Palestine,2004,0.0,Solar
Palestine,2005,0.0,Solar
Palestine,2006,0.0,Solar
Palestine,2007,0.0,Solar
Palestine,2008,0.0,Solar
Palestine,2009,0.0,Solar
Palestine,2010,0.0,Solar
Palestine,2011,0.0,Solar
Palestine,2012,0.0,Solar
Palestine,2013,0.0,Solar
Palestine,2014,0.0,Solar
Palestine,2015,1.923077,Solar
Palestine,2016,7.54717,Solar
Palestine,2017,9.090909,Solar
Palestine,2018,14.285714,Solar
Palestine,2019,14.814815,Solar
Palestine,2020,21.428574,Solar
Palestine,2021,24.175823,Solar
Palestine,2022,33.333336,Solar
Palestine,2023,40.0,Solar
Palestine,2024,39.393936,Solar
Panama,2000,0.0,Solar
Panama,2001,0.0,Solar
Panama,2002,0.0,Solar
Panama,2003,0.0,Solar
Panama,2004,0.0,Solar
Panama,2005,0.0,Solar
Panama,2006,0.0,Solar
Panama,2007,0.0,Solar
Panama,2008,0.0,Solar
Panama,2009,0.0,Solar
Panama,2010,0.0,Solar
Panama,2011,0.0,Solar
Panama,2012,0.0,Solar
Panama,2013,0.0,Solar
Panama,2014,0.107526876,Solar
Panama,2015,0.19417475,Solar
Panama,2016,0.6433824,Solar
Panama,2017,1.4492754,Solar
Panama,2018,2.0535715,Solar
Panama,2019,2.4914088,Solar
Panama,2020,2.9250457,Solar
Panama,2021,4.8720064,Solar
Panama,2022,5.714286,Solar
Panama,2023,6.6361556,Solar
Panama,2024,7.3715563,Solar
Papua New Guinea,2000,0.0,Solar
Papua New Guinea,2001,0.0,Solar
Papua New Guinea,2002,0.0,Solar
Papua New Guinea,2003,0.0,Solar
Papua New Guinea,2004,0.0,Solar
Papua New Guinea,2005,0.0,Solar
Papua New Guinea,2006,0.0,Solar
Papua New Guinea,2007,0.0,Solar
Papua New Guinea,2008,0.0,Solar
Papua New Guinea,2009,0.0,Solar
Papua New Guinea,2010,0.0,Solar
Papua New Guinea,2011,0.0,Solar
Papua New Guinea,2012,0.0,Solar
Papua New Guinea,2013,0.0,Solar
Papua New Guinea,2014,0.0,Solar
Papua New Guinea,2015,0.0,Solar
Papua New Guinea,2016,0.0,Solar
Papua New Guinea,2017,0.0,Solar
Papua New Guinea,2018,0.0,Solar
Papua New Guinea,2019,0.0,Solar
Papua New Guinea,2020,0.0,Solar
Papua New Guinea,2021,0.0,Solar
Papua New Guinea,2022,0.21786492,Solar
Papua New Guinea,2023,0.21141648,Solar
Papua New Guinea,2024,0.21141648,Solar
Paraguay,2000,0.0,Solar
Paraguay,2001,0.0,Solar
Paraguay,2002,0.0,Solar
Paraguay,2003,0.0,Solar
Paraguay,2004,0.0,Solar
Paraguay,2005,0.0,Solar
Paraguay,2006,0.0,Solar
Paraguay,2007,0.0,Solar
Paraguay,2008,0.0,Solar
Paraguay,2009,0.0,Solar
Paraguay,2010,0.0,Solar
Paraguay,2011,0.0,Solar
Paraguay,2012,0.0,Solar
Paraguay,2013,0.0,Solar
Paraguay,2014,0.0,Solar
Paraguay,2015,0.0,Solar
Paraguay,2016,0.0,Solar
Paraguay,2017,0.0,Solar
Paraguay,2018,0.0,Solar
Paraguay,2019,0.0,Solar
Paraguay,2020,0.0,Solar
Paraguay,2021,0.0,Solar
Paraguay,2022,0.0,Solar
Paraguay,2023,0.0,Solar
Paraguay,2024,0.0,Solar
Paraguay,2025,0.0,Solar
Peru,1985,0.0,Solar
Peru,1986,0.0,Solar
Peru,1987,0.0,Solar
Peru,1988,0.0,Solar
Peru,1989,0.0,Solar
Peru,1990,0.0,Solar
Peru,1991,0.0,Solar
Peru,1992,0.0,Solar
Peru,1993,0.0,Solar
Peru,1994,0.0,Solar
Peru,1995,0.0,Solar
Peru,1996,0.0,Solar
Peru,1997,0.0,Solar
Peru,1998,0.0,Solar
Peru,1999,0.0,Solar
Peru,2000,0.0,Solar
Peru,2001,0.0,Solar
Peru,2002,0.0,Solar
Peru,2003,0.0,Solar
Peru,2004,0.0,Solar
Peru,2005,0.0,Solar
Peru,2006,0.0,Solar
Peru,2007,0.0,Solar
Peru,2008,0.0,Solar
Peru,2009,0.0,Solar
Peru,2010,0.0,Solar
Peru,2011,0.0,Solar
Peru,2012,0.15015015,Solar
Peru,2013,0.45966446,Solar
Peru,2014,0.43734968,Solar
Peru,2015,0.47648644,Solar
Peru,2016,0.464846,Solar
Peru,2017,0.5501802,Solar
Peru,2018,1.3731234,Solar
Peru,2019,1.3715491,Solar
Peru,2020,1.4908473,Solar
Peru,2021,1.4037551,Solar
Peru,2022,1.4023372,Solar
Peru,2023,1.3799901,Solar
Peru,2024,1.6022937,Solar
Peru,2025,3.0277963,Solar
Philippines,1985,0.0,Solar
Philippines,1986,0.0,Solar
Philippines,1987,0.0,Solar
Philippines,1988,0.0,Solar
Philippines,1989,0.0,Solar
Philippines,1990,0.0,Solar
Philippines,1991,0.0,Solar
Philippines,1992,0.0,Solar
Philippines,1993,0.0,Solar
Philippines,1994,0.0,Solar
Philippines,1995,0.0,Solar
Philippines,1996,0.0,Solar
Philippines,1997,0.0,Solar
Philippines,1998,0.0,Solar
Philippines,1999,0.0,Solar
Philippines,2000,0.0,Solar
Philippines,2001,0.0,Solar
Philippines,2002,0.0,Solar
Philippines,2003,0.0,Solar
Philippines,2004,0.0,Solar
Philippines,2005,0.0,Solar
Philippines,2006,0.0,Solar
Philippines,2007,0.0,Solar
Philippines,2008,0.0,Solar
Philippines,2009,0.0,Solar
Philippines,2010,0.0,Solar
Philippines,2011,0.0,Solar
Philippines,2012,0.0,Solar
Philippines,2013,0.0,Solar
Philippines,2014,0.02589667,Solar
Philippines,2015,0.1699029,Solar
Philippines,2016,1.2115872,Solar
Philippines,2017,1.2717253,Solar
Philippines,2018,1.2532585,Solar
Philippines,2019,1.1789117,Solar
Philippines,2020,1.3464373,Solar
Philippines,2021,1.3899394,Solar
Philippines,2022,1.6315553,Solar
Philippines,2023,1.5591536,Solar
Philippines,2024,1.6751227,Solar
Philippines,2025,2.4366472,Solar
Poland,1985,0.0,Solar
Poland,1986,0.0,Solar
Poland,1987,0.0,Solar
Poland,1988,0.0,Solar
Poland,1989,0.0,Solar
Poland,1990,0.0,Solar
Poland,1991,0.0,Solar
Poland,1992,0.0,Solar
Poland,1993,0.0,Solar
Poland,1994,0.0,Solar
Poland,1995,0.0,Solar
Poland,1996,0.0,Solar
Poland,1997,0.0,Solar
Poland,1998,0.0,Solar
Poland,1999,0.0,Solar
Poland,2000,0.0,Solar
Poland,2001,0.0,Solar
Poland,2002,0.0,Solar
Poland,2003,0.0,Solar
Poland,2004,0.0,Solar
Poland,2005,0.0,Solar
Poland,2006,0.0,Solar
Poland,2007,0.0,Solar
Poland,2008,0.0,Solar
Poland,2009,0.0,Solar
Poland,2010,0.0,Solar
Poland,2011,0.0,Solar
Poland,2012,0.0,Solar
Poland,2013,0.0,Solar
Poland,2014,0.006315124,Solar
Poland,2015,0.036518563,Solar
Poland,2016,0.072289154,Solar
Poland,2017,0.10005297,Solar
Poland,2018,0.17706428,Solar
Poland,2019,0.43499568,Solar
Poland,2020,1.2472161,Solar
Poland,2021,2.1981096,Solar
Poland,2022,4.6528554,Solar
Poland,2023,6.712179,Solar
Poland,2024,10.260283,Solar
Poland,2025,11.28362,Solar
Portugal,1985,0.0,Solar
Portugal,1986,0.0,Solar
Portugal,1987,0.0,Solar
Portugal,1988,0.0,Solar
Portugal,1989,0.003913907,Solar
Portugal,1990,0.0,Solar
Portugal,1991,0.0,Solar
Portugal,1992,0.0,Solar
Portugal,1993,0.0,Solar
Portugal,1994,0.0,Solar
Portugal,1995,0.0,Solar
Portugal,1996,0.0,Solar
Portugal,1997,0.0,Solar
Portugal,1998,0.0,Solar
Portugal,1999,0.0,Solar
Portugal,2000,0.0,Solar
Portugal,2001,0.0,Solar
Portugal,2002,0.0,Solar
Portugal,2003,0.0,Solar
Portugal,2004,0.0,Solar
Portugal,2005,0.0,Solar
Portugal,2006,0.0,Solar
Portugal,2007,0.042817384,Solar
Portugal,2008,0.08822232,Solar
Portugal,2009,0.3240178,Solar
Portugal,2010,0.39267015,Solar
Portugal,2011,0.5407493,Solar
Portugal,2012,0.85827464,Solar
Portugal,2013,0.9533267,Solar
Portugal,2014,1.2162162,Solar
Portugal,2015,1.5643332,Solar
Portugal,2016,1.4733278,Solar
Portugal,2017,1.7190485,Solar
Portugal,2018,1.730934,Solar
Portugal,2019,2.5968993,Solar
Portugal,2020,3.3469548,Solar
Portugal,2021,4.5509953,Solar
Portugal,2022,7.5976686,Solar
Portugal,2023,11.183354,Solar
Portugal,2024,14.998942,Solar
Portugal,2025,17.328377,Solar
Puerto Rico,2000,0.0,Solar
Puerto Rico,2001,0.0,Solar
Puerto Rico,2002,0.0,Solar
Puerto Rico,2003,0.0,Solar
Puerto Rico,2004,0.0,Solar
Puerto Rico,2005,0.0,Solar
Puerto Rico,2006,0.0,Solar
Puerto Rico,2007,0.0,Solar
Puerto Rico,2008,0.0,Solar
Puerto Rico,2009,0.0,Solar
Puerto Rico,2010,0.0,Solar
Puerto Rico,2011,0.0,Solar
Puerto Rico,2012,0.0896861,Solar
Puerto Rico,2013,0.18621974,Solar
Puerto Rico,2014,0.23741691,Solar
Puerto Rico,2015,0.43062204,Solar
Puerto Rico,2016,0.5813953,Solar
Puerto Rico,2017,0.976801,Solar
Puerto Rico,2018,1.7524024,Solar
Puerto Rico,2019,2.6109662,Solar
Puerto Rico,2020,2.9365497,Solar
Puerto Rico,2021,3.5123966,Solar
Puerto Rico,2022,4.271357,Solar
Puerto Rico,2023,4.271357,Solar
Puerto Rico,2024,4.7999997,Solar
Puerto Rico,2025,4.933399,Solar
Qatar,1985,0.0,Solar
Qatar,1986,0.0,Solar
Qatar,1987,0.0,Solar
Qatar,1988,0.0,Solar
Qatar,1989,0.0,Solar
Qatar,1990,0.0,Solar
Qatar,1991,0.0,Solar
Qatar,1992,0.0,Solar
Qatar,1993,0.0,Solar
Qatar,1994,0.0,Solar
Qatar,1995,0.0,Solar
Qatar,1996,0.0,Solar
Qatar,1997,0.0,Solar
Qatar,1998,0.0,Solar
Qatar,1999,0.0,Solar
Qatar,2000,0.0,Solar
Qatar,2001,0.0,Solar
Qatar,2002,0.0,Solar
Qatar,2003,0.0,Solar
Qatar,2004,0.0,Solar
Qatar,2005,0.0,Solar
Qatar,2006,0.0,Solar
Qatar,2007,0.0,Solar
Qatar,2008,0.0,Solar
Qatar,2009,0.0,Solar
Qatar,2010,0.0,Solar
Qatar,2011,0.0,Solar
Qatar,2012,0.0,Solar
Qatar,2013,0.0,Solar
Qatar,2014,0.025773196,Solar
Qatar,2015,0.024021138,Solar
Qatar,2016,0.023562677,Solar
Qatar,2017,0.021881837,Solar
Qatar,2018,0.020807324,Solar
Qatar,2019,0.02,Solar
Qatar,2020,0.020242915,Solar
Qatar,2021,0.019308746,Solar
Qatar,2022,1.0776255,Solar
Qatar,2023,3.3345158,Solar
Qatar,2024,3.7932253,Solar
Qatar,2025,3.826985,Solar
Reunion,2004,0.0,Solar
Reunion,2005,0.0,Solar
Reunion,2006,0.0,Solar
Reunion,2007,0.0,Solar
Reunion,2008,0.0,Solar
Reunion,2009,0.7633588,Solar
Reunion,2010,2.9629629,Solar
Reunion,2011,5.090909,Solar
Reunion,2012,6.737589,Solar
Reunion,2013,7.801419,Solar
Reunion,2014,8.391608,Solar
Reunion,2015,8.275862,Solar
Reunion,2016,8.843537,Solar
Reunion,2017,8.724832,Solar
Reunion,2018,8.474576,Solar
Reunion,2019,8.52459,Solar
Reunion,2020,6.860158,Solar
Reunion,2021,8.7378645,Solar
Reunion,2022,8.82353,Solar
Reunion,2023,9.446254,Solar
Romania,1985,0.0,Solar
Romania,1986,0.0,Solar
Romania,1987,0.0,Solar
Romania,1988,0.0,Solar
Romania,1989,0.0,Solar
Romania,1990,0.0,Solar
Romania,1991,0.0,Solar
Romania,1992,0.0,Solar
Romania,1993,0.0,Solar
Romania,1994,0.0,Solar
Romania,1995,0.0,Solar
Romania,1996,0.0,Solar
Romania,1997,0.0,Solar
Romania,1998,0.0,Solar
Romania,1999,0.0,Solar
Romania,2000,0.0,Solar
Romania,2001,0.0,Solar
Romania,2002,0.0,Solar
Romania,2003,0.0,Solar
Romania,2004,0.0,Solar
Romania,2005,0.0,Solar
Romania,2006,0.0,Solar
Romania,2007,0.0,Solar
Romania,2008,0.0,Solar
Romania,2009,0.0,Solar
Romania,2010,0.0,Solar
Romania,2011,0.0,Solar
Romania,2012,0.017082335,Solar
Romania,2013,0.7217735,Solar
Romania,2014,2.495379,Solar
Romania,2015,3.0155344,Solar
Romania,2016,2.8340082,Solar
Romania,2017,2.92729,Solar
Romania,2018,2.7626033,Solar
Romania,2019,3.0292716,Solar
Romania,2020,3.1334903,Solar
Romania,2021,2.9030054,Solar
Romania,2022,3.6353672,Solar
Romania,2023,3.9157155,Solar
Romania,2024,6.4871016,Solar
Romania,2025,9.79723,Solar
Russia,1985,0.0,Solar
Russia,1986,0.0,Solar
Russia,1987,0.0,Solar
Russia,1988,0.0,Solar
Russia,1989,0.0,Solar
Russia,1990,0.0,Solar
Russia,1991,0.0,Solar
Russia,1992,0.0,Solar
Russia,1993,0.0,Solar
Russia,1994,0.0,Solar
Russia,1995,0.0,Solar
Russia,1996,0.0,Solar
Russia,1997,0.0,Solar
Russia,1998,0.0,Solar
Russia,1999,0.0,Solar
Russia,2000,0.0,Solar
Russia,2001,0.0,Solar
Russia,2002,0.0,Solar
Russia,2003,0.0,Solar
Russia,2004,0.0,Solar
Russia,2005,0.0,Solar
Russia,2006,0.0,Solar
Russia,2007,0.0,Solar
Russia,2008,0.0,Solar
Russia,2009,0.0,Solar
Russia,2010,0.0,Solar
Russia,2011,0.0,Solar
Russia,2012,0.0,Solar
Russia,2013,0.00094421575,Solar
Russia,2014,0.015034768,Solar
Russia,2015,0.031848624,Solar
Russia,2016,0.04308093,Solar
Russia,2017,0.049488164,Solar
Russia,2018,0.055896647,Solar
Russia,2019,0.08853831,Solar
Russia,2020,0.17136224,Solar
Russia,2021,0.19964221,Solar
Russia,2022,0.20566612,Solar
Russia,2023,0.2232124,Solar
Russia,2024,0.24146,Solar
Russia,2025,0.23809722,Solar
Rwanda,2000,0.0,Solar
Rwanda,2001,0.0,Solar
Rwanda,2002,0.0,Solar
Rwanda,2003,0.0,Solar
Rwanda,2004,0.0,Solar
Rwanda,2005,0.0,Solar
Rwanda,2006,0.0,Solar
Rwanda,2007,0.0,Solar
Rwanda,2008,0.0,Solar
Rwanda,2009,0.0,Solar
Rwanda,2010,0.0,Solar
Rwanda,2011,0.0,Solar
Rwanda,2012,0.0,Solar
Rwanda,2013,0.0,Solar
Rwanda,2014,0.0,Solar
Rwanda,2015,1.9607843,Solar
Rwanda,2016,3.125,Solar
Rwanda,2017,3.0769231,Solar
Rwanda,2018,3.6585364,Solar
Rwanda,2019,3.5294116,Solar
Rwanda,2020,3.3707864,Solar
Rwanda,2021,4.0,Solar
Rwanda,2022,3.846154,Solar
Rwanda,2023,3.6363635,Solar
Rwanda,2024,3.539823,Solar
Saint Helena,2000,0.0,Solar
Saint Helena,2001,0.0,Solar
Saint Helena,2002,0.0,Solar
Saint Helena,2003,0.0,Solar
Saint Helena,2004,0.0,Solar
Saint Helena,2005,0.0,Solar
Saint Helena,2006,0.0,Solar
Saint Helena,2007,0.0,Solar
Saint Helena,2008,0.0,Solar
Saint Helena,2009,0.0,Solar
Saint Helena,2010,0.0,Solar
Saint Helena,2011,0.0,Solar
Saint Helena,2012,0.0,Solar
Saint Helena,2013,0.0,Solar
Saint Helena,2014,0.0,Solar
Saint Helena,2015,0.0,Solar
Saint Helena,2016,0.0,Solar
Saint Helena,2017,0.0,Solar
Saint Helena,2018,0.0,Solar
Saint Helena,2019,0.0,Solar
Saint Helena,2020,0.0,Solar
Saint Helena,2021,0.0,Solar
Saint Helena,2022,0.0,Solar
Saint Helena,2023,0.0,Solar
Saint Kitts and Nevis,2000,0.0,Solar
Saint Kitts and Nevis,2001,0.0,Solar
Saint Kitts and Nevis,2002,0.0,Solar
Saint Kitts and Nevis,2003,0.0,Solar
Saint Kitts and Nevis,2004,0.0,Solar
Saint Kitts and Nevis,2005,0.0,Solar
Saint Kitts and Nevis,2006,0.0,Solar
Saint Kitts and Nevis,2007,0.0,Solar
Saint Kitts and Nevis,2008,0.0,Solar
Saint Kitts and Nevis,2009,0.0,Solar
Saint Kitts and Nevis,2010,0.0,Solar
Saint Kitts and Nevis,2011,0.0,Solar
Saint Kitts and Nevis,2012,0.0,Solar
Saint Kitts and Nevis,2013,0.0,Solar
Saint Kitts and Nevis,2014,0.0,Solar
Saint Kitts and Nevis,2015,0.0,Solar
Saint Kitts and Nevis,2016,0.0,Solar
Saint Kitts and Nevis,2017,0.0,Solar
Saint Kitts and Nevis,2018,0.0,Solar
Saint Kitts and Nevis,2019,0.0,Solar
Saint Kitts and Nevis,2020,0.0,Solar
Saint Kitts and Nevis,2021,0.0,Solar
Saint Kitts and Nevis,2022,0.0,Solar
Saint Kitts and Nevis,2023,0.0,Solar
Saint Kitts and Nevis,2024,4.347826,Solar
Saint Lucia,2000,0.0,Solar
Saint Lucia,2001,0.0,Solar
Saint Lucia,2002,0.0,Solar
Saint Lucia,2003,0.0,Solar
Saint Lucia,2004,0.0,Solar
Saint Lucia,2005,0.0,Solar
Saint Lucia,2006,0.0,Solar
Saint Lucia,2007,0.0,Solar
Saint Lucia,2008,0.0,Solar
Saint Lucia,2009,0.0,Solar
Saint Lucia,2010,0.0,Solar
Saint Lucia,2011,0.0,Solar
Saint Lucia,2012,0.0,Solar
Saint Lucia,2013,0.0,Solar
Saint Lucia,2014,0.0,Solar
Saint Lucia,2015,0.0,Solar
Saint Lucia,2016,0.0,Solar
Saint Lucia,2017,0.0,Solar
Saint Lucia,2018,2.4390244,Solar
Saint Lucia,2019,2.3809524,Solar
Saint Lucia,2020,2.631579,Solar
Saint Lucia,2021,2.5,Solar
Saint Lucia,2022,2.5,Solar
Saint Lucia,2023,2.5,Solar
Saint Lucia,2024,2.5,Solar
Saint Pierre and Miquelon,2000,0.0,Solar
Saint Pierre and Miquelon,2001,0.0,Solar
Saint Pierre and Miquelon,2002,0.0,Solar
Saint Pierre and Miquelon,2003,0.0,Solar
Saint Pierre and Miquelon,2004,0.0,Solar
Saint Pierre and Miquelon,2005,0.0,Solar
Saint Pierre and Miquelon,2006,0.0,Solar
Saint Pierre and Miquelon,2007,0.0,Solar
Saint Pierre and Miquelon,2008,0.0,Solar
Saint Pierre and Miquelon,2009,0.0,Solar
Saint Pierre and Miquelon,2010,0.0,Solar
Saint Pierre and Miquelon,2011,0.0,Solar
Saint Pierre and Miquelon,2012,0.0,Solar
Saint Pierre and Miquelon,2013,0.0,Solar
Saint Pierre and Miquelon,2014,0.0,Solar
Saint Pierre and Miquelon,2015,0.0,Solar
Saint Pierre and Miquelon,2016,0.0,Solar
Saint Pierre and Miquelon,2017,0.0,Solar
Saint Pierre and Miquelon,2018,0.0,Solar
Saint Pierre and Miquelon,2019,0.0,Solar
Saint Pierre and Miquelon,2020,0.0,Solar
Saint Pierre and Miquelon,2021,0.0,Solar
Saint Pierre and Miquelon,2022,0.0,Solar
Saint Pierre and Miquelon,2023,0.0,Solar
Saint Vincent and the Grenadines,2000,0.0,Solar
Saint Vincent and the Grenadines,2001,0.0,Solar
Saint Vincent and the Grenadines,2002,0.0,Solar
Saint Vincent and the Grenadines,2003,0.0,Solar
Saint Vincent and the Grenadines,2004,0.0,Solar
Saint Vincent and the Grenadines,2005,0.0,Solar
Saint Vincent and the Grenadines,2006,0.0,Solar
Saint Vincent and the Grenadines,2007,0.0,Solar
Saint Vincent and the Grenadines,2008,0.0,Solar
Saint Vincent and the Grenadines,2009,0.0,Solar
Saint Vincent and the Grenadines,2010,0.0,Solar
Saint Vincent and the Grenadines,2011,0.0,Solar
Saint Vincent and the Grenadines,2012,0.0,Solar
Saint Vincent and the Grenadines,2013,0.0,Solar
Saint Vincent and the Grenadines,2014,0.0,Solar
Saint Vincent and the Grenadines,2015,0.0,Solar
Saint Vincent and the Grenadines,2016,0.0,Solar
Saint Vincent and the Grenadines,2017,0.0,Solar
Saint Vincent and the Grenadines,2018,0.0,Solar
Saint Vincent and the Grenadines,2019,0.0,Solar
Saint Vincent and the Grenadines,2020,0.0,Solar
Saint Vincent and the Grenadines,2021,0.0,Solar
Saint Vincent and the Grenadines,2022,0.0,Solar
Saint Vincent and the Grenadines,2023,0.0,Solar
Saint Vincent and the Grenadines,2024,0.0,Solar
Samoa,2000,0.0,Solar
Samoa,2001,0.0,Solar
Samoa,2002,0.0,Solar
Samoa,2003,0.0,Solar
Samoa,2004,0.0,Solar
Samoa,2005,0.0,Solar
Samoa,2006,0.0,Solar
Samoa,2007,0.0,Solar
Samoa,2008,0.0,Solar
Samoa,2009,0.0,Solar
Samoa,2010,0.0,Solar
Samoa,2011,0.0,Solar
Samoa,2012,0.0,Solar
Samoa,2013,0.0,Solar
Samoa,2014,0.0,Solar
Samoa,2015,7.692308,Solar
Samoa,2016,13.333332,Solar
Samoa,2017,12.5,Solar
Samoa,2018,13.333332,Solar
Samoa,2019,11.764706,Solar
Samoa,2020,11.111111,Solar
Samoa,2021,11.764706,Solar
Samoa,2022,12.5,Solar
Samoa,2023,13.333332,Solar
Samoa,2024,18.75,Solar
Sao Tome and Principe,2000,0.0,Solar
Sao Tome and Principe,2001,0.0,Solar
Sao Tome and Principe,2002,0.0,Solar
Sao Tome and Principe,2003,0.0,Solar
Sao Tome and Principe,2004,0.0,Solar
Sao Tome and Principe,2005,0.0,Solar
Sao Tome and Principe,2006,0.0,Solar
Sao Tome and Principe,2007,0.0,Solar
Sao Tome and Principe,2008,0.0,Solar
Sao Tome and Principe,2009,0.0,Solar
Sao Tome and Principe,2010,0.0,Solar
Sao Tome and Principe,2011,0.0,Solar
Sao Tome and Principe,2012,0.0,Solar
Sao Tome and Principe,2013,0.0,Solar
Sao Tome and Principe,2014,0.0,Solar
Sao Tome and Principe,2015,0.0,Solar
Sao Tome and Principe,2016,0.0,Solar
Sao Tome and Principe,2017,0.0,Solar
Sao Tome and Principe,2018,0.0,Solar
Sao Tome and Principe,2019,0.0,Solar
Sao Tome and Principe,2020,0.0,Solar
Sao Tome and Principe,2021,0.0,Solar
Sao Tome and Principe,2022,0.0,Solar
Sao Tome and Principe,2023,0.0,Solar
Saudi Arabia,1985,0.0,Solar
Saudi Arabia,1986,0.0,Solar
Saudi Arabia,1987,0.0,Solar
Saudi Arabia,1988,0.0,Solar
Saudi Arabia,1989,0.0,Solar
Saudi Arabia,1990,0.0,Solar
Saudi Arabia,1991,0.0,Solar
Saudi Arabia,1992,0.0,Solar
Saudi Arabia,1993,0.0,Solar
Saudi Arabia,1994,0.0,Solar
Saudi Arabia,1995,0.0,Solar
Saudi Arabia,1996,0.0,Solar
Saudi Arabia,1997,0.0,Solar
Saudi Arabia,1998,0.0,Solar
Saudi Arabia,1999,0.0,Solar
Saudi Arabia,2000,0.0,Solar
Saudi Arabia,2001,0.0,Solar
Saudi Arabia,2002,0.0,Solar
Saudi Arabia,2003,0.0,Solar
Saudi Arabia,2004,0.0,Solar
Saudi Arabia,2005,0.0,Solar
Saudi Arabia,2006,0.0,Solar
Saudi Arabia,2007,0.0,Solar
Saudi Arabia,2008,0.0,Solar
Saudi Arabia,2009,0.0,Solar
Saudi Arabia,2010,0.0,Solar
Saudi Arabia,2011,0.003858769,Solar
Saudi Arabia,2012,0.010652274,Solar
Saudi Arabia,2013,0.013572204,Solar
Saudi Arabia,2014,0.015234613,Solar
Saudi Arabia,2015,0.014259639,Solar
Saudi Arabia,2016,0.013979757,Solar
Saudi Arabia,2017,0.017721968,Solar
Saudi Arabia,2018,0.04269285,Solar
Saudi Arabia,2019,0.05547484,Solar
Saudi Arabia,2020,0.23890786,Solar
Saudi Arabia,2021,0.25194046,Solar
Saudi Arabia,2022,0.29767716,Solar
Saudi Arabia,2023,0.72917885,Solar
Saudi Arabia,2024,1.8102233,Solar
Senegal,2000,0.0,Solar
Senegal,2001,0.0,Solar
Senegal,2002,0.0,Solar
Senegal,2003,0.0,Solar
Senegal,2004,0.0,Solar
Senegal,2005,0.0,Solar
Senegal,2006,0.0,Solar
Senegal,2007,0.0,Solar
Senegal,2008,0.0,Solar
Senegal,2009,0.0,Solar
Senegal,2010,0.0,Solar
Senegal,2011,0.0,Solar
Senegal,2012,0.0,Solar
Senegal,2013,0.0,Solar
Senegal,2014,0.0,Solar
Senegal,2015,0.0,Solar
Senegal,2016,0.209205,Solar
Senegal,2017,1.9067798,Solar
Senegal,2018,5.0607285,Solar
Senegal,2019,5.670103,Solar
Senegal,2020,6.270627,Solar
Senegal,2021,8.1081085,Solar
Senegal,2022,8.240223,Solar
Senegal,2023,7.195122,Solar
Senegal,2024,8.912189,Solar
Serbia,1990,0.0,Solar
Serbia,1991,0.0,Solar
Serbia,1992,0.0,Solar
Serbia,1993,0.0,Solar
Serbia,1994,0.0,Solar
Serbia,1995,0.0,Solar
Serbia,1996,0.0,Solar
Serbia,1997,0.0,Solar
Serbia,1998,0.0,Solar
Serbia,1999,0.0,Solar
Serbia,2000,0.0,Solar
Serbia,2001,0.0,Solar
Serbia,2002,0.0,Solar
Serbia,2003,0.0,Solar
Serbia,2004,0.0,Solar
Serbia,2005,0.0,Solar
Serbia,2006,0.0,Solar
Serbia,2007,0.0,Solar
Serbia,2008,0.0,Solar
Serbia,2009,0.0,Solar
Serbia,2010,0.0,Solar
Serbia,2011,0.0,Solar
Serbia,2012,0.0,Solar
Serbia,2013,0.0,Solar
Serbia,2014,0.029904306,Solar
Serbia,2015,0.02660282,Solar
Serbia,2016,0.025900025,Solar
Serbia,2017,0.027442371,Solar
Serbia,2018,0.027270248,Solar
Serbia,2019,0.027129678,Solar
Serbia,2020,0.02689618,Solar
Serbia,2021,0.026695142,Solar
Serbia,2022,0.057405278,Solar
Serbia,2023,0.12712942,Solar
Serbia,2024,0.43290043,Solar
Serbia,2025,0.43691972,Solar
Seychelles,2000,0.0,Solar
Seychelles,2001,0.0,Solar
Seychelles,2002,0.0,Solar
Seychelles,2003,0.0,Solar
Seychelles,2004,0.0,Solar
Seychelles,2005,0.0,Solar
Seychelles,2006,0.0,Solar
Seychelles,2007,0.0,Solar
Seychelles,2008,0.0,Solar
Seychelles,2009,0.0,Solar
Seychelles,2010,0.0,Solar
Seychelles,2011,0.0,Solar
Seychelles,2012,0.0,Solar
Seychelles,2013,0.0,Solar
Seychelles,2014,0.0,Solar
Seychelles,2015,0.0,Solar
Seychelles,2016,0.0,Solar
Seychelles,2017,0.0,Solar
Seychelles,2018,0.0,Solar
Seychelles,2019,7.017544,Solar
Seychelles,2020,10.169492,Solar
Seychelles,2021,11.666666,Solar
Seychelles,2022,12.903225,Solar
Seychelles,2023,12.903225,Solar
Seychelles,2024,14.285715,Solar
Sierra Leone,2000,0.0,Solar
Sierra Leone,2001,0.0,Solar
Sierra Leone,2002,0.0,Solar
Sierra Leone,2003,0.0,Solar
Sierra Leone,2004,0.0,Solar
Sierra Leone,2005,0.0,Solar
Sierra Leone,2006,0.0,Solar
Sierra Leone,2007,0.0,Solar
Sierra Leone,2008,0.0,Solar
Sierra Leone,2009,0.0,Solar
Sierra Leone,2010,0.0,Solar
Sierra Leone,2011,0.0,Solar
Sierra Leone,2012,0.0,Solar
Sierra Leone,2013,0.0,Solar
Sierra Leone,2014,0.0,Solar
Sierra Leone,2015,0.0,Solar
Sierra Leone,2016,0.0,Solar
Sierra Leone,2017,4.347826,Solar
Sierra Leone,2018,3.7037034,Solar
Sierra Leone,2019,5.0,Solar
Sierra Leone,2020,5.0,Solar
Sierra Leone,2021,5.0,Solar
Sierra Leone,2022,5.0,Solar
Sierra Leone,2023,9.523809,Solar
Sierra Leone,2024,9.523809,Solar
Singapore,1985,0.0,Solar
Singapore,1986,0.0,Solar
Singapore,1987,0.0,Solar
Singapore,1988,0.0,Solar
Singapore,1989,0.0,Solar
Singapore,1990,0.0,Solar
Singapore,1991,0.0,Solar
Singapore,1992,0.0,Solar
Singapore,1993,0.0,Solar
Singapore,1994,0.0,Solar
Singapore,1995,0.0,Solar
Singapore,1996,0.0,Solar
Singapore,1997,0.0,Solar
Singapore,1998,0.0,Solar
Singapore,1999,0.0,Solar
Singapore,2000,0.0,Solar
Singapore,2001,0.0,Solar
Singapore,2002,0.0,Solar
Singapore,2003,0.0,Solar
Singapore,2004,0.0,Solar
Singapore,2005,0.0,Solar
Singapore,2006,0.0,Solar
Singapore,2007,0.0,Solar
Singapore,2008,0.0,Solar
Singapore,2009,0.0,Solar
Singapore,2010,0.0,Solar
Singapore,2011,0.0,Solar
Singapore,2012,0.0,Solar
Singapore,2013,0.0,Solar
Singapore,2014,0.0,Solar
Singapore,2015,0.0,Solar
Singapore,2016,0.17445242,Solar
Singapore,2017,0.22953328,Solar
Singapore,2018,0.26430055,Solar
Singapore,2019,0.35094202,Solar
Singapore,2020,0.56529117,Solar
Singapore,2021,0.7169744,Solar
Singapore,2022,1.1770908,Solar
Singapore,2023,1.6399163,Solar
Singapore,2024,2.1472907,Solar
Singapore,2025,2.726517,Solar
Slovakia,1985,0.0,Solar
Slovakia,1986,0.0,Solar
Slovakia,1987,0.0,Solar
Slovakia,1988,0.0,Solar
Slovakia,1989,0.0,Solar
Slovakia,1990,0.0,Solar
Slovakia,1991,0.0,Solar
Slovakia,1992,0.0,Solar
Slovakia,1993,0.0,Solar
Slovakia,1994,0.0,Solar
Slovakia,1995,0.0,Solar
Slovakia,1996,0.0,Solar
Slovakia,1997,0.0,Solar
Slovakia,1998,0.0,Solar
Slovakia,1999,0.0,Solar
Slovakia,2000,0.0,Solar
Slovakia,2001,0.0,Solar
Slovakia,2002,0.0,Solar
Slovakia,2003,0.0,Solar
Slovakia,2004,0.0,Solar
Slovakia,2005,0.0,Solar
Slovakia,2006,0.0,Solar
Slovakia,2007,0.0,Solar
Slovakia,2008,0.0,Solar
Slovakia,2009,0.0,Solar
Slovakia,2010,0.07283321,Solar
Slovakia,2011,1.4144272,Solar
Slovakia,2012,1.4840989,Solar
Slovakia,2013,2.0701754,Solar
Slovakia,2014,2.211574,Solar
Slovakia,2015,1.9158527,Solar
Slovakia,2016,1.9776119,Solar
Slovakia,2017,1.8599561,Solar
Slovakia,2018,2.1755438,Solar
Slovakia,2019,2.091457,Solar
Slovakia,2020,2.3149772,Solar
Slovakia,2021,2.2558923,Solar
Slovakia,2022,2.4491332,Solar
Slovakia,2023,2.065696,Solar
Slovakia,2024,2.3373983,Solar
Slovakia,2025,2.4054983,Solar
Slovenia,1990,0.0,Solar
Slovenia,1991,0.0,Solar
Slovenia,1992,0.0,Solar
Slovenia,1993,0.0,Solar
Slovenia,1994,0.0,Solar
Slovenia,1995,0.0,Solar
Slovenia,1996,0.0,Solar
Slovenia,1997,0.0,Solar
Slovenia,1998,0.0,Solar
Slovenia,1999,0.0,Solar
Slovenia,2000,0.0,Solar
Slovenia,2001,0.0,Solar
Slovenia,2002,0.0,Solar
Slovenia,2003,0.0,Solar
Slovenia,2004,0.0,Solar
Slovenia,2005,0.0,Solar
Slovenia,2006,0.0,Solar
Slovenia,2007,0.0,Solar
Slovenia,2008,0.0,Solar
Slovenia,2009,0.0,Solar
Slovenia,2010,0.061500613,Solar
Slovenia,2011,0.4396985,Solar
Slovenia,2012,1.0289389,Solar
Slovenia,2013,1.392405,Solar
Slovenia,2014,1.516035,Solar
Slovenia,2015,1.8243244,Solar
Slovenia,2016,1.663586,Solar
Slovenia,2017,1.7445483,Solar
Slovenia,2018,1.5508684,Solar
Slovenia,2019,1.8879799,Solar
Slovenia,2020,2.1906455,Solar
Slovenia,2021,2.8864655,Solar
Slovenia,2022,4.865269,Solar
Slovenia,2023,6.302251,Solar
Slovenia,2024,7.6002398,Solar
Slovenia,2025,10.377358,Solar
Solomon Islands,2000,0.0,Solar
Solomon Islands,2001,0.0,Solar
Solomon Islands,2002,0.0,Solar
Solomon Islands,2003,0.0,Solar
Solomon Islands,2004,0.0,Solar
Solomon Islands,2005,0.0,Solar
Solomon Islands,2006,0.0,Solar
Solomon Islands,2007,0.0,Solar
Solomon Islands,2008,0.0,Solar
Solomon Islands,2009,0.0,Solar
Solomon Islands,2010,0.0,Solar
Solomon Islands,2011,0.0,Solar
Solomon Islands,2012,0.0,Solar
Solomon Islands,2013,0.0,Solar
Solomon Islands,2014,0.0,Solar
Solomon Islands,2015,0.0,Solar
Solomon Islands,2016,0.0,Solar
Solomon Islands,2017,0.0,Solar
Solomon Islands,2018,0.0,Solar
Solomon Islands,2019,0.0,Solar
Solomon Islands,2020,0.0,Solar
Solomon Islands,2021,0.0,Solar
Solomon Islands,2022,9.090909,Solar
Solomon Islands,2023,9.090909,Solar
Solomon Islands,2024,9.090909,Solar
Somalia,2000,0.0,Solar
Somalia,2001,0.0,Solar
Somalia,2002,0.0,Solar
Somalia,2003,0.0,Solar
Somalia,2004,0.0,Solar
Somalia,2005,0.0,Solar
Somalia,2006,0.0,Solar
Somalia,2007,0.0,Solar
Somalia,2008,0.0,Solar
Somalia,2009,0.0,Solar
Somalia,2010,0.0,Solar
Somalia,2011,0.0,Solar
Somalia,2012,0.0,Solar
Somalia,2013,0.0,Solar
Somalia,2014,0.0,Solar
Somalia,2015,0.0,Solar
Somalia,2016,2.7777777,Solar
Somalia,2017,2.7027025,Solar
Somalia,2018,2.7027025,Solar
Somalia,2019,2.7027025,Solar
Somalia,2020,5.405405,Solar
Somalia,2021,7.894737,Solar
Somalia,2022,16.666668,Solar
Somalia,2023,16.666668,Solar
Somalia,2024,18.60465,Solar
South Africa,1985,0.0,Solar
South Africa,1986,0.0,Solar
South Africa,1987,0.0,Solar
South Africa,1988,0.0,Solar
South Africa,1989,0.0,Solar
South Africa,1990,0.0,Solar
South Africa,1991,0.0,Solar
South Africa,1992,0.0,Solar
South Africa,1993,0.0,Solar
South Africa,1994,0.0,Solar
South Africa,1995,0.0,Solar
South Africa,1996,0.0,Solar
South Africa,1997,0.0,Solar
South Africa,1998,0.0,Solar
South Africa,1999,0.0,Solar
South Africa,2000,0.0,Solar
South Africa,2001,0.0,Solar
South Africa,2002,0.009067005,Solar
South Africa,2003,0.008538251,Solar
South Africa,2004,0.00817628,Solar
South Africa,2005,0.008165599,Solar
South Africa,2006,0.00787991,Solar
South Africa,2007,0.007590421,Solar
South Africa,2008,0.007743234,Solar
South Africa,2009,0.008014104,Solar
South Africa,2010,0.007704457,Solar
South Africa,2011,0.0076196278,Solar
South Africa,2012,0.011633769,Solar
South Africa,2013,0.019535067,Solar
South Africa,2014,0.42391178,Solar
South Africa,2015,0.95980805,Solar
South Africa,2016,1.1906174,Solar
South Africa,2017,1.5442502,Solar
South Africa,2018,1.7713617,Solar
South Africa,2019,2.133797,Solar
South Africa,2020,2.8993936,Solar
South Africa,2021,3.194003,Solar
South Africa,2022,4.3734584,Solar
South Africa,2023,6.357588,Solar
South Africa,2024,7.3933415,Solar
South Africa,2025,8.024386,Solar
South Korea,1985,0.0,Solar
South Korea,1986,0.0,Solar
South Korea,1987,0.0,Solar
South Korea,1988,0.0,Solar
South Korea,1989,0.0,Solar
South Korea,1990,0.0008441612,Solar
South Korea,1991,0.00075978524,Solar
South Korea,1992,0.0013657538,Solar
South Korea,1993,0.0012353233,Solar
South Korea,1994,0.0010907175,Solar
South Korea,1995,0.0009825766,Solar
South Korea,1996,0.0013283405,Solar
South Korea,1997,0.0012166068,Solar
South Korea,1998,0.0016863592,Solar
South Korea,1999,0.0017440253,Solar
South Korea,2000,0.003442933,Solar
South Korea,2001,0.0032270555,Solar
South Korea,2002,0.0030119573,Solar
South Korea,2003,0.0028754638,Solar
South Korea,2004,0.0027172437,Solar
South Korea,2005,0.0025675918,Solar
South Korea,2006,0.0074443533,Solar
South Korea,2007,0.016454713,Solar
South Korea,2008,0.063261114,Solar
South Korea,2009,0.12598076,Solar
South Korea,2010,0.15554613,Solar
South Korea,2011,0.17755134,Solar
South Korea,2012,0.21272188,Solar
South Korea,2013,0.31089434,Solar
South Korea,2014,0.49779785,Solar
South Korea,2015,0.77217966,Solar
South Korea,2016,0.98399234,Solar
South Korea,2017,1.3427942,Solar
South Korea,2018,1.7152689,Solar
South Korea,2019,2.4182005,Solar
South Korea,2020,3.351181,Solar
South Korea,2021,4.0673947,Solar
South Korea,2022,4.9358325,Solar
South Korea,2023,5.3830833,Solar
South Korea,2024,5.232019,Solar
South Korea,2025,6.051292,Solar
South Sudan,2012,0.0,Solar
South Sudan,2013,0.0,Solar
South Sudan,2014,0.0,Solar
South Sudan,2015,0.0,Solar
South Sudan,2016,0.0,Solar
South Sudan,2017,0.0,Solar
South Sudan,2018,0.0,Solar
South Sudan,2019,0.0,Solar
South Sudan,2020,1.7857143,Solar
South Sudan,2021,1.754386,Solar
South Sudan,2022,1.9607843,Solar
South Sudan,2023,1.7857143,Solar
South Sudan,2024,1.7857143,Solar
Spain,1985,0.0,Solar
Spain,1986,0.0,Solar
Spain,1987,0.0,Solar
Spain,1988,0.0,Solar
Spain,1989,0.0041213324,Solar
Spain,1990,0.0066155065,Solar
Spain,1991,0.006463706,Solar
Spain,1992,0.006383658,Solar
Spain,1993,0.006446622,Solar
Spain,1994,0.0062425868,Solar
Spain,1995,0.012116071,Solar
Spain,1996,0.011546677,Solar
Spain,1997,0.010574737,Solar
Spain,1998,0.010341796,Solar
Spain,1999,0.014589311,Solar
Spain,2000,0.0045265253,Solar
Spain,2001,0.008581112,Solar
Spain,2002,0.008336459,Solar
Spain,2003,0.0077730278,Solar
Spain,2004,0.007230397,Solar
Spain,2005,0.017273545,Solar
Spain,2006,0.040596772,Solar
Spain,2007,0.17226529,Solar
Spain,2008,0.8328222,Solar
Spain,2009,2.0844798,Solar
Spain,2010,2.4143722,Solar
Spain,2011,3.2242572,Solar
Spain,2012,4.072121,Solar
Spain,2013,4.654303,Solar
Spain,2014,4.9810524,Solar
Spain,2015,5.0005407,Solar
Spain,2016,5.0387883,Solar
Spain,2017,5.2867317,Solar
Spain,2018,4.6941786,Solar
Spain,2019,5.581843,Solar
Spain,2020,7.966239,Solar
Spain,2021,10.009233,Solar
Spain,2022,12.439492,Solar
Spain,2023,17.408907,Solar
Spain,2024,20.748203,Solar
Spain,2025,21.848621,Solar
Sri Lanka,1985,0.0,Solar
Sri Lanka,1986,0.0,Solar
Sri Lanka,1987,0.0,Solar
Sri Lanka,1988,0.0,Solar
Sri Lanka,1989,0.0,Solar
Sri Lanka,1990,0.0,Solar
Sri Lanka,1991,0.0,Solar
Sri Lanka,1992,0.0,Solar
Sri Lanka,1993,0.0,Solar
Sri Lanka,1994,0.0,Solar
Sri Lanka,1995,0.0,Solar
Sri Lanka,1996,0.0,Solar
Sri Lanka,1997,0.0,Solar
Sri Lanka,1998,0.0,Solar
Sri Lanka,1999,0.0,Solar
Sri Lanka,2000,0.0,Solar
Sri Lanka,2001,0.0,Solar
Sri Lanka,2002,0.0,Solar
Sri Lanka,2003,0.0,Solar
Sri Lanka,2004,0.0,Solar
Sri Lanka,2005,0.11337869,Solar
Sri Lanka,2006,0.105932206,Solar
Sri Lanka,2007,0.10121457,Solar
Sri Lanka,2008,0.100806445,Solar
Sri Lanka,2009,0.10111223,Solar
Sri Lanka,2010,0.09328358,Solar
Sri Lanka,2011,0.08658008,Solar
Sri Lanka,2012,0.08474576,Solar
Sri Lanka,2013,0.1669449,Solar
Sri Lanka,2014,0.24096385,Solar
Sri Lanka,2015,0.3028009,Solar
Sri Lanka,2016,0.349406,Solar
Sri Lanka,2017,1.0073875,Solar
Sri Lanka,2018,1.3690106,Solar
Sri Lanka,2019,2.039592,Solar
Sri Lanka,2020,2.7878788,Solar
Sri Lanka,2021,3.655054,Solar
Sri Lanka,2022,5.014925,Solar
Sri Lanka,2023,6.1012816,Solar
Sri Lanka,2024,7.674282,Solar
Sri Lanka,2025,16.463768,Solar
Sudan,2000,0.0,Solar
Sudan,2001,0.0,Solar
Sudan,2002,0.0,Solar
Sudan,2003,0.0,Solar
Sudan,2004,0.0,Solar
Sudan,2005,0.0,Solar
Sudan,2006,0.0,Solar
Sudan,2007,0.0,Solar
Sudan,2008,0.0,Solar
Sudan,2009,0.0,Solar
Sudan,2010,0.0,Solar
Sudan,2011,0.0,Solar
Sudan,2012,0.10526316,Solar
Sudan,2013,0.096618354,Solar
Sudan,2014,0.08764242,Solar
Sudan,2015,0.07639419,Solar
Sudan,2016,0.13726836,Solar
Sudan,2017,0.12738854,Solar
Sudan,2018,0.12195122,Solar
Sudan,2019,0.12330457,Solar
Sudan,2020,0.1744186,Solar
Sudan,2021,0.16949151,Solar
Sudan,2022,0.77473176,Solar
Sudan,2023,0.9648518,Solar
Sudan,2024,1.0832769,Solar
Suriname,2000,0.0,Solar
Suriname,2001,0.0,Solar
Suriname,2002,0.0,Solar
Suriname,2003,0.0,Solar
Suriname,2004,0.0,Solar
Suriname,2005,0.0,Solar
Suriname,2006,0.0,Solar
Suriname,2007,0.0,Solar
Suriname,2008,0.0,Solar
Suriname,2009,0.0,Solar
Suriname,2010,0.0,Solar
Suriname,2011,0.0,Solar
Suriname,2012,0.0,Solar
Suriname,2013,0.0,Solar
Suriname,2014,0.0,Solar
Suriname,2015,0.5376344,Solar
Suriname,2016,0.5494505,Solar
Suriname,2017,0.5524862,Solar
Suriname,2018,0.5263158,Solar
Suriname,2019,0.49019608,Solar
Suriname,2020,0.4878049,Solar
Suriname,2021,0.4784689,Solar
Suriname,2022,0.47393367,Solar
Suriname,2023,0.57803464,Solar
Suriname,2024,0.57471263,Solar
Sweden,1985,0.0,Solar
Sweden,1986,0.0,Solar
Sweden,1987,0.0,Solar
Sweden,1988,0.0,Solar
Sweden,1989,0.0,Solar
Sweden,1990,0.0,Solar
Sweden,1991,0.0,Solar
Sweden,1992,0.0,Solar
Sweden,1993,0.0,Solar
Sweden,1994,0.0,Solar
Sweden,1995,0.0,Solar
Sweden,1996,0.0,Solar
Sweden,1997,0.0,Solar
Sweden,1998,0.0,Solar
Sweden,1999,0.0,Solar
Sweden,2000,0.0,Solar
Sweden,2001,0.0,Solar
Sweden,2002,0.0,Solar
Sweden,2003,0.0,Solar
Sweden,2004,0.0,Solar
Sweden,2005,0.0,Solar
Sweden,2006,0.0,Solar
Sweden,2007,0.0,Solar
Sweden,2008,0.0,Solar
Sweden,2009,0.007320644,Solar
Sweden,2010,0.006736275,Solar
Sweden,2011,0.0066542453,Solar
Sweden,2012,0.012016342,Solar
Sweden,2013,0.026138665,Solar
Sweden,2014,0.032560565,Solar
Sweden,2015,0.061728396,Solar
Sweden,2016,0.089806914,Solar
Sweden,2017,0.1400475,Solar
Sweden,2018,0.25097942,Solar
Sweden,2019,0.40375254,Solar
Sweden,2020,0.6411039,Solar
Sweden,2021,0.8906741,Solar
Sweden,2022,1.144178,Solar
Sweden,2023,1.8729297,Solar
Sweden,2024,2.4164972,Solar
Sweden,2025,2.5950441,Solar
Switzerland,1985,0.0,Solar
Switzerland,1986,0.0,Solar
Switzerland,1987,0.0,Solar
Switzerland,1988,0.0,Solar
Switzerland,1989,0.0,Solar
Switzerland,1990,0.0017852226,Solar
Switzerland,1991,0.003444603,Solar
Switzerland,1992,0.0050404985,Solar
Switzerland,1993,0.006498189,Solar
Switzerland,1994,0.0075603803,Solar
Switzerland,1995,0.009544616,Solar
Switzerland,1996,0.012210364,Solar
Switzerland,1997,0.011128407,Solar
Switzerland,1998,0.012640639,Solar
Switzerland,1999,0.014573581,Solar
Switzerland,2000,0.0151240155,Solar
Switzerland,2001,0.014074595,Solar
Switzerland,2002,0.015288181,Solar
Switzerland,2003,0.030609123,Solar
Switzerland,2004,0.031313606,Solar
Switzerland,2005,0.034602076,Solar
Switzerland,2006,0.03219057,Solar
Switzerland,2007,0.04516032,Solar
Switzerland,2008,0.05966587,Solar
Switzerland,2009,0.074996255,Solar
Switzerland,2010,0.1362604,Solar
Switzerland,2011,0.27035624,Solar
Switzerland,2012,0.44033468,Solar
Switzerland,2013,0.72790796,Solar
Switzerland,2014,1.1986301,Solar
Switzerland,2015,1.6951718,Solar
Switzerland,2016,2.1767595,Solar
Switzerland,2017,2.7930174,Solar
Switzerland,2018,2.94162,Solar
Switzerland,2019,3.0891314,Solar
Switzerland,2020,3.7956202,Solar
Switzerland,2021,4.501506,Solar
Switzerland,2022,6.2540503,Solar
Switzerland,2023,6.5934067,Solar
Switzerland,2024,7.222151,Solar
Switzerland,2025,12.134728,Solar
Syria,2000,0.0,Solar
Syria,2001,0.0,Solar
Syria,2002,0.0,Solar
Syria,2003,0.0,Solar
Syria,2004,0.0,Solar
Syria,2005,0.0,Solar
Syria,2006,0.0,Solar
Syria,2007,0.0,Solar
Syria,2008,0.0,Solar
Syria,2009,0.0,Solar
Syria,2010,0.0,Solar
Syria,2011,0.0,Solar
Syria,2012,0.0,Solar
Syria,2013,0.0,Solar
Syria,2014,0.0,Solar
Syria,2015,0.0,Solar
Syria,2016,0.0,Solar
Syria,2017,0.0,Solar
Syria,2018,0.0,Solar
Syria,2019,0.0,Solar
Syria,2020,0.09510223,Solar
Syria,2021,0.27637035,Solar
Syria,2022,0.49800798,Solar
Syria,2023,0.39968026,Solar
Syria,2024,0.4019293,Solar
Taiwan,1985,0.0,Solar
Taiwan,1986,0.0,Solar
Taiwan,1987,0.0,Solar
Taiwan,1988,0.0,Solar
Taiwan,1989,0.0,Solar
Taiwan,1990,0.0,Solar
Taiwan,1991,0.0,Solar
Taiwan,1992,0.0,Solar
Taiwan,1993,0.0,Solar
Taiwan,1994,0.0,Solar
Taiwan,1995,0.0,Solar
Taiwan,1996,0.0,Solar
Taiwan,1997,0.0,Solar
Taiwan,1998,0.0,Solar
Taiwan,1999,0.0,Solar
Taiwan,2000,0.0,Solar
Taiwan,2001,0.0,Solar
Taiwan,2002,0.0,Solar
Taiwan,2003,0.0,Solar
Taiwan,2004,0.0,Solar
Taiwan,2005,0.0,Solar
Taiwan,2006,0.0,Solar
Taiwan,2007,0.0,Solar
Taiwan,2008,0.0,Solar
Taiwan,2009,0.004346881,Solar
Taiwan,2010,0.008095527,Solar
Taiwan,2011,0.02379536,Solar
Taiwan,2012,0.06390542,Solar
Taiwan,2013,0.12681805,Solar
Taiwan,2014,0.20386967,Solar
Taiwan,2015,0.32927868,Solar
Taiwan,2016,0.42026353,Solar
Taiwan,2017,0.61792344,Solar
Taiwan,2018,0.9799296,Solar
Taiwan,2019,1.4661901,Solar
Taiwan,2020,2.1679347,Solar
Taiwan,2021,2.7385492,Solar
Taiwan,2022,3.7058885,Solar
Taiwan,2023,4.573473,Solar
Taiwan,2024,5.163571,Solar
Taiwan,2025,5.4370813,Solar
Tajikistan,2000,0.0,Solar
Tajikistan,2001,0.0,Solar
Tajikistan,2002,0.0,Solar
Tajikistan,2003,0.0,Solar
Tajikistan,2004,0.0,Solar
Tajikistan,2005,0.0,Solar
Tajikistan,2006,0.0,Solar
Tajikistan,2007,0.0,Solar
Tajikistan,2008,0.0,Solar
Tajikistan,2009,0.0,Solar
Tajikistan,2010,0.0,Solar
Tajikistan,2011,0.0,Solar
Tajikistan,2012,0.0,Solar
Tajikistan,2013,0.0,Solar
Tajikistan,2014,0.0,Solar
Tajikistan,2015,0.0,Solar
Tajikistan,2016,0.0,Solar
Tajikistan,2017,0.0,Solar
Tajikistan,2018,0.0,Solar
Tajikistan,2019,0.0,Solar
Tajikistan,2020,0.0,Solar
Tajikistan,2021,0.0,Solar
Tajikistan,2022,0.0,Solar
Tajikistan,2023,0.0,Solar
Tajikistan,2024,0.0,Solar
Tajikistan,2025,0.0,Solar
Tanzania,2000,0.0,Solar
Tanzania,2001,0.0,Solar
Tanzania,2002,0.0,Solar
Tanzania,2003,0.0,Solar
Tanzania,2004,0.0,Solar
Tanzania,2005,0.0,Solar
Tanzania,2006,0.0,Solar
Tanzania,2007,0.0,Solar
Tanzania,2008,0.0,Solar
Tanzania,2009,0.0,Solar
Tanzania,2010,0.18761726,Solar
Tanzania,2011,0.19342358,Solar
Tanzania,2012,0.17636684,Solar
Tanzania,2013,0.1669449,Solar
Tanzania,2014,0.3194888,Solar
Tanzania,2015,0.3062787,Solar
Tanzania,2016,0.43988267,Solar
Tanzania,2017,0.56577086,Solar
Tanzania,2018,0.41039672,Solar
Tanzania,2019,0.38610038,Solar
Tanzania,2020,0.38314176,Solar
Tanzania,2021,0.34682083,Solar
Tanzania,2022,0.3118503,Solar
Tanzania,2023,0.28382215,Solar
Tanzania,2024,0.45248866,Solar
Thailand,1985,0.0,Solar
Thailand,1986,0.0,Solar
Thailand,1987,0.0,Solar
Thailand,1988,0.0,Solar
Thailand,1989,0.0,Solar
Thailand,1990,0.0,Solar
Thailand,1991,0.0,Solar
Thailand,1992,0.0,Solar
Thailand,1993,0.0,Solar
Thailand,1994,0.0,Solar
Thailand,1995,0.0,Solar
Thailand,1996,0.0,Solar
Thailand,1997,0.0,Solar
Thailand,1998,0.0,Solar
Thailand,1999,0.0,Solar
Thailand,2000,0.0,Solar
Thailand,2001,0.0,Solar
Thailand,2002,0.0,Solar
Thailand,2003,0.0,Solar
Thailand,2004,0.0,Solar
Thailand,2005,0.0,Solar
Thailand,2006,0.029244041,Solar
Thailand,2007,0.028064268,Solar
Thailand,2008,0.02750275,Solar
Thailand,2009,0.02741604,Solar
Thailand,2010,0.03807831,Solar
Thailand,2011,0.058708414,Solar
Thailand,2012,0.29592803,Solar
Thailand,2013,0.7471537,Solar
Thailand,2014,1.1107274,Solar
Thailand,2015,1.3383569,Solar
Thailand,2016,1.9741963,Solar
Thailand,2017,2.5688903,Solar
Thailand,2018,2.5540054,Solar
Thailand,2019,2.7612462,Solar
Thailand,2020,2.8501816,Solar
Thailand,2021,2.8294396,Solar
Thailand,2022,2.7887123,Solar
Thailand,2023,2.698446,Solar
Thailand,2024,2.7215316,Solar
Thailand,2025,5.301742,Solar
Togo,2000,0.0,Solar
Togo,2001,0.0,Solar
Togo,2002,0.0,Solar
Togo,2003,0.0,Solar
Togo,2004,0.0,Solar
Togo,2005,0.0,Solar
Togo,2006,0.0,Solar
Togo,2007,0.0,Solar
Togo,2008,0.0,Solar
Togo,2009,0.0,Solar
Togo,2010,0.0,Solar
Togo,2011,0.0,Solar
Togo,2012,0.0,Solar
Togo,2013,0.0,Solar
Togo,2014,0.0,Solar
Togo,2015,0.0,Solar
Togo,2016,0.0,Solar
Togo,2017,0.0,Solar
Togo,2018,1.6666665,Solar
Togo,2019,1.6393442,Solar
Togo,2020,1.6393442,Solar
Togo,2021,9.859156,Solar
Togo,2022,11.111112,Solar
Togo,2023,15.492958,Solar
Togo,2024,18.309858,Solar
Tonga,2000,0.0,Solar
Tonga,2001,0.0,Solar
Tonga,2002,0.0,Solar
Tonga,2003,0.0,Solar
Tonga,2004,0.0,Solar
Tonga,2005,0.0,Solar
Tonga,2006,0.0,Solar
Tonga,2007,0.0,Solar
Tonga,2008,0.0,Solar
Tonga,2009,0.0,Solar
Tonga,2010,0.0,Solar
Tonga,2011,0.0,Solar
Tonga,2012,0.0,Solar
Tonga,2013,0.0,Solar
Tonga,2014,0.0,Solar
Tonga,2015,0.0,Solar
Tonga,2016,0.0,Solar
Tonga,2017,14.285714,Solar
Tonga,2018,14.285714,Solar
Tonga,2019,14.285714,Solar
Tonga,2020,14.285714,Solar
Tonga,2021,14.285714,Solar
Tonga,2022,12.5,Solar
Tonga,2023,14.285714,Solar
Tonga,2024,14.285714,Solar
Trinidad and Tobago,1985,0.0,Solar
Trinidad and Tobago,1986,0.0,Solar
Trinidad and Tobago,1987,0.0,Solar
Trinidad and Tobago,1988,0.0,Solar
Trinidad and Tobago,1989,0.0,Solar
Trinidad and Tobago,1990,0.0,Solar
Trinidad and Tobago,1991,0.0,Solar
Trinidad and Tobago,1992,0.0,Solar
Trinidad and Tobago,1993,0.0,Solar
Trinidad and Tobago,1994,0.0,Solar
Trinidad and Tobago,1995,0.0,Solar
Trinidad and Tobago,1996,0.0,Solar
Trinidad and Tobago,1997,0.0,Solar
Trinidad and Tobago,1998,0.0,Solar
Trinidad and Tobago,1999,0.0,Solar
Trinidad and Tobago,2000,0.0,Solar
Trinidad and Tobago,2001,0.0,Solar
Trinidad and Tobago,2002,0.0,Solar
Trinidad and Tobago,2003,0.0,Solar
Trinidad and Tobago,2004,0.0,Solar
Trinidad and Tobago,2005,0.0,Solar
Trinidad and Tobago,2006,0.0,Solar
Trinidad and Tobago,2007,0.0,Solar
Trinidad and Tobago,2008,0.0,Solar
Trinidad and Tobago,2009,0.0,Solar
Trinidad and Tobago,2010,0.0,Solar
Trinidad and Tobago,2011,0.0,Solar
Trinidad and Tobago,2012,0.0,Solar
Trinidad and Tobago,2013,0.0,Solar
Trinidad and Tobago,2014,0.0,Solar
Trinidad and Tobago,2015,0.10449321,Solar
Trinidad and Tobago,2016,0.10615711,Solar
Trinidad and Tobago,2017,0.10729614,Solar
Trinidad and Tobago,2018,0.108342364,Solar
Trinidad and Tobago,2019,0.10869565,Solar
Trinidad and Tobago,2020,0.108342364,Solar
Trinidad and Tobago,2021,0.107874855,Solar
Trinidad and Tobago,2022,0.10526316,Solar
Trinidad and Tobago,2023,0.10504201,Solar
Trinidad and Tobago,2024,0.10471204,Solar
Tunisia,2000,0.0,Solar
Tunisia,2001,0.0,Solar
Tunisia,2002,0.0,Solar
Tunisia,2003,0.0,Solar
Tunisia,2004,0.0,Solar
Tunisia,2005,0.0,Solar
Tunisia,2006,0.0,Solar
Tunisia,2007,0.0,Solar
Tunisia,2008,0.0,Solar
Tunisia,2009,0.0,Solar
Tunisia,2010,0.0,Solar
Tunisia,2011,0.0,Solar
Tunisia,2012,0.0,Solar
Tunisia,2013,0.055126794,Solar
Tunisia,2014,0.15814444,Solar
Tunisia,2015,0.30800822,Solar
Tunisia,2016,0.5603668,Solar
Tunisia,2017,0.6316812,Solar
Tunisia,2018,0.38240916,Solar
Tunisia,2019,0.5449591,Solar
Tunisia,2020,0.7015903,Solar
Tunisia,2021,1.0045662,Solar
Tunisia,2022,1.4946287,Solar
Tunisia,2023,2.3026316,Solar
Tunisia,2024,2.620496,Solar
Tunisia,2025,2.5100853,Solar
Turkey,1985,0.0,Solar
Turkey,1986,0.0,Solar
Turkey,1987,0.0,Solar
Turkey,1988,0.0,Solar
Turkey,1989,0.0,Solar
Turkey,1990,0.0,Solar
Turkey,1991,0.0,Solar
Turkey,1992,0.0,Solar
Turkey,1993,0.0,Solar
Turkey,1994,0.0,Solar
Turkey,1995,0.0,Solar
Turkey,1996,0.0,Solar
Turkey,1997,0.0,Solar
Turkey,1998,0.0,Solar
Turkey,1999,0.0,Solar
Turkey,2000,0.0,Solar
Turkey,2001,0.0,Solar
Turkey,2002,0.0,Solar
Turkey,2003,0.0,Solar
Turkey,2004,0.0,Solar
Turkey,2005,0.0,Solar
Turkey,2006,0.0,Solar
Turkey,2007,0.0,Solar
Turkey,2008,0.0,Solar
Turkey,2009,0.0,Solar
Turkey,2010,0.0,Solar
Turkey,2011,0.0,Solar
Turkey,2012,0.0,Solar
Turkey,2013,0.0,Solar
Turkey,2014,0.007938083,Solar
Turkey,2015,0.0725828,Solar
Turkey,2016,0.37900874,Solar
Turkey,2017,0.9721148,Solar
Turkey,2018,2.5987008,Solar
Turkey,2019,3.1880872,Solar
Turkey,2020,3.708609,Solar
Turkey,2021,4.050262,Solar
Turkey,2022,4.7292237,Solar
Turkey,2023,5.7537756,Solar
Turkey,2024,7.522785,Solar
Turkey,2025,10.526762,Solar
Turkmenistan,1985,0.0,Solar
Turkmenistan,1986,0.0,Solar
Turkmenistan,1987,0.0,Solar
Turkmenistan,1988,0.0,Solar
Turkmenistan,1989,0.0,Solar
Turkmenistan,1990,0.0,Solar
Turkmenistan,1991,0.0,Solar
Turkmenistan,1992,0.0,Solar
Turkmenistan,1993,0.0,Solar
Turkmenistan,1994,0.0,Solar
Turkmenistan,1995,0.0,Solar
Turkmenistan,1996,0.0,Solar
Turkmenistan,1997,0.0,Solar
Turkmenistan,1998,0.0,Solar
Turkmenistan,1999,0.0,Solar
Turkmenistan,2000,0.0,Solar
Turkmenistan,2001,0.0,Solar
Turkmenistan,2002,0.0,Solar
Turkmenistan,2003,0.0,Solar
Turkmenistan,2004,0.0,Solar
Turkmenistan,2005,0.0,Solar
Turkmenistan,2006,0.0,Solar
Turkmenistan,2007,0.0,Solar
Turkmenistan,2008,0.0,Solar
Turkmenistan,2009,0.0,Solar
Turkmenistan,2010,0.0,Solar
Turkmenistan,2011,0.0,Solar
Turkmenistan,2012,0.0,Solar
Turkmenistan,2013,0.0,Solar
Turkmenistan,2014,0.0,Solar
Turkmenistan,2015,0.0,Solar
Turkmenistan,2016,0.0,Solar
Turkmenistan,2017,0.0,Solar
Turkmenistan,2018,0.0,Solar
Turkmenistan,2019,0.0,Solar
Turkmenistan,2020,0.0,Solar
Turkmenistan,2021,0.0,Solar
Turkmenistan,2022,0.0,Solar
Turkmenistan,2023,0.0,Solar
Turkmenistan,2024,0.0,Solar
Turks and Caicos Islands,2000,0.0,Solar
Turks and Caicos Islands,2001,0.0,Solar
Turks and Caicos Islands,2002,0.0,Solar
Turks and Caicos Islands,2003,0.0,Solar
Turks and Caicos Islands,2004,0.0,Solar
Turks and Caicos Islands,2005,0.0,Solar
Turks and Caicos Islands,2006,0.0,Solar
Turks and Caicos Islands,2007,0.0,Solar
Turks and Caicos Islands,2008,0.0,Solar
Turks and Caicos Islands,2009,0.0,Solar
Turks and Caicos Islands,2010,0.0,Solar
Turks and Caicos Islands,2011,0.0,Solar
Turks and Caicos Islands,2012,0.0,Solar
Turks and Caicos Islands,2013,0.0,Solar
Turks and Caicos Islands,2014,0.0,Solar
Turks and Caicos Islands,2015,0.0,Solar
Turks and Caicos Islands,2016,0.0,Solar
Turks and Caicos Islands,2017,0.0,Solar
Turks and Caicos Islands,2018,0.0,Solar
Turks and Caicos Islands,2019,0.0,Solar
Turks and Caicos Islands,2020,0.0,Solar
Turks and Caicos Islands,2021,0.0,Solar
Turks and Caicos Islands,2022,0.0,Solar
Turks and Caicos Islands,2023,0.0,Solar
Turks and Caicos Islands,2024,3.7037034,Solar
Uganda,2000,0.0,Solar
Uganda,2001,0.0,Solar
Uganda,2002,0.0,Solar
Uganda,2003,0.0,Solar
Uganda,2004,0.0,Solar
Uganda,2005,0.0,Solar
Uganda,2006,0.625,Solar
Uganda,2007,0.5,Solar
Uganda,2008,0.8583691,Solar
Uganda,2009,0.82644624,Solar
Uganda,2010,0.729927,Solar
Uganda,2011,0.75187963,Solar
Uganda,2012,1.0344827,Solar
Uganda,2013,0.9771987,Solar
Uganda,2014,0.92879254,Solar
Uganda,2015,0.8450704,Solar
Uganda,2016,1.061008,Solar
Uganda,2017,1.5873016,Solar
Uganda,2018,1.6279069,Solar
Uganda,2019,2.8384278,Solar
Uganda,2020,3.0434783,Solar
Uganda,2021,2.466793,Solar
Uganda,2022,2.6086957,Solar
Uganda,2023,2.5996535,Solar
Uganda,2024,2.9259896,Solar
Ukraine,1985,0.0,Solar
Ukraine,1986,0.0,Solar
Ukraine,1987,0.0,Solar
Ukraine,1988,0.0,Solar
Ukraine,1989,0.0,Solar
Ukraine,1990,0.0,Solar
Ukraine,1991,0.0,Solar
Ukraine,1992,0.0,Solar
Ukraine,1993,0.0,Solar
Ukraine,1994,0.0,Solar
Ukraine,1995,0.0,Solar
Ukraine,1996,0.0,Solar
Ukraine,1997,0.0,Solar
Ukraine,1998,0.0,Solar
Ukraine,1999,0.0,Solar
Ukraine,2000,0.0,Solar
Ukraine,2001,0.0,Solar
Ukraine,2002,0.0,Solar
Ukraine,2003,0.0,Solar
Ukraine,2004,0.0,Solar
Ukraine,2005,0.0,Solar
Ukraine,2006,0.0,Solar
Ukraine,2007,0.0,Solar
Ukraine,2008,0.0,Solar
Ukraine,2009,0.0,Solar
Ukraine,2010,0.0,Solar
Ukraine,2011,0.015388561,Solar
Ukraine,2012,0.16592921,Solar
Ukraine,2013,0.29325515,Solar
Ukraine,2014,0.23520403,Solar
Ukraine,2015,0.29325515,Solar
Ukraine,2016,0.29772756,Solar
Ukraine,2017,0.46142018,Solar
Ukraine,2018,0.6943576,Solar
Ukraine,2019,1.9008694,Solar
Ukraine,2020,3.6335342,Solar
Ukraine,2021,4.1549473,Solar
Ukraine,2022,4.555645,Solar
United Arab Emirates,1985,0.0,Solar
United Arab Emirates,1986,0.0,Solar
United Arab Emirates,1987,0.0,Solar
United Arab Emirates,1988,0.0,Solar
United Arab Emirates,1989,0.0,Solar
United Arab Emirates,1990,0.0,Solar
United Arab Emirates,1991,0.0,Solar
United Arab Emirates,1992,0.0,Solar
United Arab Emirates,1993,0.0,Solar
United Arab Emirates,1994,0.0,Solar
United Arab Emirates,1995,0.0,Solar
United Arab Emirates,1996,0.0,Solar
United Arab Emirates,1997,0.0,Solar
United Arab Emirates,1998,0.0,Solar
United Arab Emirates,1999,0.0,Solar
United Arab Emirates,2000,0.0,Solar
United Arab Emirates,2001,0.0,Solar
United Arab Emirates,2002,0.0,Solar
United Arab Emirates,2003,0.0,Solar
United Arab Emirates,2004,0.0,Solar
United Arab Emirates,2005,0.0,Solar
United Arab Emirates,2006,0.0,Solar
United Arab Emirates,2007,0.0,Solar
United Arab Emirates,2008,0.0,Solar
United Arab Emirates,2009,0.011668611,Solar
United Arab Emirates,2010,0.02128792,Solar
United Arab Emirates,2011,0.020175528,Solar
United Arab Emirates,2012,0.018830618,Solar
United Arab Emirates,2013,0.08182563,Solar
United Arab Emirates,2014,0.2660031,Solar
United Arab Emirates,2015,0.23551579,Solar
United Arab Emirates,2016,0.24689452,Solar
United Arab Emirates,2017,0.5573307,Solar
United Arab Emirates,2018,0.88228816,Solar
United Arab Emirates,2019,2.6435537,Solar
United Arab Emirates,2020,3.7724855,Solar
United Arab Emirates,2021,4.1932235,Solar
United Arab Emirates,2022,4.980054,Solar
United Arab Emirates,2023,8.595475,Solar
United Arab Emirates,2024,8.580616,Solar
United Kingdom,1985,0.0003388589,Solar
United Kingdom,1986,0.00033550258,Solar
United Kingdom,1987,0.0,Solar
United Kingdom,1988,0.00032707877,Solar
United Kingdom,1989,0.0,Solar
United Kingdom,1990,0.0,Solar
United Kingdom,1991,0.0,Solar
United Kingdom,1992,0.0,Solar
United Kingdom,1993,0.0,Solar
United Kingdom,1994,0.0,Solar
United Kingdom,1995,0.0,Solar
United Kingdom,1996,0.0,Solar
United Kingdom,1997,0.0,Solar
United Kingdom,1998,0.0,Solar
United Kingdom,1999,0.0,Solar
United Kingdom,2000,0.0,Solar
United Kingdom,2001,0.0,Solar
United Kingdom,2002,0.0,Solar
United Kingdom,2003,0.0,Solar
United Kingdom,2004,0.0,Solar
United Kingdom,2005,0.002510355,Solar
United Kingdom,2006,0.0025171798,Solar
United Kingdom,2007,0.0025200977,Solar
United Kingdom,2008,0.0051419167,Solar
United Kingdom,2009,0.005308419,Solar
United Kingdom,2010,0.01046956,Solar
United Kingdom,2011,0.06522271,Solar
United Kingdom,2012,0.37101164,Solar
United Kingdom,2013,0.56101376,Solar
United Kingdom,2014,1.1979414,Solar
United Kingdom,2015,2.2220912,Solar
United Kingdom,2016,3.069167,Solar
United Kingdom,2017,3.3883271,Solar
United Kingdom,2018,3.796141,Solar
United Kingdom,2019,3.7959595,Solar
United Kingdom,2020,4.044473,Solar
United Kingdom,2021,3.939591,Solar
United Kingdom,2022,4.1099267,Solar
United Kingdom,2023,4.7448125,Solar
United Kingdom,2024,5.204814,Solar
United Kingdom,2025,6.6094213,Solar
United States,1985,0.0004040936,Solar
United States,1986,0.00052963896,Solar
United States,1987,0.00038247637,Solar
United States,1988,0.00031518374,Solar
United States,1989,0.008022068,Solar
United States,1990,0.011469849,Solar
United States,1991,0.014622231,Solar
United States,1992,0.01244811,Solar
United States,1993,0.013956147,Solar
United States,1994,0.014511175,Solar
United States,1995,0.01442175,Solar
United States,1996,0.014777073,Solar
United States,1997,0.014333735,Solar
United States,1998,0.013606987,Solar
United States,1999,0.013168934,Solar
United States,2000,0.012887615,Solar
United States,2001,0.01448665,Solar
United States,2002,0.014307157,Solar
United States,2003,0.013698842,Solar
United States,2004,0.014676299,Solar
United States,2005,0.0136307655,Solar
United States,2006,0.012602114,Solar
United States,2007,0.01472516,Solar
United States,2008,0.020937158,Solar
United States,2009,0.022589864,Solar
United States,2010,0.029412195,Solar
United States,2011,0.044511076,Solar
United States,2012,0.10716045,Solar
United States,2013,0.2229011,Solar
United States,2014,0.706053,Solar
United States,2015,0.955683,Solar
United States,2016,1.3423656,Solar
United States,2017,1.9070604,Solar
United States,2018,2.2220373,Solar
United States,2019,2.5704722,Solar
United States,2020,3.2330987,Solar
United States,2021,3.9584746,Solar
United States,2022,4.783654,Solar
United States,2023,5.61695,Solar
United States,2024,6.917527,Solar
United States,2025,8.6026125,Solar
United States Virgin Islands,2000,0.0,Solar
United States Virgin Islands,2001,0.0,Solar
United States Virgin Islands,2002,0.0,Solar
United States Virgin Islands,2003,0.0,Solar
United States Virgin Islands,2004,0.0,Solar
United States Virgin Islands,2005,0.0,Solar
United States Virgin Islands,2006,0.0,Solar
United States Virgin Islands,2007,0.0,Solar
United States Virgin Islands,2008,0.0,Solar
United States Virgin Islands,2009,0.0,Solar
United States Virgin Islands,2010,0.0,Solar
United States Virgin Islands,2011,0.0,Solar
United States Virgin Islands,2012,0.0,Solar
United States Virgin Islands,2013,0.0,Solar
United States Virgin Islands,2014,1.2820513,Solar
United States Virgin Islands,2015,1.2820513,Solar
United States Virgin Islands,2016,1.2987013,Solar
United States Virgin Islands,2017,1.6666665,Solar
United States Virgin Islands,2018,1.6129031,Solar
United States Virgin Islands,2019,1.5151514,Solar
United States Virgin Islands,2020,1.5625,Solar
United States Virgin Islands,2021,3.0303028,Solar
United States Virgin Islands,2022,2.9411764,Solar
United States Virgin Islands,2023,2.9411764,Solar
Uruguay,2000,0.0,Solar
Uruguay,2001,0.0,Solar
Uruguay,2002,0.0,Solar
Uruguay,2003,0.0,Solar
Uruguay,2004,0.0,Solar
Uruguay,2005,0.0,Solar
Uruguay,2006,0.0,Solar
Uruguay,2007,0.0,Solar
Uruguay,2008,0.0,Solar
Uruguay,2009,0.0,Solar
Uruguay,2010,0.0,Solar
Uruguay,2011,0.0,Solar
Uruguay,2012,0.0,Solar
Uruguay,2013,0.0,Solar
Uruguay,2014,0.0,Solar
Uruguay,2015,0.36390102,Solar
Uruguay,2016,1.0814708,Solar
Uruguay,2017,1.8815331,Solar
Uruguay,2018,2.806297,Solar
Uruguay,2019,2.6135657,Solar
Uruguay,2020,3.3898306,Solar
Uruguay,2021,3.001876,Solar
Uruguay,2022,3.3647375,Solar
Uruguay,2023,3.822153,Solar
Uruguay,2024,4.188482,Solar
Uruguay,2025,5.108878,Solar
Uzbekistan,1985,0.0,Solar
Uzbekistan,1986,0.0,Solar
Uzbekistan,1987,0.0,Solar
Uzbekistan,1988,0.0,Solar
Uzbekistan,1989,0.0,Solar
Uzbekistan,1990,0.0,Solar
Uzbekistan,1991,0.0,Solar
Uzbekistan,1992,0.0,Solar
Uzbekistan,1993,0.0,Solar
Uzbekistan,1994,0.0,Solar
Uzbekistan,1995,0.0,Solar
Uzbekistan,1996,0.0,Solar
Uzbekistan,1997,0.0,Solar
Uzbekistan,1998,0.0,Solar
Uzbekistan,1999,0.0,Solar
Uzbekistan,2000,0.0,Solar
Uzbekistan,2001,0.0,Solar
Uzbekistan,2002,0.0,Solar
Uzbekistan,2003,0.0,Solar
Uzbekistan,2004,0.0,Solar
Uzbekistan,2005,0.0,Solar
Uzbekistan,2006,0.0,Solar
Uzbekistan,2007,0.0,Solar
Uzbekistan,2008,0.0,Solar
Uzbekistan,2009,0.0,Solar
Uzbekistan,2010,0.0,Solar
Uzbekistan,2011,0.0,Solar
Uzbekistan,2012,0.0,Solar
Uzbekistan,2013,0.0,Solar
Uzbekistan,2014,0.0,Solar
Uzbekistan,2015,0.0,Solar
Uzbekistan,2016,0.0,Solar
Uzbekistan,2017,0.016436554,Solar
Uzbekistan,2018,0.015835311,Solar
Uzbekistan,2019,0.015733166,Solar
Uzbekistan,2020,0.015030813,Solar
Uzbekistan,2021,0.0699888,Solar
Uzbekistan,2022,0.5861196,Solar
Uzbekistan,2023,0.58593744,Solar
Uzbekistan,2024,3.5582824,Solar
Uzbekistan,2025,7.4971166,Solar
Vanuatu,2000,0.0,Solar
Vanuatu,2001,0.0,Solar
Vanuatu,2002,0.0,Solar
Vanuatu,2003,0.0,Solar
Vanuatu,2004,0.0,Solar
Vanuatu,2005,0.0,Solar
Vanuatu,2006,0.0,Solar
Vanuatu,2007,0.0,Solar
Vanuatu,2008,0.0,Solar
Vanuatu,2009,0.0,Solar
Vanuatu,2010,0.0,Solar
Vanuatu,2011,0.0,Solar
Vanuatu,2012,0.0,Solar
Vanuatu,2013,0.0,Solar
Vanuatu,2014,0.0,Solar
Vanuatu,2015,0.0,Solar
Vanuatu,2016,0.0,Solar
Vanuatu,2017,0.0,Solar
Vanuatu,2018,12.5,Solar
Vanuatu,2019,11.111111,Solar
Vanuatu,2020,11.111111,Solar
Vanuatu,2021,12.5,Solar
Vanuatu,2022,12.5,Solar
Vanuatu,2023,12.5,Solar
Venezuela,1985,0.0,Solar
Venezuela,1986,0.0,Solar
Venezuela,1987,0.0,Solar
Venezuela,1988,0.0,Solar
Venezuela,1989,0.0,Solar
Venezuela,1990,0.0,Solar
Venezuela,1991,0.0,Solar
Venezuela,1992,0.0,Solar
Venezuela,1993,0.0,Solar
Venezuela,1994,0.0,Solar
Venezuela,1995,0.0,Solar
Venezuela,1996,0.0,Solar
Venezuela,1997,0.0,Solar
Venezuela,1998,0.0,Solar
Venezuela,1999,0.0,Solar
Venezuela,2000,0.0,Solar
Venezuela,2001,0.0,Solar
Venezuela,2002,0.0,Solar
Venezuela,2003,0.0,Solar
Venezuela,2004,0.0,Solar
Venezuela,2005,0.0,Solar
Venezuela,2006,0.0,Solar
Venezuela,2007,0.0,Solar
Venezuela,2008,0.0,Solar
Venezuela,2009,0.0,Solar
Venezuela,2010,0.0,Solar
Venezuela,2011,0.0,Solar
Venezuela,2012,0.0,Solar
Venezuela,2013,0.0,Solar
Venezuela,2014,0.0,Solar
Venezuela,2015,0.007841907,Solar
Venezuela,2016,0.008551394,Solar
Venezuela,2017,0.009633911,Solar
Venezuela,2018,0.010029084,Solar
Venezuela,2019,0.01174398,Solar
Venezuela,2020,0.012420816,Solar
Venezuela,2021,0.012058362,Solar
Venezuela,2022,0.012141816,Solar
Venezuela,2023,0.013896609,Solar
Venezuela,2024,0.012479721,Solar
Vietnam,1985,0.0,Solar
Vietnam,1986,0.0,Solar
Vietnam,1987,0.0,Solar
Vietnam,1988,0.0,Solar
Vietnam,1989,0.0,Solar
Vietnam,1990,0.0,Solar
Vietnam,1991,0.0,Solar
Vietnam,1992,0.0,Solar
Vietnam,1993,0.0,Solar
Vietnam,1994,0.0,Solar
Vietnam,1995,0.0,Solar
Vietnam,1996,0.0,Solar
Vietnam,1997,0.0,Solar
Vietnam,1998,0.0,Solar
Vietnam,1999,0.0,Solar
Vietnam,2000,0.0,Solar
Vietnam,2001,0.0,Solar
Vietnam,2002,0.0,Solar
Vietnam,2003,0.0,Solar
Vietnam,2004,0.0,Solar
Vietnam,2005,0.0,Solar
Vietnam,2006,0.0,Solar
Vietnam,2007,0.0,Solar
Vietnam,2008,0.0,Solar
Vietnam,2009,0.0,Solar
Vietnam,2010,0.0109027475,Solar
Vietnam,2011,0.009851246,Solar
Vietnam,2012,0.008683571,Solar
Vietnam,2013,0.00803471,Solar
Vietnam,2014,0.007079646,Solar
Vietnam,2015,0.0061755083,Solar
Vietnam,2016,0.0055812914,Solar
Vietnam,2017,0.005135579,Solar
Vietnam,2018,0.009208951,Solar
Vietnam,2019,2.0346997,Solar
Vietnam,2020,4.4098363,Solar
Vietnam,2021,10.311108,Solar
Vietnam,2022,9.71295,Solar
Vietnam,2023,9.288116,Solar
Vietnam,2024,8.518349,Solar
Vietnam,2025,7.4324985,Solar
Western Sahara,2000,0.0,Solar
Western Sahara,2001,0.0,Solar
Western Sahara,2002,0.0,Solar
Western Sahara,2003,0.0,Solar
Western Sahara,2004,0.0,Solar
Western Sahara,2005,0.0,Solar
Western Sahara,2006,0.0,Solar
Western Sahara,2007,0.0,Solar
Western Sahara,2008,0.0,Solar
Western Sahara,2009,0.0,Solar
Yemen,2000,0.0,Solar
Yemen,2001,0.0,Solar
Yemen,2002,0.0,Solar
Yemen,2003,0.0,Solar
Yemen,2004,0.0,Solar
Yemen,2005,0.0,Solar
Yemen,2006,0.0,Solar
Yemen,2007,0.0,Solar
Yemen,2008,0.0,Solar
Yemen,2009,0.0,Solar
Yemen,2010,0.0,Solar
Yemen,2011,0.0,Solar
Yemen,2012,0.0,Solar
Yemen,2013,0.0,Solar
Yemen,2014,0.1305483,Solar
Yemen,2015,2.0833333,Solar
Yemen,2016,3.3264034,Solar
Yemen,2017,4.6913576,Solar
Yemen,2018,13.753581,Solar
Yemen,2019,14.634146,Solar
Yemen,2020,16.666666,Solar
Yemen,2021,17.123287,Solar
Yemen,2022,16.831682,Solar
Yemen,2023,10.15625,Solar
Yemen,2024,11.238094,Solar
Zambia,2000,0.0,Solar
Zambia,2001,0.0,Solar
Zambia,2002,0.0,Solar
Zambia,2003,0.0,Solar
Zambia,2004,0.0,Solar
Zambia,2005,0.0,Solar
Zambia,2006,0.0,Solar
Zambia,2007,0.0,Solar
Zambia,2008,0.0,Solar
Zambia,2009,0.0,Solar
Zambia,2010,0.0,Solar
Zambia,2011,0.0,Solar
Zambia,2012,0.0,Solar
Zambia,2013,0.0,Solar
Zambia,2014,0.0,Solar
Zambia,2015,0.0,Solar
Zambia,2016,0.0,Solar
Zambia,2017,0.0,Solar
Zambia,2018,0.0,Solar
Zambia,2019,0.811359,Solar
Zambia,2020,0.98489827,Solar
Zambia,2021,0.8465012,Solar
Zambia,2022,0.719055,Solar
Zambia,2023,0.770812,Solar
Zambia,2024,0.862069,Solar
Zimbabwe,2000,0.0,Solar
Zimbabwe,2001,0.0,Solar
Zimbabwe,2002,0.0,Solar
Zimbabwe,2003,0.0,Solar
Zimbabwe,2004,0.0,Solar
Zimbabwe,2005,0.0,Solar
Zimbabwe,2006,0.0,Solar
Zimbabwe,2007,0.0,Solar
Zimbabwe,2008,0.0,Solar
Zimbabwe,2009,0.0,Solar
Zimbabwe,2010,0.0,Solar
Zimbabwe,2011,0.0,Solar
Zimbabwe,2012,0.0,Solar
Zimbabwe,2013,0.0,Solar
Zimbabwe,2014,0.0,Solar
Zimbabwe,2015,0.104275286,Solar
Zimbabwe,2016,0.13947001,Solar
Zimbabwe,2017,0.13245033,Solar
Zimbabwe,2018,0.10604453,Solar
Zimbabwe,2019,0.23584907,Solar
Zimbabwe,2020,0.2980626,Solar
Zimbabwe,2021,0.23337223,Solar
Zimbabwe,2022,0.33557048,Solar
Zimbabwe,2023,0.3003003,Solar
Zimbabwe,2024,0.38986352,Solar
Afghanistan,2000,0.0,Wind
Afghanistan,2001,0.0,Wind
Afghanistan,2002,0.0,Wind
Afghanistan,2003,0.0,Wind
Afghanistan,2004,0.0,Wind
Afghanistan,2005,0.0,Wind
Afghanistan,2006,0.0,Wind
Afghanistan,2007,0.0,Wind
Afghanistan,2008,0.0,Wind
Afghanistan,2009,0.0,Wind
Afghanistan,2010,0.0,Wind
Afghanistan,2011,0.0,Wind
Afghanistan,2012,0.0,Wind
Afghanistan,2013,0.0,Wind
Afghanistan,2014,0.0,Wind
Afghanistan,2015,0.0,Wind
Afghanistan,2016,0.0,Wind
Afghanistan,2017,0.0,Wind
Afghanistan,2018,0.0,Wind
Afghanistan,2019,0.0,Wind
Afghanistan,2020,0.0,Wind
Afghanistan,2021,0.0,Wind
Afghanistan,2022,0.0,Wind
Afghanistan,2023,0.0,Wind
Afghanistan,2024,0.0,Wind
Albania,2000,0.0,Wind
Albania,2001,0.0,Wind
Albania,2002,0.0,Wind
Albania,2003,0.0,Wind
Albania,2004,0.0,Wind
Albania,2005,0.0,Wind
Albania,2006,0.0,Wind
Albania,2007,0.0,Wind
Albania,2008,0.0,Wind
Albania,2009,0.0,Wind
Albania,2010,0.0,Wind
Albania,2011,0.0,Wind
Albania,2012,0.0,Wind
Albania,2013,0.0,Wind
Albania,2014,0.0,Wind
Albania,2015,0.0,Wind
Albania,2016,0.0,Wind
Albania,2017,0.0,Wind
Albania,2018,0.0,Wind
Albania,2019,0.0,Wind
Albania,2020,0.0,Wind
Albania,2021,0.0,Wind
Albania,2022,0.0,Wind
Albania,2023,0.0,Wind
Albania,2024,0.0,Wind
Algeria,1985,0.0,Wind
Algeria,1986,0.0,Wind
Algeria,1987,0.0,Wind
Algeria,1988,0.0,Wind
Algeria,1989,0.0,Wind
Algeria,1990,0.0,Wind
Algeria,1991,0.0,Wind
Algeria,1992,0.0,Wind
Algeria,1993,0.0,Wind
Algeria,1994,0.0,Wind
Algeria,1995,0.0,Wind
Algeria,1996,0.0,Wind
Algeria,1997,0.0,Wind
Algeria,1998,0.0,Wind
Algeria,1999,0.0,Wind
Algeria,2000,0.0,Wind
Algeria,2001,0.0,Wind
Algeria,2002,0.0,Wind
Algeria,2003,0.0,Wind
Algeria,2004,0.0,Wind
Algeria,2005,0.0,Wind
Algeria,2006,0.0,Wind
Algeria,2007,0.0,Wind
Algeria,2008,0.0,Wind
Algeria,2009,0.0,Wind
Algeria,2010,0.0,Wind
Algeria,2011,0.0,Wind
Algeria,2012,0.0,Wind
Algeria,2013,0.0,Wind
Algeria,2014,0.0,Wind
Algeria,2015,0.029052878,Wind
Algeria,2016,0.042229727,Wind
Algeria,2017,0.013145787,Wind
Algeria,2018,0.0130293155,Wind
Algeria,2019,0.0122534,Wind
Algeria,2020,0.012599218,Wind
Algeria,2021,0.011682243,Wind
Algeria,2022,0.010932546,Wind
Algeria,2023,0.020859407,Wind
Algeria,2024,0.0207555,Wind
American Samoa,2000,0.0,Wind
American Samoa,2001,0.0,Wind
American Samoa,2002,0.0,Wind
American Samoa,2003,0.0,Wind
American Samoa,2004,0.0,Wind
American Samoa,2005,0.0,Wind
American Samoa,2006,0.0,Wind
American Samoa,2007,0.0,Wind
American Samoa,2008,0.0,Wind
American Samoa,2009,0.0,Wind
American Samoa,2010,0.0,Wind
American Samoa,2011,0.0,Wind
American Samoa,2012,0.0,Wind
American Samoa,2013,0.0,Wind
American Samoa,2014,0.0,Wind
American Samoa,2015,0.0,Wind
American Samoa,2016,0.0,Wind
American Samoa,2017,0.0,Wind
American Samoa,2018,0.0,Wind
American Samoa,2019,0.0,Wind
American Samoa,2020,0.0,Wind
American Samoa,2021,0.0,Wind
American Samoa,2022,0.0,Wind
American Samoa,2023,0.0,Wind
American Samoa,2024,0.0,Wind
Angola,2000,0.0,Wind
Angola,2001,0.0,Wind
Angola,2002,0.0,Wind
Angola,2003,0.0,Wind
Angola,2004,0.0,Wind
Angola,2005,0.0,Wind
Angola,2006,0.0,Wind
Angola,2007,0.0,Wind
Angola,2008,0.0,Wind
Angola,2009,0.0,Wind
Angola,2010,0.0,Wind
Angola,2011,0.0,Wind
Angola,2012,0.0,Wind
Angola,2013,0.0,Wind
Angola,2014,0.0,Wind
Angola,2015,0.0,Wind
Angola,2016,0.0,Wind
Angola,2017,0.0,Wind
Angola,2018,0.0,Wind
Angola,2019,0.0,Wind
Angola,2020,0.0,Wind
Angola,2021,0.0,Wind
Angola,2022,0.0,Wind
Angola,2023,0.0,Wind
Angola,2024,0.0,Wind
Antigua and Barbuda,2000,0.0,Wind
Antigua and Barbuda,2001,0.0,Wind
Antigua and Barbuda,2002,0.0,Wind
Antigua and Barbuda,2003,0.0,Wind
Antigua and Barbuda,2004,0.0,Wind
Antigua and Barbuda,2005,0.0,Wind
Antigua and Barbuda,2006,0.0,Wind
Antigua and Barbuda,2007,0.0,Wind
Antigua and Barbuda,2008,0.0,Wind
Antigua and Barbuda,2009,0.0,Wind
Antigua and Barbuda,2010,0.0,Wind
Antigua and Barbuda,2011,0.0,Wind
Antigua and Barbuda,2012,0.0,Wind
Antigua and Barbuda,2013,0.0,Wind
Antigua and Barbuda,2014,0.0,Wind
Antigua and Barbuda,2015,0.0,Wind
Antigua and Barbuda,2016,0.0,Wind
Antigua and Barbuda,2017,0.0,Wind
Antigua and Barbuda,2018,0.0,Wind
Antigua and Barbuda,2019,0.0,Wind
Antigua and Barbuda,2020,0.0,Wind
Antigua and Barbuda,2021,0.0,Wind
Antigua and Barbuda,2022,0.0,Wind
Antigua and Barbuda,2023,0.0,Wind
Antigua and Barbuda,2024,0.0,Wind
Argentina,1985,0.0,Wind
Argentina,1986,0.0,Wind
Argentina,1987,0.0,Wind
Argentina,1988,0.0,Wind
Argentina,1989,0.0,Wind
Argentina,1990,0.0,Wind
Argentina,1991,0.0,Wind
Argentina,1992,0.0,Wind
Argentina,1993,0.0,Wind
Argentina,1994,0.0,Wind
Argentina,1995,0.0,Wind
Argentina,1996,0.013787307,Wind
Argentina,1997,0.020137321,Wind
Argentina,1998,0.043873794,Wind
Argentina,1999,0.043075256,Wind
Argentina,2000,0.033715438,Wind
Argentina,2001,0.05546927,Wind
Argentina,2002,0.0827521,Wind
Argentina,2003,0.08689041,Wind
Argentina,2004,0.069818474,Wind
Argentina,2005,0.06619386,Wind
Argentina,2006,0.061712068,Wind
Argentina,2007,0.052854124,Wind
Argentina,2008,0.032811087,Wind
Argentina,2009,0.032701112,Wind
Argentina,2010,0.023809522,Wind
Argentina,2011,0.023167811,Wind
Argentina,2012,0.27201882,Wind
Argentina,2013,0.3226963,Wind
Argentina,2014,0.44752422,Wind
Argentina,2015,0.40572134,Wind
Argentina,2016,0.3736921,Wind
Argentina,2017,0.41892728,Wind
Argentina,2018,0.9606213,Wind
Argentina,2019,3.583459,Wind
Argentina,2020,6.5058074,Wind
Argentina,2021,8.449233,Wind
Argentina,2022,9.7246065,Wind
Argentina,2023,9.746903,Wind
Argentina,2024,10.602584,Wind
Argentina,2025,12.158016,Wind
Armenia,2000,0.0,Wind
Armenia,2001,0.0,Wind
Armenia,2002,0.0,Wind
Armenia,2003,0.0,Wind
Armenia,2004,0.0,Wind
Armenia,2005,0.0,Wind
Armenia,2006,0.0,Wind
Armenia,2007,0.0,Wind
Armenia,2008,0.0,Wind
Armenia,2009,0.0,Wind
Armenia,2010,0.15948963,Wind
Armenia,2011,0.0,Wind
Armenia,2012,0.0,Wind
Armenia,2013,0.0,Wind
Armenia,2014,0.0,Wind
Armenia,2015,0.0,Wind
Armenia,2016,0.0,Wind
Armenia,2017,0.0,Wind
Armenia,2018,0.0,Wind
Armenia,2019,0.0,Wind
Armenia,2020,0.0,Wind
Armenia,2021,0.0,Wind
Armenia,2022,0.0,Wind
Armenia,2023,0.0,Wind
Armenia,2024,0.0,Wind
Armenia,2025,0.0,Wind
Aruba,2000,0.0,Wind
Aruba,2001,0.0,Wind
Aruba,2002,0.0,Wind
Aruba,2003,0.0,Wind
Aruba,2004,0.0,Wind
Aruba,2005,0.0,Wind
Aruba,2006,0.0,Wind
Aruba,2007,0.0,Wind
Aruba,2008,0.0,Wind
Aruba,2009,3.1578946,Wind
Aruba,2010,11.702127,Wind
Aruba,2011,11.827957,Wind
Aruba,2012,15.217391,Wind
Aruba,2013,15.957447,Wind
Aruba,2014,15.957447,Wind
Aruba,2015,17.525772,Wind
Aruba,2016,13.829786,Wind
Aruba,2017,13.4020605,Wind
Aruba,2018,14.432989,Wind
Aruba,2019,14.141414,Wind
Aruba,2020,14.141414,Wind
Aruba,2021,14.0,Wind
Aruba,2022,14.0,Wind
Aruba,2023,14.0,Wind
Aruba,2024,14.0,Wind
Australia,1985,0.0,Wind
Australia,1986,0.0,Wind
Australia,1987,0.0,Wind
Australia,1988,0.0,Wind
Australia,1989,0.0,Wind
Australia,1990,0.0,Wind
Australia,1991,0.0,Wind
Australia,1992,0.0,Wind
Australia,1993,0.0012093178,Wind
Australia,1994,0.0032325843,Wind
Australia,1995,0.003994875,Wind
Australia,1996,0.0038861472,Wind
Australia,1997,0.003968684,Wind
Australia,1998,0.0090238685,Wind
Australia,1999,0.020783037,Wind
Australia,2000,0.0599548,Wind
Australia,2001,0.12931418,Wind
Australia,2002,0.23714706,Wind
Australia,2003,0.30980304,Wind
Australia,2004,0.34899446,Wind
Australia,2005,0.5634047,Wind
Australia,2006,0.9076012,Wind
Australia,2007,1.1719232,Wind
Australia,2008,1.4100579,Wind
Australia,2009,1.7767107,Wind
Australia,2010,1.9882853,Wind
Australia,2011,2.5089746,Wind
Australia,2012,3.079869,Wind
Australia,2013,3.7105308,Wind
Australia,2014,3.9491217,Wind
Australia,2015,4.6576633,Wind
Australia,2016,5.049762,Wind
Australia,2017,5.100977,Wind
Australia,2018,6.1912193,Wind
Australia,2019,7.3223014,Wind
Australia,2020,8.527249,Wind
Australia,2021,10.020564,Wind
Australia,2022,11.010551,Wind
Australia,2023,11.6692915,Wind
Australia,2024,11.624769,Wind
Australia,2025,13.700496,Wind
Austria,1985,0.0,Wind
Austria,1986,0.0,Wind
Austria,1987,0.0,Wind
Austria,1988,0.0,Wind
Austria,1989,0.0,Wind
Austria,1990,0.0,Wind
Austria,1991,0.0,Wind
Austria,1992,0.0,Wind
Austria,1993,0.0,Wind
Austria,1994,0.0,Wind
Austria,1995,0.0,Wind
Austria,1996,0.0,Wind
Austria,1997,0.03597769,Wind
Austria,1998,0.08957363,Wind
Austria,1999,0.083724044,Wind
Austria,2000,0.117370896,Wind
Austria,2001,0.1639882,Wind
Austria,2002,0.23090878,Wind
Austria,2003,0.63826114,Wind
Austria,2004,1.5036379,Wind
Austria,2005,2.06618,Wind
Austria,2006,2.8130527,Wind
Austria,2007,3.2468565,Wind
Austria,2008,3.1220877,Wind
Austria,2009,2.9451745,Wind
Austria,2010,3.037452,Wind
Austria,2011,3.118971,Wind
Austria,2012,3.583394,Wind
Austria,2013,4.879938,Wind
Austria,2014,6.255077,Wind
Austria,2015,7.834251,Wind
Austria,2016,8.062278,Wind
Austria,2017,9.792816,Wind
Austria,2018,9.324263,Wind
Austria,2019,10.538972,Wind
Austria,2020,9.836303,Wind
Austria,2021,10.109494,Wind
Austria,2022,11.230029,Wind
Austria,2023,11.327134,Wind
Austria,2024,11.647764,Wind
Austria,2025,11.349359,Wind
Azerbaijan,1985,0.0,Wind
Azerbaijan,1986,0.0,Wind
Azerbaijan,1987,0.0,Wind
Azerbaijan,1988,0.0,Wind
Azerbaijan,1989,0.0,Wind
Azerbaijan,1990,0.0,Wind
Azerbaijan,1991,0.0,Wind
Azerbaijan,1992,0.0,Wind
Azerbaijan,1993,0.0,Wind
Azerbaijan,1994,0.0,Wind
Azerbaijan,1995,0.0,Wind
Azerbaijan,1996,0.0,Wind
Azerbaijan,1997,0.0,Wind
Azerbaijan,1998,0.0,Wind
Azerbaijan,1999,0.0,Wind
Azerbaijan,2000,0.0,Wind
Azerbaijan,2001,0.0,Wind
Azerbaijan,2002,0.0,Wind
Azerbaijan,2003,0.0,Wind
Azerbaijan,2004,0.0,Wind
Azerbaijan,2005,0.0,Wind
Azerbaijan,2006,0.0,Wind
Azerbaijan,2007,0.0,Wind
Azerbaijan,2008,0.0,Wind
Azerbaijan,2009,0.0,Wind
Azerbaijan,2010,0.0,Wind
Azerbaijan,2011,0.0,Wind
Azerbaijan,2012,0.0,Wind
Azerbaijan,2013,0.0,Wind
Azerbaijan,2014,0.0,Wind
Azerbaijan,2015,0.0,Wind
Azerbaijan,2016,0.08048289,Wind
Azerbaijan,2017,0.08257639,Wind
Azerbaijan,2018,0.31834462,Wind
Azerbaijan,2019,0.38535646,Wind
Azerbaijan,2020,0.38834953,Wind
Azerbaijan,2021,0.32385752,Wind
Azerbaijan,2022,0.276434,Wind
Azerbaijan,2023,0.2750086,Wind
Azerbaijan,2024,0.32327586,Wind
Azerbaijan,2025,0.32039872,Wind
Bahamas,2000,0.0,Wind
Bahamas,2001,0.0,Wind
Bahamas,2002,0.0,Wind
Bahamas,2003,0.0,Wind
Bahamas,2004,0.0,Wind
Bahamas,2005,0.0,Wind
Bahamas,2006,0.0,Wind
Bahamas,2007,0.0,Wind
Bahamas,2008,0.0,Wind
Bahamas,2009,0.0,Wind
Bahamas,2010,0.0,Wind
Bahamas,2011,0.0,Wind
Bahamas,2012,0.0,Wind
Bahamas,2013,0.0,Wind
Bahamas,2014,0.0,Wind
Bahamas,2015,0.0,Wind
Bahamas,2016,0.0,Wind
Bahamas,2017,0.0,Wind
Bahamas,2018,0.0,Wind
Bahamas,2019,0.0,Wind
Bahamas,2020,0.0,Wind
Bahamas,2021,0.0,Wind
Bahamas,2022,0.0,Wind
Bahamas,2023,0.0,Wind
Bahamas,2024,0.0,Wind
Bahrain,2000,0.0,Wind
Bahrain,2001,0.0,Wind
Bahrain,2002,0.0,Wind
Bahrain,2003,0.0,Wind
Bahrain,2004,0.0,Wind
Bahrain,2005,0.0,Wind
Bahrain,2006,0.0,Wind
Bahrain,2007,0.0,Wind
Bahrain,2008,0.0,Wind
Bahrain,2009,0.0,Wind
Bahrain,2010,0.0,Wind
Bahrain,2011,0.0,Wind
Bahrain,2012,0.0,Wind
Bahrain,2013,0.0,Wind
Bahrain,2014,0.0,Wind
Bahrain,2015,0.0,Wind
Bahrain,2016,0.0,Wind
Bahrain,2017,0.0,Wind
Bahrain,2018,0.0,Wind
Bahrain,2019,0.0,Wind
Bahrain,2020,0.0,Wind
Bahrain,2021,0.0,Wind
Bahrain,2022,0.0,Wind
Bahrain,2023,0.0,Wind
Bahrain,2024,0.0,Wind
Bangladesh,1985,0.0,Wind
Bangladesh,1986,0.0,Wind
Bangladesh,1987,0.0,Wind
Bangladesh,1988,0.0,Wind
Bangladesh,1989,0.0,Wind
Bangladesh,1990,0.0,Wind
Bangladesh,1991,0.0,Wind
Bangladesh,1992,0.0,Wind
Bangladesh,1993,0.0,Wind
Bangladesh,1994,0.0,Wind
Bangladesh,1995,0.0,Wind
Bangladesh,1996,0.0,Wind
Bangladesh,1997,0.0,Wind
Bangladesh,1998,0.0,Wind
Bangladesh,1999,0.0,Wind
Bangladesh,2000,0.0,Wind
Bangladesh,2001,0.0,Wind
Bangladesh,2002,0.0,Wind
Bangladesh,2003,0.0,Wind
Bangladesh,2004,0.0,Wind
Bangladesh,2005,0.0,Wind
Bangladesh,2006,0.0,Wind
Bangladesh,2007,0.0,Wind
Bangladesh,2008,0.0,Wind
Bangladesh,2009,0.0,Wind
Bangladesh,2010,0.0,Wind
Bangladesh,2011,0.0,Wind
Bangladesh,2012,0.0,Wind
Bangladesh,2013,0.0,Wind
Bangladesh,2014,0.0,Wind
Bangladesh,2015,0.01686625,Wind
Bangladesh,2016,0.014473875,Wind
Bangladesh,2017,0.013614704,Wind
Bangladesh,2018,0.012634238,Wind
Bangladesh,2019,0.0117495,Wind
Bangladesh,2020,0.011701381,Wind
Bangladesh,2021,0.010454782,Wind
Bangladesh,2022,0.009779951,Wind
Bangladesh,2023,0.0,Wind
Bangladesh,2024,0.0,Wind
Bangladesh,2025,0.0,Wind
Barbados,2000,0.0,Wind
Barbados,2001,0.0,Wind
Barbados,2002,0.0,Wind
Barbados,2003,0.0,Wind
Barbados,2004,0.0,Wind
Barbados,2005,0.0,Wind
Barbados,2006,0.0,Wind
Barbados,2007,0.0,Wind
Barbados,2008,0.0,Wind
Barbados,2009,0.0,Wind
Barbados,2010,0.0,Wind
Barbados,2011,0.0,Wind
Barbados,2012,0.0,Wind
Barbados,2013,0.0,Wind
Barbados,2014,0.0,Wind
Barbados,2015,0.0,Wind
Barbados,2016,0.0,Wind
Barbados,2017,0.0,Wind
Barbados,2018,0.0,Wind
Barbados,2019,0.0,Wind
Barbados,2020,0.0,Wind
Barbados,2021,0.0,Wind
Barbados,2022,0.0,Wind
Barbados,2023,0.0,Wind
Barbados,2024,0.0,Wind
Belarus,1985,0.0,Wind
Belarus,1986,0.0,Wind
Belarus,1987,0.0,Wind
Belarus,1988,0.0,Wind
Belarus,1989,0.0,Wind
Belarus,1990,0.0,Wind
Belarus,1991,0.0,Wind
Belarus,1992,0.0,Wind
Belarus,1993,0.0,Wind
Belarus,1994,0.0,Wind
Belarus,1995,0.0,Wind
Belarus,1996,0.0,Wind
Belarus,1997,0.0,Wind
Belarus,1998,0.0,Wind
Belarus,1999,0.0,Wind
Belarus,2000,0.0,Wind
Belarus,2001,0.0,Wind
Belarus,2002,0.0,Wind
Belarus,2003,0.0,Wind
Belarus,2004,0.0,Wind
Belarus,2005,0.0,Wind
Belarus,2006,0.0,Wind
Belarus,2007,0.0,Wind
Belarus,2008,0.0,Wind
Belarus,2009,0.0,Wind
Belarus,2010,0.0,Wind
Belarus,2011,0.0,Wind
Belarus,2012,0.032456994,Wind
Belarus,2013,0.031735957,Wind
Belarus,2014,0.02878526,Wind
Belarus,2015,0.08800235,Wind
Belarus,2016,0.23830801,Wind
Belarus,2017,0.2897711,Wind
Belarus,2018,0.256476,Wind
Belarus,2019,0.44488385,Wind
Belarus,2020,0.49299428,Wind
Belarus,2021,0.4121212,Wind
Belarus,2022,0.48413128,Wind
Belarus,2023,0.45519882,Wind
Belarus,2024,0.43649063,Wind
Belarus,2025,1.0351521,Wind
Belgium,1985,0.0,Wind
Belgium,1986,0.0,Wind
Belgium,1987,0.00946865,Wind
Belgium,1988,0.012241963,Wind
Belgium,1989,0.010363155,Wind
Belgium,1990,0.014226775,Wind
Belgium,1991,0.014046916,Wind
Belgium,1992,0.014001681,Wind
Belgium,1993,0.014269406,Wind
Belgium,1994,0.014017382,Wind
Belgium,1995,0.013601742,Wind
Belgium,1996,0.013308491,Wind
Belgium,1997,0.012840267,Wind
Belgium,1998,0.012181752,Wind
Belgium,1999,0.011994721,Wind
Belgium,2000,0.024157505,Wind
Belgium,2001,0.05087117,Wind
Belgium,2002,0.07412898,Wind
Belgium,2003,0.10769416,Wind
Belgium,2004,0.1688578,Wind
Belgium,2005,0.27257645,Wind
Belgium,2006,0.4439645,Wind
Belgium,2007,0.5644511,Wind
Belgium,2008,0.77052736,Wind
Belgium,2009,1.1029412,Wind
Belgium,2010,1.3972484,Wind
Belgium,2011,2.5985663,Wind
Belgium,2012,3.3860874,Wind
Belgium,2013,4.4783406,Wind
Belgium,2014,6.4887643,Wind
Belgium,2015,8.139705,Wind
Belgium,2016,6.4286566,Wind
Belgium,2017,7.6400285,Wind
Belgium,2018,10.247732,Wind
Belgium,2019,10.518934,Wind
Belgium,2020,14.509005,Wind
Belgium,2021,12.072434,Wind
Belgium,2022,13.092336,Wind
Belgium,2023,18.799465,Wind
Belgium,2024,18.497566,Wind
Belgium,2025,18.822884,Wind
Belize,2000,0.0,Wind
Belize,2001,0.0,Wind
Belize,2002,0.0,Wind
Belize,2003,0.0,Wind
Belize,2004,0.0,Wind
Belize,2005,0.0,Wind
Belize,2006,0.0,Wind
Belize,2007,0.0,Wind
Belize,2008,0.0,Wind
Belize,2009,0.0,Wind
Belize,2010,0.0,Wind
Belize,2011,0.0,Wind
Belize,2012,0.0,Wind
Belize,2013,0.0,Wind
Belize,2014,0.0,Wind
Belize,2015,0.0,Wind
Belize,2016,0.0,Wind
Belize,2017,0.0,Wind
Belize,2018,0.0,Wind
Belize,2019,0.0,Wind
Belize,2020,0.0,Wind
Belize,2021,0.0,Wind
Belize,2022,0.0,Wind
Belize,2023,0.0,Wind
Belize,2024,0.0,Wind
Benin,2000,0.0,Wind
Benin,2001,0.0,Wind
Benin,2002,0.0,Wind
Benin,2003,0.0,Wind
Benin,2004,0.0,Wind
Benin,2005,0.0,Wind
Benin,2006,0.0,Wind
Benin,2007,0.0,Wind
Benin,2008,0.0,Wind
Benin,2009,0.0,Wind
Benin,2010,0.0,Wind
Benin,2011,0.0,Wind
Benin,2012,0.0,Wind
Benin,2013,0.0,Wind
Benin,2014,0.0,Wind
Benin,2015,0.0,Wind
Benin,2016,0.0,Wind
Benin,2017,0.0,Wind
Benin,2018,0.0,Wind
Benin,2019,0.0,Wind
Benin,2020,0.0,Wind
Benin,2021,0.0,Wind
Benin,2022,0.0,Wind
Benin,2023,0.0,Wind
Benin,2024,0.0,Wind
Bermuda,2000,0.0,Wind
Bermuda,2001,0.0,Wind
Bermuda,2002,0.0,Wind
Bermuda,2003,0.0,Wind
Bermuda,2004,0.0,Wind
Bermuda,2005,0.0,Wind
Bermuda,2006,0.0,Wind
Bermuda,2007,0.0,Wind
Bermuda,2008,0.0,Wind
Bermuda,2009,0.0,Wind
Bermuda,2010,0.0,Wind
Bermuda,2011,0.0,Wind
Bermuda,2012,0.0,Wind
Bermuda,2013,0.0,Wind
Bermuda,2014,0.0,Wind
Bermuda,2015,0.0,Wind
Bermuda,2016,0.0,Wind
Bermuda,2017,0.0,Wind
Bermuda,2018,0.0,Wind
Bermuda,2019,0.0,Wind
Bermuda,2020,0.0,Wind
Bermuda,2021,0.0,Wind
Bermuda,2022,0.0,Wind
Bermuda,2023,0.0,Wind
Bermuda,2024,0.0,Wind
Bhutan,2000,0.0,Wind
Bhutan,2001,0.0,Wind
Bhutan,2002,0.0,Wind
Bhutan,2003,0.0,Wind
Bhutan,2004,0.0,Wind
Bhutan,2005,0.0,Wind
Bhutan,2006,0.0,Wind
Bhutan,2007,0.0,Wind
Bhutan,2008,0.0,Wind
Bhutan,2009,0.0,Wind
Bhutan,2010,0.0,Wind
Bhutan,2011,0.0,Wind
Bhutan,2012,0.0,Wind
Bhutan,2013,0.0,Wind
Bhutan,2014,0.0,Wind
Bhutan,2015,0.0,Wind
Bhutan,2016,0.0,Wind
Bhutan,2017,0.0,Wind
Bhutan,2018,0.0,Wind
Bhutan,2019,0.0,Wind
Bhutan,2020,0.0,Wind
Bhutan,2021,0.0,Wind
Bhutan,2022,0.0,Wind
Bhutan,2023,0.0,Wind
Bhutan,2024,0.0,Wind
Bolivia,2000,0.0,Wind
Bolivia,2001,0.0,Wind
Bolivia,2002,0.0,Wind
Bolivia,2003,0.0,Wind
Bolivia,2004,0.0,Wind
Bolivia,2005,0.0,Wind
Bolivia,2006,0.0,Wind
Bolivia,2007,0.0,Wind
Bolivia,2008,0.0,Wind
Bolivia,2009,0.0,Wind
Bolivia,2010,0.0,Wind
Bolivia,2011,0.0,Wind
Bolivia,2012,0.0,Wind
Bolivia,2013,0.0,Wind
Bolivia,2014,0.12048192,Wind
Bolivia,2015,0.11111111,Wind
Bolivia,2016,0.4301075,Wind
Bolivia,2017,0.6256517,Wind
Bolivia,2018,0.5976096,Wind
Bolivia,2019,0.6750241,Wind
Bolivia,2020,0.58422583,Wind
Bolivia,2021,1.1959522,Wind
Bolivia,2022,3.7703512,Wind
Bolivia,2023,3.505976,Wind
Bolivia,2024,3.5476718,Wind
Bolivia,2025,2.054292,Wind
Bosnia and Herzegovina,2011,0.0,Wind
Bosnia and Herzegovina,2012,0.0,Wind
Bosnia and Herzegovina,2013,0.0,Wind
Bosnia and Herzegovina,2014,0.0,Wind
Bosnia and Herzegovina,2015,0.0,Wind
Bosnia and Herzegovina,2016,0.0,Wind
Bosnia and Herzegovina,2017,0.0,Wind
Bosnia and Herzegovina,2018,0.52438384,Wind
Bosnia and Herzegovina,2019,1.435132,Wind
Bosnia and Herzegovina,2020,1.5485407,Wind
Bosnia and Herzegovina,2021,2.0640955,Wind
Bosnia and Herzegovina,2022,2.385321,Wind
Bosnia and Herzegovina,2023,2.09546,Wind
Bosnia and Herzegovina,2024,2.3886378,Wind
Bosnia and Herzegovina,2025,2.562327,Wind
Botswana,2000,0.0,Wind
Botswana,2001,0.0,Wind
Botswana,2002,0.0,Wind
Botswana,2003,0.0,Wind
Botswana,2004,0.0,Wind
Botswana,2005,0.0,Wind
Botswana,2006,0.0,Wind
Botswana,2007,0.0,Wind
Botswana,2008,0.0,Wind
Botswana,2009,0.0,Wind
Botswana,2010,0.0,Wind
Botswana,2011,0.0,Wind
Botswana,2012,0.0,Wind
Botswana,2013,0.0,Wind
Botswana,2014,0.0,Wind
Botswana,2015,0.0,Wind
Botswana,2016,0.0,Wind
Botswana,2017,0.0,Wind
Botswana,2018,0.0,Wind
Botswana,2019,0.0,Wind
Botswana,2020,0.0,Wind
Botswana,2021,0.0,Wind
Botswana,2022,0.0,Wind
Botswana,2023,0.0,Wind
Botswana,2024,0.0,Wind
Brazil,1985,0.0,Wind
Brazil,1986,0.0,Wind
Brazil,1987,0.0,Wind
Brazil,1988,0.0,Wind
Brazil,1989,0.0,Wind
Brazil,1990,0.0,Wind
Brazil,1991,0.0,Wind
Brazil,1992,0.0,Wind
Brazil,1993,0.0,Wind
Brazil,1994,0.0,Wind
Brazil,1995,0.0,Wind
Brazil,1996,0.0006867058,Wind
Brazil,1997,0.0012987824,Wind
Brazil,1998,0.0015540081,Wind
Brazil,1999,0.00059750327,Wind
Brazil,2000,0.0,Wind
Brazil,2001,0.00913103,Wind
Brazil,2002,0.017355084,Wind
Brazil,2003,0.016465873,Wind
Brazil,2004,0.015484271,Wind
Brazil,2005,0.022328628,Wind
Brazil,2006,0.05721778,Wind
Brazil,2007,0.14826463,Wind
Brazil,2008,0.25476056,Wind
Brazil,2009,0.26599738,Wind
Brazil,2010,0.42264447,Wind
Brazil,2011,0.5077478,Wind
Brazil,2012,0.91402715,Wind
Brazil,2013,1.1527075,Wind
Brazil,2014,2.0675642,Wind
Brazil,2015,3.7214825,Wind
Brazil,2016,5.7852097,Wind
Brazil,2017,7.189642,Wind
Brazil,2018,8.061324,Wind
Brazil,2019,8.840573,Wind
Brazil,2020,9.073414,Wind
Brazil,2021,11.013102,Wind
Brazil,2022,12.054758,Wind
Brazil,2023,13.528781,Wind
Brazil,2024,14.548356,Wind
Brazil,2025,15.666262,Wind
British Virgin Islands,2000,0.0,Wind
British Virgin Islands,2001,0.0,Wind
British Virgin Islands,2002,0.0,Wind
British Virgin Islands,2003,0.0,Wind
British Virgin Islands,2004,0.0,Wind
British Virgin Islands,2005,0.0,Wind
British Virgin Islands,2006,0.0,Wind
British Virgin Islands,2007,0.0,Wind
British Virgin Islands,2008,0.0,Wind
British Virgin Islands,2009,0.0,Wind
British Virgin Islands,2010,0.0,Wind
British Virgin Islands,2011,0.0,Wind
British Virgin Islands,2012,0.0,Wind
British Virgin Islands,2013,0.0,Wind
British Virgin Islands,2014,0.0,Wind
British Virgin Islands,2015,0.0,Wind
British Virgin Islands,2016,0.0,Wind
British Virgin Islands,2017,0.0,Wind
British Virgin Islands,2018,0.0,Wind
British Virgin Islands,2019,0.0,Wind
British Virgin Islands,2020,0.0,Wind
British Virgin Islands,2021,0.0,Wind
British Virgin Islands,2022,0.0,Wind
British Virgin Islands,2023,0.0,Wind
Brunei,2000,0.0,Wind
Brunei,2001,0.0,Wind
Brunei,2002,0.0,Wind
Brunei,2003,0.0,Wind
Brunei,2004,0.0,Wind
Brunei,2005,0.0,Wind
Brunei,2006,0.0,Wind
Brunei,2007,0.0,Wind
Brunei,2008,0.0,Wind
Brunei,2009,0.0,Wind
Brunei,2010,0.0,Wind
Brunei,2011,0.0,Wind
Brunei,2012,0.0,Wind
Brunei,2013,0.0,Wind
Brunei,2014,0.0,Wind
Brunei,2015,0.0,Wind
Brunei,2016,0.0,Wind
Brunei,2017,0.0,Wind
Brunei,2018,0.0,Wind
Brunei,2019,0.0,Wind
Brunei,2020,0.0,Wind
Brunei,2021,0.0,Wind
Brunei,2022,0.0,Wind
Brunei,2023,0.0,Wind
Brunei,2024,0.0,Wind
Bulgaria,1985,0.0,Wind
Bulgaria,1986,0.0,Wind
Bulgaria,1987,0.0,Wind
Bulgaria,1988,0.0,Wind
Bulgaria,1989,0.0,Wind
Bulgaria,1990,0.0,Wind
Bulgaria,1991,0.0,Wind
Bulgaria,1992,0.0,Wind
Bulgaria,1993,0.0,Wind
Bulgaria,1994,0.0,Wind
Bulgaria,1995,0.0,Wind
Bulgaria,1996,0.0,Wind
Bulgaria,1997,0.0,Wind
Bulgaria,1998,0.0,Wind
Bulgaria,1999,0.0,Wind
Bulgaria,2004,0.0,Wind
Bulgaria,2005,0.0,Wind
Bulgaria,2006,0.044014085,Wind
Bulgaria,2007,0.11676787,Wind
Bulgaria,2008,0.2697235,Wind
Bulgaria,2009,0.5672417,Wind
Bulgaria,2010,1.4805138,Wind
Bulgaria,2011,1.7213771,Wind
Bulgaria,2012,2.6259148,Wind
Bulgaria,2013,3.1845653,Wind
Bulgaria,2014,2.8346124,Wind
Bulgaria,2015,2.9768016,Wind
Bulgaria,2016,3.1888614,Wind
Bulgaria,2017,3.3452275,Wind
Bulgaria,2018,2.8380995,Wind
Bulgaria,2019,3.0192132,Wind
Bulgaria,2020,3.6870952,Wind
Bulgaria,2021,3.0283775,Wind
Bulgaria,2022,2.9832935,Wind
Bulgaria,2023,3.9421158,Wind
Bulgaria,2024,3.8120105,Wind
Bulgaria,2025,3.4773448,Wind
Burkina Faso,2000,0.0,Wind
Burkina Faso,2001,0.0,Wind
Burkina Faso,2002,0.0,Wind
Burkina Faso,2003,0.0,Wind
Burkina Faso,2004,0.0,Wind
Burkina Faso,2005,0.0,Wind
Burkina Faso,2006,0.0,Wind
Burkina Faso,2007,0.0,Wind
Burkina Faso,2008,0.0,Wind
Burkina Faso,2009,0.0,Wind
Burkina Faso,2010,0.0,Wind
Burkina Faso,2011,0.0,Wind
Burkina Faso,2012,0.0,Wind
Burkina Faso,2013,0.0,Wind
Burkina Faso,2014,0.0,Wind
Burkina Faso,2015,0.0,Wind
Burkina Faso,2016,0.0,Wind
Burkina Faso,2017,0.0,Wind
Burkina Faso,2018,0.0,Wind
Burkina Faso,2019,0.0,Wind
Burkina Faso,2020,0.0,Wind
Burkina Faso,2021,0.0,Wind
Burkina Faso,2022,0.0,Wind
Burkina Faso,2023,0.0,Wind
Burkina Faso,2024,0.0,Wind
Burundi,2000,0.0,Wind
Burundi,2001,0.0,Wind
Burundi,2002,0.0,Wind
Burundi,2003,0.0,Wind
Burundi,2004,0.0,Wind
Burundi,2005,0.0,Wind
Burundi,2006,0.0,Wind
Burundi,2007,0.0,Wind
Burundi,2008,0.0,Wind
Burundi,2009,0.0,Wind
Burundi,2010,0.0,Wind
Burundi,2011,0.0,Wind
Burundi,2012,0.0,Wind
Burundi,2013,0.0,Wind
Burundi,2014,0.0,Wind
Burundi,2015,0.0,Wind
Burundi,2016,0.0,Wind
Burundi,2017,0.0,Wind
Burundi,2018,0.0,Wind
Burundi,2019,0.0,Wind
Burundi,2020,0.0,Wind
Burundi,2021,0.0,Wind
Burundi,2022,0.0,Wind
Burundi,2023,0.0,Wind
Burundi,2024,0.0,Wind
Cameroon,2000,0.0,Wind
Cameroon,2001,0.0,Wind
Cameroon,2002,0.0,Wind
Cameroon,2003,0.0,Wind
Cameroon,2004,0.0,Wind
Cameroon,2005,0.0,Wind
Cameroon,2006,0.0,Wind
Cameroon,2007,0.0,Wind
Cameroon,2008,0.0,Wind
Cameroon,2009,0.0,Wind
Cameroon,2010,0.0,Wind
Cameroon,2011,0.0,Wind
Cameroon,2012,0.0,Wind
Cameroon,2013,0.0,Wind
Cameroon,2014,0.0,Wind
Cameroon,2015,0.0,Wind
Cameroon,2016,0.0,Wind
Cameroon,2017,0.0,Wind
Cameroon,2018,0.0,Wind
Cameroon,2019,0.0,Wind
Cameroon,2020,0.0,Wind
Cameroon,2021,0.0,Wind
Cameroon,2022,0.0,Wind
Cameroon,2023,0.0,Wind
Cameroon,2024,0.0,Wind
Canada,1985,0.00021785716,Wind
Canada,1986,0.0002134089,Wind
Canada,1987,0.00020145139,Wind
Canada,1988,0.0001976223,Wind
Canada,1989,0.00020076589,Wind
Canada,1990,0.0003993381,Wind
Canada,1991,0.00037854267,Wind
Canada,1992,0.011376196,Wind
Canada,1993,0.011127201,Wind
Canada,1994,0.01066802,Wind
Canada,1995,0.010575965,Wind
Canada,1996,0.010846336,Wind
Canada,1997,0.010832694,Wind
Canada,1998,0.011032199,Wind
Canada,1999,0.028038664,Wind
Canada,2000,0.04305919,Wind
Canada,2001,0.056145366,Wind
Canada,2002,0.06835726,Wind
Canada,2003,0.117293075,Wind
Canada,2004,0.15705931,Wind
Canada,2005,0.25302178,Wind
Canada,2006,0.40596288,Wind
Canada,2007,0.47462118,Wind
Canada,2008,0.59674704,Wind
Canada,2009,1.0816622,Wind
Canada,2010,1.4365023,Wind
Canada,2011,1.5965029,Wind
Canada,2012,1.7767934,Wind
Canada,2013,1.7004987,Wind
Canada,2014,1.9633368,Wind
Canada,2015,4.0796876,Wind
Canada,2016,4.6362777,Wind
Canada,2017,4.7075524,Wind
Canada,2018,5.0620084,Wind
Canada,2019,5.014488,Wind
Canada,2020,5.452133,Wind
Canada,2021,5.717351,Wind
Canada,2022,5.9450665,Wind
Canada,2023,6.3159695,Wind
Canada,2024,7.3540735,Wind
Canada,2025,7.890381,Wind
Cape Verde,2000,6.666666,Wind
Cape Verde,2001,5.882353,Wind
Cape Verde,2002,5.263158,Wind
Cape Verde,2003,0.0,Wind
Cape Verde,2004,4.5454545,Wind
Cape Verde,2005,4.1666665,Wind
Cape Verde,2006,4.0,Wind
Cape Verde,2007,3.7037034,Wind
Cape Verde,2008,3.4482758,Wind
Cape Verde,2009,3.2258062,Wind
Cape Verde,2010,0.0,Wind
Cape Verde,2011,5.405405,Wind
Cape Verde,2012,15.789474,Wind
Cape Verde,2013,19.512196,Wind
Cape Verde,2014,18.60465,Wind
Cape Verde,2015,18.60465,Wind
Cape Verde,2016,17.777779,Wind
Cape Verde,2017,16.27907,Wind
Cape Verde,2018,18.60465,Wind
Cape Verde,2019,15.909091,Wind
Cape Verde,2020,14.285714,Wind
Cape Verde,2021,16.27907,Wind
Cape Verde,2022,14.0,Wind
Cape Verde,2023,14.0,Wind
Cape Verde,2024,15.384616,Wind
Cayman Islands,2000,0.0,Wind
Cayman Islands,2001,0.0,Wind
Cayman Islands,2002,0.0,Wind
Cayman Islands,2003,0.0,Wind
Cayman Islands,2004,0.0,Wind
Cayman Islands,2005,0.0,Wind
Cayman Islands,2006,0.0,Wind
Cayman Islands,2007,0.0,Wind
Cayman Islands,2008,0.0,Wind
Cayman Islands,2009,0.0,Wind
Cayman Islands,2010,0.0,Wind
Cayman Islands,2011,0.0,Wind
Cayman Islands,2012,0.0,Wind
Cayman Islands,2013,0.0,Wind
Cayman Islands,2014,0.0,Wind
Cayman Islands,2015,0.0,Wind
Cayman Islands,2016,0.0,Wind
Cayman Islands,2017,0.0,Wind
Cayman Islands,2018,0.0,Wind
Cayman Islands,2019,0.0,Wind
Cayman Islands,2020,0.0,Wind
Cayman Islands,2021,0.0,Wind
Cayman Islands,2022,0.0,Wind
Cayman Islands,2023,0.0,Wind
Cayman Islands,2024,0.0,Wind
Central African Republic,2000,0.0,Wind
Central African Republic,2001,0.0,Wind
Central African Republic,2002,0.0,Wind
Central African Republic,2003,0.0,Wind
Central African Republic,2004,0.0,Wind
Central African Republic,2005,0.0,Wind
Central African Republic,2006,0.0,Wind
Central African Republic,2007,0.0,Wind
Central African Republic,2008,0.0,Wind
Central African Republic,2009,0.0,Wind
Central African Republic,2010,0.0,Wind
Central African Republic,2011,0.0,Wind
Central African Republic,2012,0.0,Wind
Central African Republic,2013,0.0,Wind
Central African Republic,2014,0.0,Wind
Central African Republic,2015,0.0,Wind
Central African Republic,2016,0.0,Wind
Central African Republic,2017,0.0,Wind
Central African Republic,2018,0.0,Wind
Central African Republic,2019,0.0,Wind
Central African Republic,2020,0.0,Wind
Central African Republic,2021,0.0,Wind
Central African Republic,2022,0.0,Wind
Central African Republic,2023,0.0,Wind
Chad,2000,0.0,Wind
Chad,2001,0.0,Wind
Chad,2002,0.0,Wind
Chad,2003,0.0,Wind
Chad,2004,0.0,Wind
Chad,2005,0.0,Wind
Chad,2006,0.0,Wind
Chad,2007,0.0,Wind
Chad,2008,0.0,Wind
Chad,2009,0.0,Wind
Chad,2010,0.0,Wind
Chad,2011,0.0,Wind
Chad,2012,0.0,Wind
Chad,2013,0.0,Wind
Chad,2014,0.0,Wind
Chad,2015,0.0,Wind
Chad,2016,3.2258062,Wind
Chad,2017,3.125,Wind
Chad,2018,2.9411764,Wind
Chad,2019,2.857143,Wind
Chad,2020,2.857143,Wind
Chad,2021,2.3255813,Wind
Chad,2022,2.5641026,Wind
Chad,2023,2.7777777,Wind
Chad,2024,2.7027025,Wind
Chile,1985,0.0,Wind
Chile,1986,0.0,Wind
Chile,1987,0.0,Wind
Chile,1988,0.0,Wind
Chile,1989,0.0,Wind
Chile,1990,0.0,Wind
Chile,1991,0.0,Wind
Chile,1992,0.0,Wind
Chile,1993,0.0,Wind
Chile,1994,0.0,Wind
Chile,1995,0.0,Wind
Chile,1996,0.0,Wind
Chile,1997,0.0,Wind
Chile,1998,0.0,Wind
Chile,1999,0.0,Wind
Chile,2000,0.0,Wind
Chile,2001,0.023629488,Wind
Chile,2002,0.023020258,Wind
Chile,2003,0.02144542,Wind
Chile,2004,0.019607842,Wind
Chile,2005,0.01914975,Wind
Chile,2006,0.018168604,Wind
Chile,2007,0.017158546,Wind
Chile,2008,0.06727211,Wind
Chile,2009,0.13251615,Wind
Chile,2010,0.54771787,Wind
Chile,2011,0.51789796,Wind
Chile,2012,0.5893345,Wind
Chile,2013,0.7550797,Wind
Chile,2014,2.052159,Wind
Chile,2015,2.816713,Wind
Chile,2016,3.1079538,Wind
Chile,2017,4.4596477,Wind
Chile,2018,4.3786693,Wind
Chile,2019,5.8228145,Wind
Chile,2020,6.6403446,Wind
Chile,2021,8.649262,Wind
Chile,2022,9.753954,Wind
Chile,2023,10.601815,Wind
Chile,2024,11.769352,Wind
Chile,2025,13.084745,Wind
China,1985,0.0,Wind
China,1986,0.0,Wind
China,1987,0.0,Wind
China,1988,0.0,Wind
China,1989,0.0,Wind
China,1990,0.0003252096,Wind
China,1991,0.0013417326,Wind
China,1992,0.01741692,Wind
China,1993,0.026136499,Wind
China,1994,0.041370813,Wind
China,1995,0.061186023,Wind
China,1996,0.008687554,Wind
China,1997,0.017434705,Wind
China,1998,0.030467486,Wind
China,1999,0.038226202,Wind
China,2000,0.043523163,Wind
China,2001,0.048622694,Wind
China,2002,0.050785664,Wind
China,2003,0.052340128,Wind
China,2004,0.05809441,Wind
China,2005,0.07799189,Wind
China,2006,0.12946136,Wind
China,2007,0.16699477,Wind
China,2008,0.3747397,Wind
China,2009,0.7432753,Wind
China,2010,1.1741887,Wind
China,2011,1.5722402,Wind
China,2012,2.066149,Wind
China,2013,2.5454605,Wind
China,2014,2.7571208,Wind
China,2015,3.191804,Wind
China,2016,3.927176,Wind
China,2017,4.612049,Wind
China,2018,5.104561,Wind
China,2019,5.4015293,Wind
China,2020,5.996861,Wind
China,2021,7.684322,Wind
China,2022,8.618997,Wind
China,2023,9.367891,Wind
China,2024,9.884523,Wind
China,2025,10.7285385,Wind
Colombia,1985,0.0,Wind
Colombia,1986,0.0,Wind
Colombia,1987,0.0,Wind
Colombia,1988,0.0,Wind
Colombia,1989,0.0,Wind
Colombia,1990,0.0,Wind
Colombia,1991,0.0,Wind
Colombia,1992,0.0,Wind
Colombia,1993,0.0,Wind
Colombia,1994,0.0,Wind
Colombia,1995,0.0,Wind
Colombia,1996,0.0,Wind
Colombia,1997,0.0,Wind
Colombia,1998,0.0,Wind
Colombia,1999,0.0,Wind
Colombia,2000,0.0,Wind
Colombia,2001,0.0,Wind
Colombia,2002,0.0,Wind
Colombia,2003,0.0,Wind
Colombia,2004,0.1013582,Wind
Colombia,2005,0.10012015,Wind
Colombia,2006,0.11248594,Wind
Colombia,2007,0.09125753,Wind
Colombia,2008,0.090122566,Wind
Colombia,2009,0.10572687,Wind
Colombia,2010,0.066412084,Wind
Colombia,2011,0.06482982,Wind
Colombia,2012,0.07928956,Wind
Colombia,2013,0.08162154,Wind
Colombia,2014,0.09934715,Wind
Colombia,2015,0.08977812,Wind
Colombia,2016,0.06564265,Wind
Colombia,2017,0.0,Wind
Colombia,2018,0.051144354,Wind
Colombia,2019,0.07616146,Wind
Colombia,2020,0.012861736,Wind
Colombia,2021,0.07112376,Wind
Colombia,2022,0.084479846,Wind
Colombia,2023,0.25410023,Wind
Colombia,2024,0.16827463,Wind
Colombia,2025,0.16600266,Wind
Comoros,2000,0.0,Wind
Comoros,2001,0.0,Wind
Comoros,2002,0.0,Wind
Comoros,2003,0.0,Wind
Comoros,2004,0.0,Wind
Comoros,2005,0.0,Wind
Comoros,2006,0.0,Wind
Comoros,2007,0.0,Wind
Comoros,2008,0.0,Wind
Comoros,2009,0.0,Wind
Comoros,2010,0.0,Wind
Comoros,2011,0.0,Wind
Comoros,2012,0.0,Wind
Comoros,2013,0.0,Wind
Comoros,2014,0.0,Wind
Comoros,2015,0.0,Wind
Comoros,2016,0.0,Wind
Comoros,2017,0.0,Wind
Comoros,2018,0.0,Wind
Comoros,2019,0.0,Wind
Comoros,2020,0.0,Wind
Comoros,2021,0.0,Wind
Comoros,2022,0.0,Wind
Comoros,2023,0.0,Wind
Congo,2000,0.0,Wind
Congo,2001,0.0,Wind
Congo,2002,0.0,Wind
Congo,2003,0.0,Wind
Congo,2004,0.0,Wind
Congo,2005,0.0,Wind
Congo,2006,0.0,Wind
Congo,2007,0.0,Wind
Congo,2008,0.0,Wind
Congo,2009,0.0,Wind
Congo,2010,0.0,Wind
Congo,2011,0.0,Wind
Congo,2012,0.0,Wind
Congo,2013,0.0,Wind
Congo,2014,0.0,Wind
Congo,2015,0.0,Wind
Congo,2016,0.0,Wind
Congo,2017,0.0,Wind
Congo,2018,0.0,Wind
Congo,2019,0.0,Wind
Congo,2020,0.0,Wind
Congo,2021,0.0,Wind
Congo,2022,0.0,Wind
Congo,2023,0.0,Wind
Congo,2024,0.0,Wind
Cook Islands,2000,0.0,Wind
Cook Islands,2001,0.0,Wind
Cook Islands,2002,0.0,Wind
Cook Islands,2003,0.0,Wind
Cook Islands,2004,0.0,Wind
Cook Islands,2005,0.0,Wind
Cook Islands,2006,0.0,Wind
Cook Islands,2007,0.0,Wind
Cook Islands,2008,0.0,Wind
Cook Islands,2009,0.0,Wind
Cook Islands,2010,0.0,Wind
Cook Islands,2011,0.0,Wind
Cook Islands,2012,0.0,Wind
Cook Islands,2013,0.0,Wind
Cook Islands,2014,0.0,Wind
Cook Islands,2015,0.0,Wind
Cook Islands,2016,0.0,Wind
Cook Islands,2017,0.0,Wind
Cook Islands,2018,0.0,Wind
Cook Islands,2019,0.0,Wind
Cook Islands,2020,0.0,Wind
Cook Islands,2021,0.0,Wind
Cook Islands,2022,0.0,Wind
Cook Islands,2023,0.0,Wind
Cook Islands,2024,0.0,Wind
Costa Rica,2000,2.6239069,Wind
Costa Rica,2001,2.753623,Wind
Costa Rica,2002,3.5040429,Wind
Costa Rica,2003,4.2465754,Wind
Costa Rica,2004,3.2581453,Wind
Costa Rica,2005,2.4420025,Wind
Costa Rica,2006,3.1322508,Wind
Costa Rica,2007,2.6726058,Wind
Costa Rica,2008,2.1276598,Wind
Costa Rica,2009,3.5714288,Wind
Costa Rica,2010,3.785489,Wind
Costa Rica,2011,4.205128,Wind
Costa Rica,2012,5.2423344,Wind
Costa Rica,2013,4.808636,Wind
Costa Rica,2014,7.276303,Wind
Costa Rica,2015,10.027855,Wind
Costa Rica,2016,10.589318,Wind
Costa Rica,2017,11.436171,Wind
Costa Rica,2018,15.734266,Wind
Costa Rica,2019,15.761821,Wind
Costa Rica,2020,12.457338,Wind
Costa Rica,2021,12.333073,Wind
Costa Rica,2022,11.012862,Wind
Costa Rica,2023,12.71331,Wind
Costa Rica,2024,11.272727,Wind
Costa Rica,2025,12.099921,Wind
Cote d'Ivoire,2000,0.0,Wind
Cote d'Ivoire,2001,0.0,Wind
Cote d'Ivoire,2002,0.0,Wind
Cote d'Ivoire,2003,0.0,Wind
Cote d'Ivoire,2004,0.0,Wind
Cote d'Ivoire,2005,0.0,Wind
Cote d'Ivoire,2006,0.0,Wind
Cote d'Ivoire,2007,0.0,Wind
Cote d'Ivoire,2008,0.0,Wind
Cote d'Ivoire,2009,0.0,Wind
Cote d'Ivoire,2010,0.0,Wind
Cote d'Ivoire,2011,0.0,Wind
Cote d'Ivoire,2012,0.0,Wind
Cote d'Ivoire,2013,0.0,Wind
Cote d'Ivoire,2014,0.0,Wind
Cote d'Ivoire,2015,0.0,Wind
Cote d'Ivoire,2016,0.0,Wind
Cote d'Ivoire,2017,0.0,Wind
Cote d'Ivoire,2018,0.0,Wind
Cote d'Ivoire,2019,0.0,Wind
Cote d'Ivoire,2020,0.0,Wind
Cote d'Ivoire,2021,0.0,Wind
Cote d'Ivoire,2022,0.0,Wind
Cote d'Ivoire,2023,0.0,Wind
Cote d'Ivoire,2024,0.0,Wind
Croatia,1990,0.0,Wind
Croatia,1991,0.0,Wind
Croatia,1992,0.0,Wind
Croatia,1993,0.0,Wind
Croatia,1994,0.0,Wind
Croatia,1995,0.0,Wind
Croatia,1996,0.0,Wind
Croatia,1997,0.0,Wind
Croatia,1998,0.0,Wind
Croatia,1999,0.0,Wind
Croatia,2004,0.0,Wind
Croatia,2005,0.07662835,Wind
Croatia,2006,0.15491867,Wind
Croatia,2007,0.23923445,Wind
Croatia,2008,0.31298906,Wind
Croatia,2009,0.37453184,Wind
Croatia,2010,0.94658554,Wind
Croatia,2011,1.780944,Wind
Croatia,2012,3.1220438,Wind
Croatia,2013,3.7302725,Wind
Croatia,2014,5.435592,Wind
Croatia,2015,7.117438,Wind
Croatia,2016,8.015873,Wind
Croatia,2017,10.195412,Wind
Croatia,2018,9.9112425,Wind
Croatia,2019,11.620554,Wind
Croatia,2020,13.000756,Wind
Croatia,2021,13.633355,Wind
Croatia,2022,15.177305,Wind
Croatia,2023,14.850917,Wind
Croatia,2024,17.527796,Wind
Croatia,2025,21.428572,Wind
Cuba,2000,0.0,Wind
Cuba,2001,0.0,Wind
Cuba,2002,0.0,Wind
Cuba,2003,0.0,Wind
Cuba,2004,0.0,Wind
Cuba,2005,0.0,Wind
Cuba,2006,0.0,Wind
Cuba,2007,0.0,Wind
Cuba,2008,0.056561083,Wind
Cuba,2009,0.0,Wind
Cuba,2010,0.057471264,Wind
Cuba,2011,0.112676054,Wind
Cuba,2012,0.10851871,Wind
Cuba,2013,0.103896104,Wind
Cuba,2014,0.1029336,Wind
Cuba,2015,0.098087296,Wind
Cuba,2016,0.097323604,Wind
Cuba,2017,0.097228974,Wind
Cuba,2018,0.09615385,Wind
Cuba,2019,0.096618354,Wind
Cuba,2020,0.10509721,Wind
Cuba,2021,0.112170495,Wind
Cuba,2022,0.38338658,Wind
Cuba,2023,0.30395135,Wind
Cuba,2024,0.3602676,Wind
Cyprus,1985,0.0,Wind
Cyprus,1986,0.0,Wind
Cyprus,1987,0.0,Wind
Cyprus,1988,0.0,Wind
Cyprus,1989,0.0,Wind
Cyprus,1990,0.0,Wind
Cyprus,1991,0.0,Wind
Cyprus,1992,0.0,Wind
Cyprus,1993,0.0,Wind
Cyprus,1994,0.0,Wind
Cyprus,1995,0.0,Wind
Cyprus,1996,0.0,Wind
Cyprus,1997,0.0,Wind
Cyprus,1998,0.0,Wind
Cyprus,1999,0.0,Wind
Cyprus,2004,0.0,Wind
Cyprus,2005,0.0,Wind
Cyprus,2006,0.0,Wind
Cyprus,2007,0.0,Wind
Cyprus,2008,0.0,Wind
Cyprus,2009,0.0,Wind
Cyprus,2010,0.5628518,Wind
Cyprus,2011,2.2357724,Wind
Cyprus,2012,4.025424,Wind
Cyprus,2013,5.3613057,Wind
Cyprus,2014,4.147465,Wind
Cyprus,2015,4.845815,Wind
Cyprus,2016,4.703477,Wind
Cyprus,2017,4.2,Wind
Cyprus,2018,4.347826,Wind
Cyprus,2019,4.660194,Wind
Cyprus,2020,4.9484534,Wind
Cyprus,2021,4.8828125,Wind
Cyprus,2022,4.1825094,Wind
Cyprus,2023,3.9399624,Wind
Cyprus,2024,3.7996545,Wind
Cyprus,2025,3.5532994,Wind
Czechia,1985,0.0,Wind
Czechia,1986,0.0,Wind
Czechia,1987,0.0,Wind
Czechia,1988,0.0,Wind
Czechia,1989,0.0,Wind
Czechia,1990,0.0,Wind
Czechia,1991,0.0,Wind
Czechia,1992,0.0,Wind
Czechia,1993,0.0,Wind
Czechia,1994,0.0,Wind
Czechia,1995,0.0,Wind
Czechia,1996,0.0,Wind
Czechia,1997,0.0,Wind
Czechia,1998,0.0,Wind
Czechia,1999,0.0,Wind
Czechia,2000,0.0,Wind
Czechia,2002,0.0,Wind
Czechia,2003,0.0,Wind
Czechia,2004,0.011934598,Wind
Czechia,2005,0.024411082,Wind
Czechia,2006,0.059765715,Wind
Czechia,2007,0.14811438,Wind
Czechia,2008,0.28818443,Wind
Czechia,2009,0.35521802,Wind
Czechia,2010,0.3989674,Wind
Czechia,2011,0.46168053,Wind
Czechia,2012,0.48510045,Wind
Czechia,2013,0.5587242,Wind
Czechia,2014,0.56483877,Wind
Czechia,2015,0.69099283,Wind
Czechia,2016,0.6097561,Wind
Czechia,2017,0.68796635,Wind
Czechia,2018,0.70244133,Wind
Czechia,2019,0.8166122,Wind
Czechia,2020,0.8739076,Wind
Czechia,2021,0.7171886,Wind
Czechia,2022,0.7643616,Wind
Czechia,2023,0.9234828,Wind
Czechia,2024,0.9202033,Wind
Czechia,2025,0.75496686,Wind
Democratic Republic of Congo,2000,0.0,Wind
Democratic Republic of Congo,2001,0.0,Wind
Democratic Republic of Congo,2002,0.0,Wind
Democratic Republic of Congo,2003,0.0,Wind
Democratic Republic of Congo,2004,0.0,Wind
Democratic Republic of Congo,2005,0.0,Wind
Democratic Republic of Congo,2006,0.0,Wind
Democratic Republic of Congo,2007,0.0,Wind
Democratic Republic of Congo,2008,0.0,Wind
Democratic Republic of Congo,2009,0.0,Wind
Democratic Republic of Congo,2010,0.0,Wind
Democratic Republic of Congo,2011,0.0,Wind
Democratic Republic of Congo,2012,0.0,Wind
Democratic Republic of Congo,2013,0.0,Wind
Democratic Republic of Congo,2014,0.0,Wind
Democratic Republic of Congo,2015,0.0,Wind
Democratic Republic of Congo,2016,0.0,Wind
Democratic Republic of Congo,2017,0.0,Wind
Democratic Republic of Congo,2018,0.0,Wind
Democratic Republic of Congo,2019,0.0,Wind
Democratic Republic of Congo,2020,0.0,Wind
Democratic Republic of Congo,2021,0.0,Wind
Democratic Republic of Congo,2022,0.0,Wind
Democratic Republic of Congo,2023,0.0,Wind
Democratic Republic of Congo,2024,0.0,Wind
Denmark,1985,0.17637141,Wind
Denmark,1986,0.40801623,Wind
Denmark,1987,0.58936614,Wind
Denmark,1988,1.0392063,Wind
Denmark,1989,1.868008,Wind
Denmark,1990,2.3515806,Wind
Denmark,1991,2.0301783,Wind
Denmark,1992,3.006536,Wind
Denmark,1993,3.0491416,Wind
Denmark,1994,2.8231797,Wind
Denmark,1995,3.2258062,Wind
Denmark,1996,2.3042338,Wind
Denmark,1997,4.3724513,Wind
Denmark,1998,6.8914957,Wind
Denmark,1999,7.8254128,Wind
Denmark,2000,11.827057,Wind
Denmark,2001,11.481087,Wind
Denmark,2002,12.480819,Wind
Denmark,2003,12.094844,Wind
Denmark,2004,16.37674,Wind
Denmark,2005,18.320398,Wind
Denmark,2006,13.424296,Wind
Denmark,2007,18.318855,Wind
Denmark,2008,18.99671,Wind
Denmark,2009,18.565517,Wind
Denmark,2010,20.154839,Wind
Denmark,2011,27.82683,Wind
Denmark,2012,33.595028,Wind
Denmark,2013,32.12944,Wind
Denmark,2014,40.823967,Wind
Denmark,2015,49.096596,Wind
Denmark,2016,42.039474,Wind
Denmark,2017,47.831715,Wind
Denmark,2018,46.011253,Wind
Denmark,2019,54.98808,Wind
Denmark,2020,57.13786,Wind
Denmark,2021,48.75456,Wind
Denmark,2022,54.095566,Wind
Denmark,2023,57.214516,Wind
Denmark,2024,58.214485,Wind
Denmark,2025,57.687687,Wind
Djibouti,2000,0.0,Wind
Djibouti,2001,0.0,Wind
Djibouti,2002,0.0,Wind
Djibouti,2003,0.0,Wind
Djibouti,2004,0.0,Wind
Djibouti,2005,0.0,Wind
Djibouti,2006,0.0,Wind
Djibouti,2007,0.0,Wind
Djibouti,2008,0.0,Wind
Djibouti,2009,0.0,Wind
Djibouti,2010,0.0,Wind
Djibouti,2011,0.0,Wind
Djibouti,2012,0.0,Wind
Djibouti,2013,0.0,Wind
Djibouti,2014,0.0,Wind
Djibouti,2015,0.0,Wind
Djibouti,2016,0.0,Wind
Djibouti,2017,0.0,Wind
Djibouti,2018,0.0,Wind
Djibouti,2019,0.0,Wind
Djibouti,2020,0.0,Wind
Djibouti,2021,35.0,Wind
Djibouti,2022,35.0,Wind
Djibouti,2023,35.0,Wind
Djibouti,2024,35.0,Wind
Dominica,2000,0.0,Wind
Dominica,2001,0.0,Wind
Dominica,2002,0.0,Wind
Dominica,2003,0.0,Wind
Dominica,2004,0.0,Wind
Dominica,2005,0.0,Wind
Dominica,2006,0.0,Wind
Dominica,2007,0.0,Wind
Dominica,2008,0.0,Wind
Dominica,2009,0.0,Wind
Dominica,2010,0.0,Wind
Dominica,2011,0.0,Wind
Dominica,2012,0.0,Wind
Dominica,2013,0.0,Wind
Dominica,2014,0.0,Wind
Dominica,2015,0.0,Wind
Dominica,2016,0.0,Wind
Dominica,2017,0.0,Wind
Dominica,2018,0.0,Wind
Dominica,2019,0.0,Wind
Dominica,2020,0.0,Wind
Dominica,2021,0.0,Wind
Dominica,2022,0.0,Wind
Dominica,2023,0.0,Wind
Dominican Republic,2000,0.0,Wind
Dominican Republic,2001,0.0,Wind
Dominican Republic,2002,0.0,Wind
Dominican Republic,2003,0.0,Wind
Dominican Republic,2004,0.0,Wind
Dominican Republic,2005,0.0,Wind
Dominican Republic,2006,0.0,Wind
Dominican Republic,2007,0.0,Wind
Dominican Republic,2008,0.0,Wind
Dominican Republic,2009,0.0,Wind
Dominican Republic,2010,0.0,Wind
Dominican Republic,2011,0.063451774,Wind
Dominican Republic,2012,0.591716,Wind
Dominican Republic,2013,1.3544018,Wind
Dominican Republic,2014,1.3888888,Wind
Dominican Republic,2015,1.611111,Wind
Dominican Republic,2016,1.7039403,Wind
Dominican Republic,2017,2.0312498,Wind
Dominican Republic,2018,2.5510204,Wind
Dominican Republic,2019,3.712406,Wind
Dominican Republic,2020,5.489995,Wind
Dominican Republic,2021,5.692954,Wind
Dominican Republic,2022,5.2774014,Wind
Dominican Republic,2023,4.885994,Wind
Dominican Republic,2024,5.409904,Wind
Dominican Republic,2025,6.2610226,Wind
East Timor,2003,0.0,Wind
East Timor,2004,0.0,Wind
East Timor,2005,0.0,Wind
East Timor,2006,0.0,Wind
East Timor,2007,0.0,Wind
East Timor,2008,0.0,Wind
East Timor,2009,0.0,Wind
East Timor,2010,0.0,Wind
East Timor,2011,0.0,Wind
East Timor,2012,0.0,Wind
East Timor,2013,0.0,Wind
East Timor,2014,0.0,Wind
East Timor,2015,0.0,Wind
East Timor,2016,0.0,Wind
East Timor,2017,0.0,Wind
East Timor,2018,0.0,Wind
East Timor,2019,0.0,Wind
East Timor,2020,0.0,Wind
East Timor,2021,0.0,Wind
East Timor,2022,0.0,Wind
East Timor,2023,0.0,Wind
East Timor,2024,0.0,Wind
Ecuador,1985,0.0,Wind
Ecuador,1986,0.0,Wind
Ecuador,1987,0.0,Wind
Ecuador,1988,0.0,Wind
Ecuador,1989,0.0,Wind
Ecuador,1990,0.0,Wind
Ecuador,1991,0.0,Wind
Ecuador,1992,0.0,Wind
Ecuador,1993,0.0,Wind
Ecuador,1994,0.0,Wind
Ecuador,1995,0.0,Wind
Ecuador,1996,0.0,Wind
Ecuador,1997,0.0,Wind
Ecuador,1998,0.0,Wind
Ecuador,1999,0.0,Wind
Ecuador,2000,0.0,Wind
Ecuador,2001,0.0,Wind
Ecuador,2002,0.0,Wind
Ecuador,2003,0.0,Wind
Ecuador,2004,0.0,Wind
Ecuador,2005,0.0,Wind
Ecuador,2006,0.0,Wind
Ecuador,2007,0.0,Wind
Ecuador,2008,0.0,Wind
Ecuador,2009,0.0,Wind
Ecuador,2010,0.0,Wind
Ecuador,2011,0.0,Wind
Ecuador,2012,0.0,Wind
Ecuador,2013,0.25906736,Wind
Ecuador,2014,0.33071515,Wind
Ecuador,2015,0.38714674,Wind
Ecuador,2016,0.2945508,Wind
Ecuador,2017,0.25152713,Wind
Ecuador,2018,0.27369142,Wind
Ecuador,2019,0.27734977,Wind
Ecuador,2020,0.25567272,Wind
Ecuador,2021,0.18679951,Wind
Ecuador,2022,0.18148819,Wind
Ecuador,2023,0.58626467,Wind
Ecuador,2024,0.70422536,Wind
Ecuador,2025,0.5191257,Wind
Egypt,1985,0.0,Wind
Egypt,1986,0.0,Wind
Egypt,1987,0.0,Wind
Egypt,1988,0.0,Wind
Egypt,1989,0.0,Wind
Egypt,1990,0.0,Wind
Egypt,1991,0.0,Wind
Egypt,1992,0.0,Wind
Egypt,1993,0.0,Wind
Egypt,1994,0.0,Wind
Egypt,1995,0.0,Wind
Egypt,1996,0.0,Wind
Egypt,1997,0.0,Wind
Egypt,1998,0.0,Wind
Egypt,1999,0.018256366,Wind
Egypt,2000,0.10911074,Wind
Egypt,2001,0.2230207,Wind
Egypt,2002,0.24353471,Wind
Egypt,2003,0.31456771,Wind
Egypt,2004,0.5089058,Wind
Egypt,2005,0.48599198,Wind
Egypt,2006,0.54630125,Wind
Egypt,2007,0.55064243,Wind
Egypt,2008,0.72204965,Wind
Egypt,2009,0.77455866,Wind
Egypt,2010,0.9762515,Wind
Egypt,2011,0.9962557,Wind
Egypt,2012,0.8228937,Wind
Egypt,2013,0.9571117,Wind
Egypt,2014,0.60149497,Wind
Egypt,2015,1.0394324,Wind
Egypt,2016,1.2753069,Wind
Egypt,2017,1.092076,Wind
Egypt,2018,1.4995737,Wind
Egypt,2019,2.4829235,Wind
Egypt,2020,2.633434,Wind
Egypt,2021,2.618525,Wind
Egypt,2022,2.7224069,Wind
Egypt,2023,2.6991708,Wind
Egypt,2024,2.586461,Wind
Egypt,2025,3.7849498,Wind
El Salvador,2020,0.15552099,Wind
El Salvador,2021,1.8335683,Wind
El Salvador,2022,2.1116138,Wind
El Salvador,2023,2.8428094,Wind
El Salvador,2024,2.143951,Wind
El Salvador,2025,3.0959752,Wind
Equatorial Guinea,2000,0.0,Wind
Equatorial Guinea,2001,0.0,Wind
Equatorial Guinea,2002,0.0,Wind
Equatorial Guinea,2003,0.0,Wind
Equatorial Guinea,2004,0.0,Wind
Equatorial Guinea,2005,0.0,Wind
Equatorial Guinea,2006,0.0,Wind
Equatorial Guinea,2007,0.0,Wind
Equatorial Guinea,2008,0.0,Wind
Equatorial Guinea,2009,0.0,Wind
Equatorial Guinea,2010,0.0,Wind
Equatorial Guinea,2011,0.0,Wind
Equatorial Guinea,2012,0.0,Wind
Equatorial Guinea,2013,0.0,Wind
Equatorial Guinea,2014,0.0,Wind
Equatorial Guinea,2015,0.0,Wind
Equatorial Guinea,2016,0.0,Wind
Equatorial Guinea,2017,0.0,Wind
Equatorial Guinea,2018,0.0,Wind
Equatorial Guinea,2019,0.0,Wind
Equatorial Guinea,2020,0.0,Wind
Equatorial Guinea,2021,0.0,Wind
Equatorial Guinea,2022,0.0,Wind
Equatorial Guinea,2023,0.0,Wind
Equatorial Guinea,2024,0.0,Wind
Eritrea,2000,0.0,Wind
Eritrea,2001,0.0,Wind
Eritrea,2002,0.0,Wind
Eritrea,2003,0.0,Wind
Eritrea,2004,0.0,Wind
Eritrea,2005,0.0,Wind
Eritrea,2006,0.0,Wind
Eritrea,2007,0.0,Wind
Eritrea,2008,0.0,Wind
Eritrea,2009,0.0,Wind
Eritrea,2010,0.0,Wind
Eritrea,2011,0.0,Wind
Eritrea,2012,0.0,Wind
Eritrea,2013,0.0,Wind
Eritrea,2014,0.0,Wind
Eritrea,2015,0.0,Wind
Eritrea,2016,0.0,Wind
Eritrea,2017,0.0,Wind
Eritrea,2018,0.0,Wind
Eritrea,2019,0.0,Wind
Eritrea,2020,0.0,Wind
Eritrea,2021,0.0,Wind
Eritrea,2022,0.0,Wind
Eritrea,2023,0.0,Wind
Eritrea,2024,0.0,Wind
Estonia,1985,0.0,Wind
Estonia,1986,0.0,Wind
Estonia,1987,0.0,Wind
Estonia,1988,0.0,Wind
Estonia,1989,0.0,Wind
Estonia,1990,0.0,Wind
Estonia,1991,0.0,Wind
Estonia,1992,0.0,Wind
Estonia,1993,0.0,Wind
Estonia,1994,0.0,Wind
Estonia,1995,0.0,Wind
Estonia,1996,0.0,Wind
Estonia,1997,0.0,Wind
Estonia,1998,0.0,Wind
Estonia,1999,0.0,Wind
Estonia,2002,0.0,Wind
Estonia,2003,0.098425195,Wind
Estonia,2004,0.09699321,Wind
Estonia,2005,0.4901961,Wind
Estonia,2006,0.8221994,Wind
Estonia,2007,0.7389163,Wind
Estonia,2008,1.2287334,Wind
Estonia,2009,2.2779045,Wind
Estonia,2010,2.158828,Wind
Estonia,2011,2.8704422,Wind
Estonia,2012,3.5953178,Wind
Estonia,2013,3.9909637,Wind
Estonia,2014,4.8192773,Wind
Estonia,2015,6.995074,Wind
Estonia,2016,4.8479867,Wind
Estonia,2017,5.471125,Wind
Estonia,2018,5.1738076,Wind
Estonia,2019,9.067017,Wind
Estonia,2020,13.815789,Wind
Estonia,2021,10.15299,Wind
Estonia,2022,7.4944077,Wind
Estonia,2023,11.84669,Wind
Estonia,2024,16.77316,Wind
Estonia,2025,18.821604,Wind
Eswatini,2000,0.0,Wind
Eswatini,2001,0.0,Wind
Eswatini,2002,0.0,Wind
Eswatini,2003,0.0,Wind
Eswatini,2004,0.0,Wind
Eswatini,2005,0.0,Wind
Eswatini,2006,0.0,Wind
Eswatini,2007,0.0,Wind
Eswatini,2008,0.0,Wind
Eswatini,2009,0.0,Wind
Eswatini,2010,0.0,Wind
Eswatini,2011,0.0,Wind
Eswatini,2012,0.0,Wind
Eswatini,2013,0.0,Wind
Eswatini,2014,0.0,Wind
Eswatini,2015,0.0,Wind
Eswatini,2016,0.0,Wind
Eswatini,2017,0.0,Wind
Eswatini,2018,0.0,Wind
Eswatini,2019,0.0,Wind
Eswatini,2020,0.0,Wind
Eswatini,2021,0.0,Wind
Eswatini,2022,0.0,Wind
Eswatini,2023,0.0,Wind
Eswatini,2024,0.0,Wind
Ethiopia,2000,0.0,Wind
Ethiopia,2001,0.0,Wind
Ethiopia,2002,0.0,Wind
Ethiopia,2003,0.0,Wind
Ethiopia,2004,0.0,Wind
Ethiopia,2005,0.0,Wind
Ethiopia,2006,0.0,Wind
Ethiopia,2007,0.0,Wind
Ethiopia,2008,0.0,Wind
Ethiopia,2009,0.0,Wind
Ethiopia,2010,0.0,Wind
Ethiopia,2011,0.4731861,Wind
Ethiopia,2012,2.5099075,Wind
Ethiopia,2013,4.1522493,Wind
Ethiopia,2014,5.279831,Wind
Ethiopia,2015,7.3147254,Wind
Ethiopia,2016,6.2550116,Wind
Ethiopia,2017,4.0396338,Wind
Ethiopia,2018,3.7245255,Wind
Ethiopia,2019,5.5519266,Wind
Ethiopia,2020,3.9052498,Wind
Ethiopia,2021,5.196451,Wind
Ethiopia,2022,3.2165422,Wind
Ethiopia,2023,3.1513786,Wind
Ethiopia,2024,2.7777777,Wind
Ethiopia,2025,3.296374,Wind
Falkland Islands,2000,0.0,Wind
Falkland Islands,2001,0.0,Wind
Falkland Islands,2002,0.0,Wind
Falkland Islands,2003,0.0,Wind
Falkland Islands,2004,0.0,Wind
Falkland Islands,2005,0.0,Wind
Falkland Islands,2006,0.0,Wind
Falkland Islands,2007,0.0,Wind
Falkland Islands,2008,0.0,Wind
Falkland Islands,2009,0.0,Wind
Falkland Islands,2010,0.0,Wind
Falkland Islands,2011,50.0,Wind
Falkland Islands,2012,50.0,Wind
Falkland Islands,2013,50.0,Wind
Falkland Islands,2014,50.0,Wind
Falkland Islands,2015,50.0,Wind
Falkland Islands,2016,50.0,Wind
Falkland Islands,2017,0.0,Wind
Falkland Islands,2018,0.0,Wind
Falkland Islands,2019,0.0,Wind
Falkland Islands,2020,0.0,Wind
Falkland Islands,2021,0.0,Wind
Falkland Islands,2022,0.0,Wind
Falkland Islands,2023,0.0,Wind
Faroe Islands,2000,0.0,Wind
Faroe Islands,2001,0.0,Wind
Faroe Islands,2002,0.0,Wind
Faroe Islands,2003,0.0,Wind
Faroe Islands,2004,4.0,Wind
Faroe Islands,2005,4.0,Wind
Faroe Islands,2006,4.0,Wind
Faroe Islands,2007,7.407407,Wind
Faroe Islands,2008,3.7037034,Wind
Faroe Islands,2009,3.7037034,Wind
Faroe Islands,2010,3.5714285,Wind
Faroe Islands,2011,3.7037034,Wind
Faroe Islands,2012,3.4482758,Wind
Faroe Islands,2013,6.8965516,Wind
Faroe Islands,2014,12.903225,Wind
Faroe Islands,2015,18.75,Wind
Faroe Islands,2016,16.129032,Wind
Faroe Islands,2017,18.181816,Wind
Faroe Islands,2018,17.142857,Wind
Faroe Islands,2019,13.157895,Wind
Faroe Islands,2020,12.195122,Wind
Faroe Islands,2021,11.627907,Wind
Faroe Islands,2022,18.750002,Wind
Faroe Islands,2023,18.367348,Wind
Fiji,2000,0.0,Wind
Fiji,2001,0.0,Wind
Fiji,2002,0.0,Wind
Fiji,2003,0.0,Wind
Fiji,2004,0.0,Wind
Fiji,2005,0.0,Wind
Fiji,2006,0.0,Wind
Fiji,2007,1.1235955,Wind
Fiji,2008,2.3809524,Wind
Fiji,2009,2.4096386,Wind
Fiji,2010,1.1363636,Wind
Fiji,2011,0.0,Wind
Fiji,2012,1.1627907,Wind
Fiji,2013,0.0,Wind
Fiji,2014,0.0,Wind
Fiji,2015,1.0752687,Wind
Fiji,2016,0.0,Wind
Fiji,2017,0.0,Wind
Fiji,2018,0.0,Wind
Fiji,2019,0.0,Wind
Fiji,2020,0.0,Wind
Fiji,2021,0.0,Wind
Fiji,2022,0.0,Wind
Fiji,2023,0.0,Wind
Fiji,2024,0.0,Wind
Finland,1985,0.0,Wind
Finland,1986,0.0,Wind
Finland,1987,0.0,Wind
Finland,1988,0.0,Wind
Finland,1989,0.0,Wind
Finland,1990,0.0,Wind
Finland,1991,0.0,Wind
Finland,1992,0.0,Wind
Finland,1993,0.0,Wind
Finland,1994,0.0152392555,Wind
Finland,1995,0.015625,Wind
Finland,1996,0.014427933,Wind
Finland,1997,0.028939372,Wind
Finland,1998,0.0285266,Wind
Finland,1999,0.07202536,Wind
Finland,2000,0.11433471,Wind
Finland,2001,0.09402284,Wind
Finland,2002,0.08008543,Wind
Finland,2003,0.10678691,Wind
Finland,2004,0.13979498,Wind
Finland,2005,0.24092972,Wind
Finland,2006,0.19443431,Wind
Finland,2007,0.23407663,Wind
Finland,2008,0.33613443,Wind
Finland,2009,0.3885651,Wind
Finland,2010,0.35962301,Wind
Finland,2011,0.6530612,Wind
Finland,2012,0.69592386,Wind
Finland,2013,1.0805501,Wind
Finland,2014,1.629956,Wind
Finland,2015,3.3960063,Wind
Finland,2016,4.4654546,Wind
Finland,2017,7.0941944,Wind
Finland,2018,8.315535,Wind
Finland,2019,8.774231,Wind
Finland,2020,11.929522,Wind
Finland,2021,11.8014145,Wind
Finland,2022,16.65512,Wind
Finland,2023,18.449461,Wind
Finland,2024,24.809206,Wind
Finland,2025,27.436209,Wind
France,1985,0.0,Wind
France,1986,0.0,Wind
France,1987,0.0,Wind
France,1988,0.0,Wind
France,1989,0.0,Wind
France,1990,0.0,Wind
France,1991,0.0,Wind
France,1992,0.0,Wind
France,1993,0.0,Wind
France,1994,0.0,Wind
France,1995,0.0,Wind
France,1996,0.001969318,Wind
France,1997,0.0020027638,Wind
France,1998,0.003953116,Wind
France,1999,0.0076991185,Wind
France,2000,0.0093886135,Wind
France,2001,0.023958718,Wind
France,2002,0.048980482,Wind
France,2003,0.06975122,Wind
France,2004,0.10418506,Wind
France,2005,0.16867554,Wind
France,2006,0.38427642,Wind
France,2007,0.7244055,Wind
France,2008,1.0035628,Wind
France,2009,1.4956416,Wind
France,2010,1.7675511,Wind
France,2011,2.1791596,Wind
France,2012,2.6745129,Wind
France,2013,2.7984395,Wind
France,2014,3.0583956,Wind
France,2015,3.7307973,Wind
France,2016,3.8257816,Wind
France,2017,4.42833,Wind
France,2018,4.96321,Wind
France,2019,6.139482,Wind
France,2020,7.596017,Wind
France,2021,6.745289,Wind
France,2022,8.154552,Wind
France,2023,9.731084,Wind
France,2024,8.086795,Wind
France,2025,8.156427,Wind
French Polynesia,2000,0.0,Wind
French Polynesia,2001,0.0,Wind
French Polynesia,2002,0.0,Wind
French Polynesia,2003,0.0,Wind
French Polynesia,2004,0.0,Wind
French Polynesia,2005,0.0,Wind
French Polynesia,2006,0.0,Wind
French Polynesia,2007,0.0,Wind
French Polynesia,2008,0.0,Wind
French Polynesia,2009,0.0,Wind
French Polynesia,2010,0.0,Wind
French Polynesia,2011,0.0,Wind
French Polynesia,2012,0.0,Wind
French Polynesia,2013,0.0,Wind
French Polynesia,2014,0.0,Wind
French Polynesia,2015,0.0,Wind
French Polynesia,2016,0.0,Wind
French Polynesia,2017,0.0,Wind
French Polynesia,2018,0.0,Wind
French Polynesia,2019,0.0,Wind
French Polynesia,2020,0.0,Wind
French Polynesia,2021,0.0,Wind
French Polynesia,2022,0.0,Wind
French Polynesia,2023,0.0,Wind
French Polynesia,2024,0.0,Wind
Gabon,2000,0.0,Wind
Gabon,2001,0.0,Wind
Gabon,2002,0.0,Wind
Gabon,2003,0.0,Wind
Gabon,2004,0.0,Wind
Gabon,2005,0.0,Wind
Gabon,2006,0.0,Wind
Gabon,2007,0.0,Wind
Gabon,2008,0.0,Wind
Gabon,2009,0.0,Wind
Gabon,2010,0.0,Wind
Gabon,2011,0.0,Wind
Gabon,2012,0.0,Wind
Gabon,2013,0.0,Wind
Gabon,2014,0.0,Wind
Gabon,2015,0.0,Wind
Gabon,2016,0.0,Wind
Gabon,2017,0.0,Wind
Gabon,2018,0.0,Wind
Gabon,2019,0.0,Wind
Gabon,2020,0.0,Wind
Gabon,2021,0.0,Wind
Gabon,2022,0.0,Wind
Gabon,2023,0.0,Wind
Gabon,2024,0.0,Wind
Gambia,2000,0.0,Wind
Gambia,2001,0.0,Wind
Gambia,2002,0.0,Wind
Gambia,2003,0.0,Wind
Gambia,2004,0.0,Wind
Gambia,2005,0.0,Wind
Gambia,2006,0.0,Wind
Gambia,2007,0.0,Wind
Gambia,2008,0.0,Wind
Gambia,2009,0.0,Wind
Gambia,2010,0.0,Wind
Gambia,2011,0.0,Wind
Gambia,2012,0.0,Wind
Gambia,2013,0.0,Wind
Gambia,2014,0.0,Wind
Gambia,2015,0.0,Wind
Gambia,2016,0.0,Wind
Gambia,2017,0.0,Wind
Gambia,2018,0.0,Wind
Gambia,2019,0.0,Wind
Gambia,2020,0.0,Wind
Gambia,2021,0.0,Wind
Gambia,2022,0.0,Wind
Gambia,2023,0.0,Wind
Gambia,2024,0.0,Wind
Georgia,2000,0.0,Wind
Georgia,2001,0.0,Wind
Georgia,2002,0.0,Wind
Georgia,2003,0.0,Wind
Georgia,2004,0.0,Wind
Georgia,2005,0.0,Wind
Georgia,2006,0.0,Wind
Georgia,2007,0.0,Wind
Georgia,2008,0.0,Wind
Georgia,2009,0.0,Wind
Georgia,2010,0.0,Wind
Georgia,2011,0.0,Wind
Georgia,2012,0.0,Wind
Georgia,2013,0.0,Wind
Georgia,2014,0.0,Wind
Georgia,2015,0.0,Wind
Georgia,2016,0.0870322,Wind
Georgia,2017,0.78671336,Wind
Georgia,2018,0.66445184,Wind
Georgia,2019,0.7588533,Wind
Georgia,2020,0.8064517,Wind
Georgia,2021,0.6329114,Wind
Georgia,2022,0.631579,Wind
Georgia,2023,0.6237006,Wind
Georgia,2024,0.6460876,Wind
Georgia,2025,0.5925926,Wind
Germany,1985,0.0,Wind
Germany,1986,0.00019100118,Wind
Germany,1987,0.00037562777,Wind
Germany,1988,0.0014558902,Wind
Germany,1989,0.0046439106,Wind
Germany,1990,0.0129089365,Wind
Germany,1991,0.041043244,Wind
Germany,1992,0.054330513,Wind
Germany,1993,0.12866801,Wind
Germany,1994,0.27444583,Wind
Germany,1995,0.32220381,Wind
Germany,1996,0.37940282,Wind
Germany,1997,0.55456924,Wind
Germany,1998,0.8356698,Wind
Germany,1999,1.0067909,Wind
Germany,2000,1.6433781,Wind
Germany,2001,1.8067503,Wind
Germany,2002,2.7168698,Wind
Germany,2003,3.1709383,Wind
Germany,2004,4.268373,Wind
Germany,2005,4.527668,Wind
Germany,2006,4.9698505,Wind
Germany,2007,6.418951,Wind
Germany,2008,6.5444655,Wind
Germany,2009,6.7045374,Wind
Germany,2010,6.175806,Wind
Germany,2011,8.2413225,Wind
Germany,2012,8.338039,Wind
Germany,2013,8.37555,Wind
Germany,2014,9.454545,Wind
Germany,2015,12.613234,Wind
Germany,2016,12.4579115,Wind
Germany,2017,16.399776,Wind
Germany,2018,17.389446,Wind
Germany,2019,20.97852,Wind
Germany,2020,23.310102,Wind
Germany,2021,19.722544,Wind
Germany,2022,22.017004,Wind
Germany,2023,27.735237,Wind
Germany,2024,28.548964,Wind
Germany,2025,27.18045,Wind
Ghana,2000,0.0,Wind
Ghana,2001,0.0,Wind
Ghana,2002,0.0,Wind
Ghana,2003,0.0,Wind
Ghana,2004,0.0,Wind
Ghana,2005,0.0,Wind
Ghana,2006,0.0,Wind
Ghana,2007,0.0,Wind
Ghana,2008,0.0,Wind
Ghana,2009,0.0,Wind
Ghana,2010,0.0,Wind
Ghana,2011,0.0,Wind
Ghana,2012,0.0,Wind
Ghana,2013,0.0,Wind
Ghana,2014,0.0,Wind
Ghana,2015,0.0,Wind
Ghana,2016,0.0,Wind
Ghana,2017,0.0,Wind
Ghana,2018,0.0,Wind
Ghana,2019,0.0,Wind
Ghana,2020,0.0,Wind
Ghana,2021,0.0,Wind
Ghana,2022,0.0,Wind
Ghana,2023,0.0,Wind
Ghana,2024,0.0,Wind
Gibraltar,2000,0.0,Wind
Gibraltar,2001,0.0,Wind
Gibraltar,2002,0.0,Wind
Gibraltar,2003,0.0,Wind
Gibraltar,2004,0.0,Wind
Gibraltar,2005,0.0,Wind
Gibraltar,2006,0.0,Wind
Gibraltar,2007,0.0,Wind
Gibraltar,2008,0.0,Wind
Gibraltar,2009,0.0,Wind
Gibraltar,2010,0.0,Wind
Gibraltar,2011,0.0,Wind
Gibraltar,2012,0.0,Wind
Gibraltar,2013,0.0,Wind
Gibraltar,2014,0.0,Wind
Gibraltar,2015,0.0,Wind
Gibraltar,2016,0.0,Wind
Gibraltar,2017,0.0,Wind
Gibraltar,2018,0.0,Wind
Gibraltar,2019,0.0,Wind
Gibraltar,2020,0.0,Wind
Gibraltar,2021,0.0,Wind
Gibraltar,2022,0.0,Wind
Gibraltar,2023,0.0,Wind
Gibraltar,2024,0.0,Wind
Greece,1985,0.0,Wind
Greece,1986,0.0,Wind
Greece,1987,0.0033033828,Wind
Greece,1988,0.00299455,Wind
Greece,1989,0.0029022521,Wind
Greece,1990,0.0,Wind
Greece,1991,0.0,Wind
Greece,1992,0.027203484,Wind
Greece,1993,0.13252054,Wind
Greece,1994,0.09995002,Wind
Greece,1995,0.073277965,Wind
Greece,1996,0.09485416,Wind
Greece,1997,0.09343611,Wind
Greece,1998,0.15317287,Wind
Greece,1999,0.3272653,Wind
Greece,2000,0.8500189,Wind
Greece,2001,1.4465169,Wind
Greece,2002,1.2181408,Wind
Greece,2003,1.7807263,Wind
Greece,2004,1.9237375,Wind
Greece,2005,2.1624382,Wind
Greece,2006,2.8614712,Wind
Greece,2007,2.9166667,Wind
Greece,2008,3.6024444,Wind
Greece,2009,4.2094793,Wind
Greece,2010,4.78714,Wind
Greece,2011,5.680068,Wind
Greece,2012,6.426306,Wind
Greece,2013,7.344332,Wind
Greece,2014,7.4365177,Wind
Greece,2015,9.049951,Wind
Greece,2016,9.565379,Wind
Greece,2017,10.109489,Wind
Greece,2018,11.97491,Wind
Greece,2019,15.161627,Wind
Greece,2020,19.595877,Wind
Greece,2021,19.321533,Wind
Greece,2022,21.056707,Wind
Greece,2023,22.52197,Wind
Greece,2024,21.986685,Wind
Greece,2025,20.439333,Wind
Greenland,2000,0.0,Wind
Greenland,2001,0.0,Wind
Greenland,2002,0.0,Wind
Greenland,2003,0.0,Wind
Greenland,2004,0.0,Wind
Greenland,2005,0.0,Wind
Greenland,2006,0.0,Wind
Greenland,2007,0.0,Wind
Greenland,2008,0.0,Wind
Greenland,2009,0.0,Wind
Greenland,2010,0.0,Wind
Greenland,2011,0.0,Wind
Greenland,2012,0.0,Wind
Greenland,2013,0.0,Wind
Greenland,2014,0.0,Wind
Greenland,2015,0.0,Wind
Greenland,2016,0.0,Wind
Greenland,2017,0.0,Wind
Greenland,2018,0.0,Wind
Greenland,2019,0.0,Wind
Greenland,2020,0.0,Wind
Greenland,2021,0.0,Wind
Greenland,2022,0.0,Wind
Greenland,2023,0.0,Wind
Greenland,2024,0.0,Wind
Grenada,2000,0.0,Wind
Grenada,2001,0.0,Wind
Grenada,2002,0.0,Wind
Grenada,2003,0.0,Wind
Grenada,2004,0.0,Wind
Grenada,2005,0.0,Wind
Grenada,2006,0.0,Wind
Grenada,2007,0.0,Wind
Grenada,2008,0.0,Wind
Grenada,2009,0.0,Wind
Grenada,2010,0.0,Wind
Grenada,2011,0.0,Wind
Grenada,2012,0.0,Wind
Grenada,2013,0.0,Wind
Grenada,2014,0.0,Wind
Grenada,2015,0.0,Wind
Grenada,2016,0.0,Wind
Grenada,2017,0.0,Wind
Grenada,2018,0.0,Wind
Grenada,2019,0.0,Wind
Grenada,2020,0.0,Wind
Grenada,2021,0.0,Wind
Grenada,2022,0.0,Wind
Grenada,2023,0.0,Wind
Grenada,2024,0.0,Wind
Guadeloupe,2000,0.8196721,Wind
Guadeloupe,2001,1.5503876,Wind
Guadeloupe,2002,2.255639,Wind
Guadeloupe,2003,2.173913,Wind
Guadeloupe,2004,2.097902,Wind
Guadeloupe,2005,1.3333333,Wind
Guadeloupe,2006,1.9607843,Wind
Guadeloupe,2007,2.5,Wind
Guadeloupe,2008,3.10559,Wind
Guadeloupe,2009,3.0674846,Wind
Guadeloupe,2010,2.3121386,Wind
Guadeloupe,2011,2.9761906,Wind
Guadeloupe,2012,2.9069767,Wind
Guadeloupe,2013,3.4482758,Wind
Guadeloupe,2014,2.8735633,Wind
Guadeloupe,2015,2.8409092,Wind
Guadeloupe,2016,2.824859,Wind
Guadeloupe,2017,2.8409092,Wind
Guadeloupe,2018,2.9239767,Wind
Guadeloupe,2019,3.4883718,Wind
Guadeloupe,2020,4.117647,Wind
Guadeloupe,2021,6.6265063,Wind
Guadeloupe,2022,6.707317,Wind
Guadeloupe,2023,5.988024,Wind
Guam,2000,0.0,Wind
Guam,2001,0.0,Wind
Guam,2002,0.0,Wind
Guam,2003,0.0,Wind
Guam,2004,0.0,Wind
Guam,2005,0.0,Wind
Guam,2006,0.0,Wind
Guam,2007,0.0,Wind
Guam,2008,0.0,Wind
Guam,2009,0.0,Wind
Guam,2010,0.0,Wind
Guam,2011,0.0,Wind
Guam,2012,0.0,Wind
Guam,2013,0.0,Wind
Guam,2014,0.0,Wind
Guam,2015,0.0,Wind
Guam,2016,0.0,Wind
Guam,2017,0.0,Wind
Guam,2018,0.0,Wind
Guam,2019,0.0,Wind
Guam,2020,0.0,Wind
Guam,2021,0.0,Wind
Guam,2022,0.0,Wind
Guam,2023,0.0,Wind
Guam,2024,0.0,Wind
Guatemala,2000,0.0,Wind
Guatemala,2001,0.0,Wind
Guatemala,2002,0.0,Wind
Guatemala,2003,0.0,Wind
Guatemala,2004,0.0,Wind
Guatemala,2005,0.0,Wind
Guatemala,2006,0.0,Wind
Guatemala,2007,0.0,Wind
Guatemala,2008,0.0,Wind
Guatemala,2009,0.0,Wind
Guatemala,2010,0.0,Wind
Guatemala,2011,0.0,Wind
Guatemala,2012,0.0,Wind
Guatemala,2013,0.0,Wind
Guatemala,2014,0.0,Wind
Guatemala,2015,0.98478067,Wind
Guatemala,2016,1.8549747,Wind
Guatemala,2017,1.7828201,Wind
Guatemala,2018,2.4150944,Wind
Guatemala,2019,2.5984254,Wind
Guatemala,2020,2.4959743,Wind
Guatemala,2021,2.0685196,Wind
Guatemala,2022,2.2997034,Wind
Guatemala,2023,2.2803488,Wind
Guatemala,2024,2.3432553,Wind
Guinea,2000,0.0,Wind
Guinea,2001,0.0,Wind
Guinea,2002,0.0,Wind
Guinea,2003,0.0,Wind
Guinea,2004,0.0,Wind
Guinea,2005,0.0,Wind
Guinea,2006,0.0,Wind
Guinea,2007,0.0,Wind
Guinea,2008,0.0,Wind
Guinea,2009,0.0,Wind
Guinea,2010,0.0,Wind
Guinea,2011,0.0,Wind
Guinea,2012,0.0,Wind
Guinea,2013,0.0,Wind
Guinea,2014,0.0,Wind
Guinea,2015,0.0,Wind
Guinea,2016,0.0,Wind
Guinea,2017,0.0,Wind
Guinea,2018,0.0,Wind
Guinea,2019,0.0,Wind
Guinea,2020,0.0,Wind
Guinea,2021,0.0,Wind
Guinea,2022,0.0,Wind
Guinea,2023,0.0,Wind
Guinea,2024,0.0,Wind
Guinea-Bissau,2000,0.0,Wind
Guinea-Bissau,2001,0.0,Wind
Guinea-Bissau,2002,0.0,Wind
Guinea-Bissau,2003,0.0,Wind
Guinea-Bissau,2004,0.0,Wind
Guinea-Bissau,2005,0.0,Wind
Guinea-Bissau,2006,0.0,Wind
Guinea-Bissau,2007,0.0,Wind
Guinea-Bissau,2008,0.0,Wind
Guinea-Bissau,2009,0.0,Wind
Guinea-Bissau,2010,0.0,Wind
Guinea-Bissau,2011,0.0,Wind
Guinea-Bissau,2012,0.0,Wind
Guinea-Bissau,2013,0.0,Wind
Guinea-Bissau,2014,0.0,Wind
Guinea-Bissau,2015,0.0,Wind
Guinea-Bissau,2016,0.0,Wind
Guinea-Bissau,2017,0.0,Wind
Guinea-Bissau,2018,0.0,Wind
Guinea-Bissau,2019,0.0,Wind
Guinea-Bissau,2020,0.0,Wind
Guinea-Bissau,2021,0.0,Wind
Guinea-Bissau,2022,0.0,Wind
Guinea-Bissau,2023,0.0,Wind
Guinea-Bissau,2024,0.0,Wind
Guyana,2000,0.0,Wind
Guyana,2001,0.0,Wind
Guyana,2002,0.0,Wind
Guyana,2003,0.0,Wind
Guyana,2004,0.0,Wind
Guyana,2005,0.0,Wind
Guyana,2006,0.0,Wind
Guyana,2007,0.0,Wind
Guyana,2008,0.0,Wind
Guyana,2009,0.0,Wind
Guyana,2010,0.0,Wind
Guyana,2011,0.0,Wind
Guyana,2012,0.0,Wind
Guyana,2013,0.0,Wind
Guyana,2014,0.0,Wind
Guyana,2015,0.0,Wind
Guyana,2016,0.0,Wind
Guyana,2017,0.0,Wind
Guyana,2018,0.0,Wind
Guyana,2019,0.0,Wind
Guyana,2020,0.0,Wind
Guyana,2021,0.0,Wind
Guyana,2022,0.0,Wind
Guyana,2023,0.0,Wind
Guyana,2024,0.0,Wind
Haiti,2000,0.0,Wind
Haiti,2001,0.0,Wind
Haiti,2002,0.0,Wind
Haiti,2003,0.0,Wind
Haiti,2004,0.0,Wind
Haiti,2005,0.0,Wind
Haiti,2006,0.0,Wind
Haiti,2007,0.0,Wind
Haiti,2008,0.0,Wind
Haiti,2009,0.0,Wind
Haiti,2010,0.0,Wind
Haiti,2011,0.0,Wind
Haiti,2012,0.0,Wind
Haiti,2013,0.0,Wind
Haiti,2014,0.0,Wind
Haiti,2015,0.0,Wind
Haiti,2016,0.0,Wind
Haiti,2017,0.0,Wind
Haiti,2018,0.0,Wind
Haiti,2019,0.0,Wind
Haiti,2020,0.0,Wind
Haiti,2021,0.0,Wind
Haiti,2022,0.0,Wind
Haiti,2023,0.0,Wind
Haiti,2024,0.0,Wind
Honduras,2000,0.0,Wind
Honduras,2001,0.0,Wind
Honduras,2002,0.0,Wind
Honduras,2003,0.0,Wind
Honduras,2004,0.0,Wind
Honduras,2005,0.0,Wind
Honduras,2006,0.0,Wind
Honduras,2007,0.0,Wind
Honduras,2008,0.0,Wind
Honduras,2009,0.0,Wind
Honduras,2010,0.0,Wind
Honduras,2011,1.6064258,Wind
Honduras,2012,4.336735,Wind
Honduras,2013,3.7758832,Wind
Honduras,2014,4.8192773,Wind
Honduras,2015,7.436182,Wind
Honduras,2016,6.236559,Wind
Honduras,2017,6.1833687,Wind
Honduras,2018,9.577755,Wind
Honduras,2019,7.692308,Wind
Honduras,2020,7.0019717,Wind
Honduras,2021,6.9244604,Wind
Honduras,2022,6.0900264,Wind
Honduras,2023,5.52442,Wind
Honduras,2024,6.0096154,Wind
Hong Kong,1985,0.0,Wind
Hong Kong,1986,0.0,Wind
Hong Kong,1987,0.0,Wind
Hong Kong,1988,0.0,Wind
Hong Kong,1989,0.0,Wind
Hong Kong,1990,0.0,Wind
Hong Kong,1991,0.0,Wind
Hong Kong,1992,0.0,Wind
Hong Kong,1993,0.0,Wind
Hong Kong,1994,0.0,Wind
Hong Kong,1995,0.0,Wind
Hong Kong,1996,0.0,Wind
Hong Kong,1997,0.0,Wind
Hong Kong,1998,0.0,Wind
Hong Kong,1999,0.0,Wind
Hong Kong,2000,0.0,Wind
Hong Kong,2001,0.0,Wind
Hong Kong,2002,0.0,Wind
Hong Kong,2003,0.0,Wind
Hong Kong,2004,0.0,Wind
Hong Kong,2005,0.0,Wind
Hong Kong,2006,0.0,Wind
Hong Kong,2007,0.0,Wind
Hong Kong,2008,0.0,Wind
Hong Kong,2009,0.0,Wind
Hong Kong,2010,0.0,Wind
Hong Kong,2011,0.0,Wind
Hong Kong,2012,0.0,Wind
Hong Kong,2013,0.0,Wind
Hong Kong,2014,0.0,Wind
Hong Kong,2015,0.0,Wind
Hong Kong,2016,0.0,Wind
Hong Kong,2017,0.0,Wind
Hong Kong,2018,0.0,Wind
Hong Kong,2019,0.0,Wind
Hong Kong,2020,0.0,Wind
Hong Kong,2021,0.0,Wind
Hong Kong,2022,0.0,Wind
Hong Kong,2023,0.0,Wind
Hong Kong,2024,0.0,Wind
Hungary,1985,0.0,Wind
Hungary,1986,0.0,Wind
Hungary,1987,0.0,Wind
Hungary,1988,0.0,Wind
Hungary,1989,0.0,Wind
Hungary,1990,0.0,Wind
Hungary,1991,0.0,Wind
Hungary,1992,0.0,Wind
Hungary,1993,0.0,Wind
Hungary,1994,0.0,Wind
Hungary,1995,0.0,Wind
Hungary,1996,0.0,Wind
Hungary,1997,0.0,Wind
Hungary,1998,0.0,Wind
Hungary,1999,0.0,Wind
Hungary,2001,0.0,Wind
Hungary,2002,0.0,Wind
Hungary,2003,0.0,Wind
Hungary,2004,0.029664788,Wind
Hungary,2005,0.027972028,Wind
Hungary,2006,0.11157601,Wind
Hungary,2007,0.2752753,Wind
Hungary,2008,0.49975014,Wind
Hungary,2009,0.9189641,Wind
Hungary,2010,1.4186294,Wind
Hungary,2011,1.7490283,Wind
Hungary,2012,2.2241478,Wind
Hungary,2013,2.3785927,Wind
Hungary,2014,2.245662,Wind
Hungary,2015,2.2749753,Wind
Hungary,2016,2.1329987,Wind
Hungary,2017,2.3086271,Wind
Hungary,2018,1.9032762,Wind
Hungary,2019,2.1295216,Wind
Hungary,2020,1.8613975,Wind
Hungary,2021,1.8282549,Wind
Hungary,2022,1.7048632,Wind
Hungary,2023,1.828925,Wind
Hungary,2024,1.8157895,Wind
Hungary,2025,1.4910537,Wind
Iceland,1985,0.0,Wind
Iceland,1986,0.0,Wind
Iceland,1987,0.0,Wind
Iceland,1988,0.0,Wind
Iceland,1989,0.0,Wind
Iceland,1990,0.0,Wind
Iceland,1991,0.0,Wind
Iceland,1992,0.0,Wind
Iceland,1993,0.0,Wind
Iceland,1994,0.0,Wind
Iceland,1995,0.0,Wind
Iceland,1996,0.0,Wind
Iceland,1997,0.0,Wind
Iceland,1998,0.0,Wind
Iceland,1999,0.0,Wind
Iceland,2000,0.0,Wind
Iceland,2001,0.0,Wind
Iceland,2002,0.0,Wind
Iceland,2003,0.0,Wind
Iceland,2004,0.0,Wind
Iceland,2005,0.0,Wind
Iceland,2006,0.0,Wind
Iceland,2007,0.0,Wind
Iceland,2008,0.0,Wind
Iceland,2009,0.0,Wind
Iceland,2010,0.0,Wind
Iceland,2011,0.0,Wind
Iceland,2012,0.0,Wind
Iceland,2013,0.0,Wind
Iceland,2014,0.056179777,Wind
Iceland,2015,0.053908356,Wind
Iceland,2016,0.05503577,Wind
Iceland,2017,0.052438386,Wind
Iceland,2018,0.0,Wind
Iceland,2019,0.05165289,Wind
Iceland,2020,0.052938063,Wind
Iceland,2021,0.051572975,Wind
Iceland,2022,0.050327122,Wind
Iceland,2023,0.050479557,Wind
Iceland,2024,0.052493438,Wind
India,1985,0.0,Wind
India,1986,0.0,Wind
India,1987,0.0,Wind
India,1988,0.0,Wind
India,1989,0.0,Wind
India,1990,0.010530558,Wind
India,1991,0.035233986,Wind
India,1992,0.026240287,Wind
India,1993,0.026166819,Wind
India,1994,0.049303167,Wind
India,1995,0.11622883,Wind
India,1996,0.198188,Wind
India,1997,0.21059203,Wind
India,1998,0.21363018,Wind
India,1999,0.26417595,Wind
India,2000,0.27651867,Wind
India,2001,0.3566005,Wind
India,2002,0.34282526,Wind
India,2003,0.40744048,Wind
India,2004,0.7489403,Wind
India,2005,0.8502242,Wind
India,2006,1.2546512,Wind
India,2007,1.4668576,Wind
India,2008,1.7358555,Wind
India,2009,1.8517466,Wind
India,2010,2.078194,Wind
India,2011,2.3200173,Wind
India,2012,2.5201669,Wind
India,2013,2.629619,Wind
India,2014,2.657546,Wind
India,2015,2.4981687,Wind
India,2016,3.1148515,Wind
India,2017,3.5989032,Wind
India,2018,3.8373685,Wind
India,2019,3.954453,Wind
India,2020,3.8652194,Wind
India,2021,4.0560665,Wind
India,2022,3.8817253,Wind
India,2023,4.2804418,Wind
India,2024,4.003889,Wind
India,2025,4.995196,Wind
Indonesia,1985,0.0,Wind
Indonesia,1986,0.0,Wind
Indonesia,1987,0.0,Wind
Indonesia,1988,0.0,Wind
Indonesia,1989,0.0,Wind
Indonesia,1990,0.0,Wind
Indonesia,1991,0.0,Wind
Indonesia,1992,0.0,Wind
Indonesia,1993,0.0,Wind
Indonesia,1994,0.0,Wind
Indonesia,1995,0.0,Wind
Indonesia,1996,0.0,Wind
Indonesia,1997,0.0,Wind
Indonesia,1998,0.0,Wind
Indonesia,1999,0.0,Wind
Indonesia,2000,0.0,Wind
Indonesia,2001,0.0,Wind
Indonesia,2002,0.0,Wind
Indonesia,2003,0.0,Wind
Indonesia,2004,0.0,Wind
Indonesia,2005,0.0,Wind
Indonesia,2006,0.0,Wind
Indonesia,2007,0.0,Wind
Indonesia,2008,0.0,Wind
Indonesia,2009,0.0,Wind
Indonesia,2010,0.0,Wind
Indonesia,2011,0.0,Wind
Indonesia,2012,0.0,Wind
Indonesia,2013,0.0,Wind
Indonesia,2014,0.0,Wind
Indonesia,2015,0.0,Wind
Indonesia,2016,0.0038827413,Wind
Indonesia,2017,0.0,Wind
Indonesia,2018,0.06695091,Wind
Indonesia,2019,0.16246954,Wind
Indonesia,2020,0.16105819,Wind
Indonesia,2021,0.14222912,Wind
Indonesia,2022,0.10793308,Wind
Indonesia,2023,0.13690816,Wind
Indonesia,2024,0.1265005,Wind
Iran,1985,0.0,Wind
Iran,1986,0.0,Wind
Iran,1987,0.0,Wind
Iran,1988,0.0,Wind
Iran,1989,0.0,Wind
Iran,1990,0.0,Wind
Iran,1991,0.0,Wind
Iran,1992,0.0,Wind
Iran,1993,0.0,Wind
Iran,1994,0.0,Wind
Iran,1995,0.0,Wind
Iran,1996,0.0,Wind
Iran,1997,0.0,Wind
Iran,1998,0.0,Wind
Iran,1999,0.03179275,Wind
Iran,2000,0.033514872,Wind
Iran,2001,0.023512814,Wind
Iran,2002,0.021702958,Wind
Iran,2003,0.019782394,Wind
Iran,2004,0.03072008,Wind
Iran,2005,0.039532386,Wind
Iran,2006,0.067207776,Wind
Iran,2007,0.06892478,Wind
Iran,2008,0.09501639,Wind
Iran,2009,0.10369235,Wind
Iran,2010,0.07213171,Wind
Iran,2011,0.089137904,Wind
Iran,2012,0.112567335,Wind
Iran,2013,0.08498803,Wind
Iran,2014,0.07256104,Wind
Iran,2015,0.049957182,Wind
Iran,2016,0.055916682,Wind
Iran,2017,0.10485958,Wind
Iran,2018,0.24011526,Wind
Iran,2019,0.22579028,Wind
Iran,2020,0.33510277,Wind
Iran,2021,0.31705058,Wind
Iran,2022,0.30785158,Wind
Iran,2023,0.31673735,Wind
Iran,2024,0.31582403,Wind
Iran,2025,0.31583202,Wind
Iraq,1985,0.0,Wind
Iraq,1986,0.0,Wind
Iraq,1987,0.0,Wind
Iraq,1988,0.0,Wind
Iraq,1989,0.0,Wind
Iraq,1990,0.0,Wind
Iraq,1991,0.0,Wind
Iraq,1992,0.0,Wind
Iraq,1993,0.0,Wind
Iraq,1994,0.0,Wind
Iraq,1995,0.0,Wind
Iraq,1996,0.0,Wind
Iraq,1997,0.0,Wind
Iraq,1998,0.0,Wind
Iraq,1999,0.0,Wind
Iraq,2000,0.0,Wind
Iraq,2001,0.0,Wind
Iraq,2002,0.0,Wind
Iraq,2003,0.0,Wind
Iraq,2004,0.0,Wind
Iraq,2005,0.0,Wind
Iraq,2006,0.0,Wind
Iraq,2007,0.0,Wind
Iraq,2008,0.0,Wind
Iraq,2009,0.0,Wind
Iraq,2010,0.0,Wind
Iraq,2011,0.0,Wind
Iraq,2012,0.0,Wind
Iraq,2013,0.0,Wind
Iraq,2014,0.0,Wind
Iraq,2015,0.0,Wind
Iraq,2016,0.0,Wind
Iraq,2017,0.0,Wind
Iraq,2018,0.0,Wind
Iraq,2019,0.0,Wind
Iraq,2020,0.0,Wind
Iraq,2021,0.0,Wind
Iraq,2022,0.0,Wind
Iraq,2023,0.0,Wind
Iraq,2024,0.0,Wind
Ireland,1985,0.0,Wind
Ireland,1986,0.0,Wind
Ireland,1987,0.0,Wind
Ireland,1988,0.0,Wind
Ireland,1989,0.0,Wind
Ireland,1990,0.0,Wind
Ireland,1991,0.0,Wind
Ireland,1992,0.063451774,Wind
Ireland,1993,0.12406947,Wind
Ireland,1994,0.11911851,Wind
Ireland,1995,0.113830395,Wind
Ireland,1996,0.052994166,Wind
Ireland,1997,0.25445294,Wind
Ireland,1998,0.81534773,Wind
Ireland,1999,0.8747698,Wind
Ireland,2000,1.0579772,Wind
Ireland,2001,1.3826759,Wind
Ireland,2002,1.5725807,Wind
Ireland,2003,1.8525977,Wind
Ireland,2004,2.65873,Wind
Ireland,2005,4.4140625,Wind
Ireland,2006,6.0885606,Wind
Ireland,2007,7.0169253,Wind
Ireland,2008,8.185767,Wind
Ireland,2009,10.721945,Wind
Ireland,2010,10.15625,Wind
Ireland,2011,16.360292,Wind
Ireland,2012,15.022091,Wind
Ireland,2013,18.032785,Wind
Ireland,2014,20.185614,Wind
Ireland,2015,23.72159,Wind
Ireland,2016,20.627064,Wind
Ireland,2017,24.585905,Wind
Ireland,2018,28.286081,Wind
Ireland,2019,32.977,Wind
Ireland,2020,36.504974,Wind
Ireland,2021,31.31695,Wind
Ireland,2022,33.7082,Wind
Ireland,2023,37.591125,Wind
Ireland,2024,37.32304,Wind
Ireland,2025,37.99677,Wind
Israel,1985,0.0,Wind
Israel,1986,0.0,Wind
Israel,1987,0.0,Wind
Israel,1988,0.0,Wind
Israel,1989,0.0,Wind
Israel,1990,0.0,Wind
Israel,1991,0.0,Wind
Israel,1992,0.0,Wind
Israel,1993,0.0,Wind
Israel,1994,0.0,Wind
Israel,1995,0.0,Wind
Israel,1996,0.0,Wind
Israel,1997,0.0,Wind
Israel,1998,0.0,Wind
Israel,1999,0.0,Wind
Israel,2000,0.0,Wind
Israel,2001,0.022753127,Wind
Israel,2002,0.02197802,Wind
Israel,2003,0.021258503,Wind
Israel,2004,0.021150593,Wind
Israel,2005,0.020571899,Wind
Israel,2006,0.01977848,Wind
Israel,2007,0.018590815,Wind
Israel,2008,0.017608734,Wind
Israel,2009,0.018271515,Wind
Israel,2010,0.017079419,Wind
Israel,2011,0.016778523,Wind
Israel,2012,0.015870497,Wind
Israel,2013,0.016307892,Wind
Israel,2014,0.016431153,Wind
Israel,2015,0.015569048,Wind
Israel,2016,0.074615724,Wind
Israel,2017,0.2669039,Wind
Israel,2018,0.26079398,Wind
Israel,2019,0.26131207,Wind
Israel,2020,0.2749519,Wind
Israel,2021,0.24284944,Wind
Israel,2022,0.3772603,Wind
Israel,2023,0.594085,Wind
Israel,2024,0.5721393,Wind
Israel,2025,0.56029236,Wind
Italy,1985,0.0,Wind
Italy,1986,0.0,Wind
Italy,1987,0.0,Wind
Italy,1988,0.0,Wind
Italy,1989,0.00094899174,Wind
Italy,1990,0.0,Wind
Italy,1991,0.0,Wind
Italy,1992,0.0,Wind
Italy,1993,0.0,Wind
Italy,1994,0.0043715844,Wind
Italy,1995,0.004212832,Wind
Italy,1996,0.012531851,Wind
Italy,1997,0.048681542,Wind
Italy,1998,0.09067255,Wind
Italy,1999,0.15429123,Wind
Italy,2000,0.2074535,Wind
Italy,2001,0.43398306,Wind
Italy,2002,0.50444996,Wind
Italy,2003,0.5100081,Wind
Italy,2004,0.6264683,Wind
Italy,2005,0.79421645,Wind
Italy,2006,0.9718269,Wind
Italy,2007,1.3162622,Wind
Italy,2008,1.5598421,Wind
Italy,2009,2.2838385,Wind
Italy,2010,3.0745373,Wind
Italy,2011,3.3012705,Wind
Italy,2012,4.5419135,Wind
Italy,2013,5.209426,Wind
Italy,2014,5.4894586,Wind
Italy,2015,5.3056846,Wind
Italy,2016,6.186396,Wind
Italy,2017,6.0734706,Wind
Italy,2018,6.1945043,Wind
Italy,2019,6.965758,Wind
Italy,2020,6.777212,Wind
Italy,2021,7.3312554,Wind
Italy,2022,7.3134165,Wind
Italy,2023,9.019308,Wind
Italy,2024,8.304679,Wind
Italy,2025,8.114846,Wind
Jamaica,2000,0.0,Wind
Jamaica,2001,0.0,Wind
Jamaica,2002,0.0,Wind
Jamaica,2003,0.0,Wind
Jamaica,2004,0.4137931,Wind
Jamaica,2005,0.66934407,Wind
Jamaica,2006,0.6666667,Wind
Jamaica,2007,0.82508254,Wind
Jamaica,2008,1.1820331,Wind
Jamaica,2009,1.3636363,Wind
Jamaica,2010,1.1574074,Wind
Jamaica,2011,2.0642202,Wind
Jamaica,2012,2.5522041,Wind
Jamaica,2013,2.7972028,Wind
Jamaica,2014,2.8169012,Wind
Jamaica,2015,3.0373828,Wind
Jamaica,2016,4.67706,Wind
Jamaica,2017,5.7077622,Wind
Jamaica,2018,7.575758,Wind
Jamaica,2019,5.818966,Wind
Jamaica,2020,6.5420556,Wind
Jamaica,2021,5.977011,Wind
Jamaica,2022,6.0133634,Wind
Jamaica,2023,5.6603775,Wind
Jamaica,2024,5.8943086,Wind
Japan,1985,0.0,Wind
Japan,1986,0.0,Wind
Japan,1987,0.0,Wind
Japan,1988,0.0,Wind
Japan,1989,0.0,Wind
Japan,1990,0.0,Wind
Japan,1991,0.0,Wind
Japan,1992,0.0,Wind
Japan,1993,0.00010361654,Wind
Japan,1994,9.747108e-05,Wind
Japan,1995,9.492679e-05,Wind
Japan,1996,0.00018635517,Wind
Japan,1997,9.0968686e-05,Wind
Japan,1998,0.00066726,Wind
Japan,1999,0.0033696804,Wind
Japan,2000,0.0100030005,Wind
Japan,2001,0.023081042,Wind
Japan,2002,0.037168995,Wind
Japan,2003,0.07596628,Wind
Japan,2004,0.12843497,Wind
Japan,2005,0.16564476,Wind
Japan,2006,0.1829347,Wind
Japan,2007,0.23218174,Wind
Japan,2008,0.24837376,Wind
Japan,2009,0.30789393,Wind
Japan,2010,0.33995363,Wind
Japan,2011,0.40391237,Wind
Japan,2012,0.42732728,Wind
Japan,2013,0.47161138,Wind
Japan,2014,0.47143182,Wind
Japan,2015,0.50673705,Wind
Japan,2016,0.5020213,Wind
Japan,2017,0.57760525,Wind
Japan,2018,0.680561,Wind
Japan,2019,0.7122398,Wind
Japan,2020,0.83182496,Wind
Japan,2021,0.9220331,Wind
Japan,2022,0.90527314,Wind
Japan,2023,0.98934174,Wind
Japan,2024,1.1353909,Wind
Japan,2025,1.2477424,Wind
Jordan,2000,0.0,Wind
Jordan,2001,0.0,Wind
Jordan,2002,0.0,Wind
Jordan,2003,0.0,Wind
Jordan,2004,0.0,Wind
Jordan,2005,0.0,Wind
Jordan,2006,0.0,Wind
Jordan,2007,0.0,Wind
Jordan,2008,0.0,Wind
Jordan,2009,0.0,Wind
Jordan,2010,0.0,Wind
Jordan,2011,0.0,Wind
Jordan,2012,0.0,Wind
Jordan,2013,0.0,Wind
Jordan,2014,0.0,Wind
Jordan,2015,0.62959075,Wind
Jordan,2016,1.9827148,Wind
Jordan,2017,2.1655436,Wind
Jordan,2018,3.4855177,Wind
Jordan,2019,4.28641,Wind
Jordan,2020,6.6666665,Wind
Jordan,2021,7.490637,Wind
Jordan,2022,7.7536554,Wind
Jordan,2023,7.3622212,Wind
Jordan,2024,7.393325,Wind
Kazakhstan,1985,0.0,Wind
Kazakhstan,1986,0.0,Wind
Kazakhstan,1987,0.0,Wind
Kazakhstan,1988,0.0,Wind
Kazakhstan,1989,0.0,Wind
Kazakhstan,1990,0.0,Wind
Kazakhstan,1991,0.0,Wind
Kazakhstan,1992,0.0,Wind
Kazakhstan,1993,0.0,Wind
Kazakhstan,1994,0.0,Wind
Kazakhstan,1995,0.0,Wind
Kazakhstan,1996,0.0,Wind
Kazakhstan,1997,0.0,Wind
Kazakhstan,1998,0.0,Wind
Kazakhstan,1999,0.0,Wind
Kazakhstan,2000,0.0,Wind
Kazakhstan,2001,0.0,Wind
Kazakhstan,2002,0.0,Wind
Kazakhstan,2003,0.0,Wind
Kazakhstan,2004,0.0,Wind
Kazakhstan,2005,0.0,Wind
Kazakhstan,2006,0.0,Wind
Kazakhstan,2007,0.0,Wind
Kazakhstan,2008,0.0,Wind
Kazakhstan,2009,0.0,Wind
Kazakhstan,2010,0.0,Wind
Kazakhstan,2011,0.0,Wind
Kazakhstan,2012,0.0,Wind
Kazakhstan,2013,0.0,Wind
Kazakhstan,2014,0.010566357,Wind
Kazakhstan,2015,0.14184396,Wind
Kazakhstan,2016,0.2853218,Wind
Kazakhstan,2017,0.32971296,Wind
Kazakhstan,2018,0.36353466,Wind
Kazakhstan,2019,0.66679186,Wind
Kazakhstan,2020,0.9480854,Wind
Kazakhstan,2021,1.5206813,Wind
Kazakhstan,2022,2.0363188,Wind
Kazakhstan,2023,3.3277578,Wind
Kazakhstan,2024,4.1431103,Wind
Kazakhstan,2025,4.713396,Wind
Kenya,2000,0.0,Wind
Kenya,2001,0.0,Wind
Kenya,2002,0.0,Wind
Kenya,2003,0.0,Wind
Kenya,2004,0.0,Wind
Kenya,2005,0.0,Wind
Kenya,2006,0.0,Wind
Kenya,2007,0.0,Wind
Kenya,2008,0.0,Wind
Kenya,2009,0.15267175,Wind
Kenya,2010,0.2793296,Wind
Kenya,2011,0.25542784,Wind
Kenya,2012,0.12239902,Wind
Kenya,2013,0.12376238,Wind
Kenya,2014,0.2173913,Wind
Kenya,2015,0.6116208,Wind
Kenya,2016,0.61983466,Wind
Kenya,2017,0.5540166,Wind
Kenya,2018,3.3628318,Wind
Kenya,2019,13.494809,Wind
Kenya,2020,11.386987,Wind
Kenya,2021,16.074314,Wind
Kenya,2022,16.512346,Wind
Kenya,2023,15.703125,Wind
Kenya,2024,16.365007,Wind
Kenya,2025,16.381765,Wind
Kiribati,2000,0.0,Wind
Kiribati,2001,0.0,Wind
Kiribati,2002,0.0,Wind
Kiribati,2003,0.0,Wind
Kiribati,2004,0.0,Wind
Kiribati,2005,0.0,Wind
Kiribati,2006,0.0,Wind
Kiribati,2007,0.0,Wind
Kiribati,2008,0.0,Wind
Kiribati,2009,0.0,Wind
Kiribati,2010,0.0,Wind
Kiribati,2011,0.0,Wind
Kiribati,2012,0.0,Wind
Kiribati,2013,0.0,Wind
Kiribati,2014,0.0,Wind
Kiribati,2015,0.0,Wind
Kiribati,2016,0.0,Wind
Kiribati,2017,0.0,Wind
Kiribati,2018,0.0,Wind
Kiribati,2019,0.0,Wind
Kiribati,2020,0.0,Wind
Kiribati,2021,0.0,Wind
Kiribati,2022,0.0,Wind
Kiribati,2023,0.0,Wind
Kiribati,2024,0.0,Wind
Kuwait,1985,0.0,Wind
Kuwait,1986,0.0,Wind
Kuwait,1987,0.0,Wind
Kuwait,1988,0.0,Wind
Kuwait,1989,0.0,Wind
Kuwait,1990,0.0,Wind
Kuwait,1991,0.0,Wind
Kuwait,1992,0.0,Wind
Kuwait,1993,0.0,Wind
Kuwait,1994,0.0,Wind
Kuwait,1995,0.0,Wind
Kuwait,1996,0.0,Wind
Kuwait,1997,0.0,Wind
Kuwait,1998,0.0,Wind
Kuwait,1999,0.0,Wind
Kuwait,2000,0.0,Wind
Kuwait,2001,0.0,Wind
Kuwait,2002,0.0,Wind
Kuwait,2003,0.0,Wind
Kuwait,2004,0.0,Wind
Kuwait,2005,0.0,Wind
Kuwait,2006,0.0,Wind
Kuwait,2007,0.0,Wind
Kuwait,2008,0.0,Wind
Kuwait,2009,0.0,Wind
Kuwait,2010,0.0,Wind
Kuwait,2011,0.0,Wind
Kuwait,2012,0.0,Wind
Kuwait,2013,0.01639613,Wind
Kuwait,2014,0.0153491935,Wind
Kuwait,2015,0.014641288,Wind
Kuwait,2016,0.014265335,Wind
Kuwait,2017,0.043547682,Wind
Kuwait,2018,0.05395926,Wind
Kuwait,2019,0.053304903,Wind
Kuwait,2020,0.040192924,Wind
Kuwait,2021,0.08663366,Wind
Kuwait,2022,2.016649,Wind
Kuwait,2023,1.916221,Wind
Kuwait,2024,2.0110283,Wind
Kuwait,2025,2.0110283,Wind
Kyrgyzstan,2000,0.0,Wind
Kyrgyzstan,2001,0.0,Wind
Kyrgyzstan,2002,0.0,Wind
Kyrgyzstan,2003,0.0,Wind
Kyrgyzstan,2004,0.0,Wind
Kyrgyzstan,2005,0.0,Wind
Kyrgyzstan,2006,0.0,Wind
Kyrgyzstan,2007,0.0,Wind
Kyrgyzstan,2008,0.0,Wind
Kyrgyzstan,2009,0.0,Wind
Kyrgyzstan,2010,0.0,Wind
Kyrgyzstan,2011,0.0,Wind
Kyrgyzstan,2012,0.0,Wind
Kyrgyzstan,2013,0.0,Wind
Kyrgyzstan,2014,0.0,Wind
Kyrgyzstan,2015,0.0,Wind
Kyrgyzstan,2016,0.0,Wind
Kyrgyzstan,2017,0.0,Wind
Kyrgyzstan,2018,0.0,Wind
Kyrgyzstan,2019,0.0,Wind
Kyrgyzstan,2020,0.0,Wind
Kyrgyzstan,2021,0.0,Wind
Kyrgyzstan,2022,0.0,Wind
Kyrgyzstan,2023,0.0,Wind
Kyrgyzstan,2024,0.0,Wind
Kyrgyzstan,2025,0.0,Wind
Laos,2000,0.0,Wind
Laos,2001,0.0,Wind
Laos,2002,0.0,Wind
Laos,2003,0.0,Wind
Laos,2004,0.0,Wind
Laos,2005,0.0,Wind
Laos,2006,0.0,Wind
Laos,2007,0.0,Wind
Laos,2008,0.0,Wind
Laos,2009,0.0,Wind
Laos,2010,0.0,Wind
Laos,2011,0.0,Wind
Laos,2012,0.0,Wind
Laos,2013,0.0,Wind
Laos,2014,0.0,Wind
Laos,2015,0.0,Wind
Laos,2016,0.0,Wind
Laos,2017,0.0,Wind
Laos,2018,0.0,Wind
Laos,2019,0.0,Wind
Laos,2020,0.0,Wind
Laos,2021,0.0,Wind
Laos,2022,0.0,Wind
Laos,2023,0.0,Wind
Laos,2024,0.0,Wind
Latvia,1985,0.0,Wind
Latvia,1986,0.0,Wind
Latvia,1987,0.0,Wind
Latvia,1988,0.0,Wind
Latvia,1989,0.0,Wind
Latvia,1990,0.0,Wind
Latvia,1991,0.0,Wind
Latvia,1992,0.0,Wind
Latvia,1993,0.0,Wind
Latvia,1994,0.0,Wind
Latvia,1995,0.0,Wind
Latvia,1996,0.0,Wind
Latvia,1997,0.0,Wind
Latvia,1998,0.0,Wind
Latvia,1999,0.0,Wind
Latvia,2000,0.0,Wind
Latvia,2001,0.0,Wind
Latvia,2002,0.25188917,Wind
Latvia,2003,1.2594459,Wind
Latvia,2004,1.0660981,Wind
Latvia,2005,1.0162601,Wind
Latvia,2006,1.0224949,Wind
Latvia,2007,1.0504202,Wind
Latvia,2008,1.1385199,Wind
Latvia,2009,0.89766604,Wind
Latvia,2010,0.7541478,Wind
Latvia,2011,1.1494253,Wind
Latvia,2012,1.7828201,Wind
Latvia,2013,1.9354839,Wind
Latvia,2014,2.7237356,Wind
Latvia,2015,2.7075813,Wind
Latvia,2016,2.0249221,Wind
Latvia,2017,1.9920319,Wind
Latvia,2018,1.7857143,Wind
Latvia,2019,2.3291926,Wind
Latvia,2020,3.1468534,Wind
Latvia,2021,2.3931625,Wind
Latvia,2022,3.777336,Wind
Latvia,2023,4.231975,Wind
Latvia,2024,4.423381,Wind
Latvia,2025,3.508772,Wind
Lebanon,2000,0.0,Wind
Lebanon,2001,0.0,Wind
Lebanon,2002,0.0,Wind
Lebanon,2003,0.0,Wind
Lebanon,2004,0.0,Wind
Lebanon,2005,0.0,Wind
Lebanon,2006,0.0,Wind
Lebanon,2007,0.0,Wind
Lebanon,2008,0.0,Wind
Lebanon,2009,0.0,Wind
Lebanon,2010,0.0,Wind
Lebanon,2011,0.0,Wind
Lebanon,2012,0.0,Wind
Lebanon,2013,0.0,Wind
Lebanon,2014,0.055648305,Wind
Lebanon,2015,0.05364807,Wind
Lebanon,2016,0.051519834,Wind
Lebanon,2017,0.04705882,Wind
Lebanon,2018,0.046992477,Wind
Lebanon,2019,0.046317738,Wind
Lebanon,2020,0.05479452,Wind
Lebanon,2021,0.09671179,Wind
Lebanon,2022,0.22883296,Wind
Lebanon,2023,0.15923566,Wind
Lebanon,2024,0.1872659,Wind
Lesotho,2000,0.0,Wind
Lesotho,2001,0.0,Wind
Lesotho,2002,0.0,Wind
Lesotho,2003,0.0,Wind
Lesotho,2004,0.0,Wind
Lesotho,2005,0.0,Wind
Lesotho,2006,0.0,Wind
Lesotho,2007,0.0,Wind
Lesotho,2008,0.0,Wind
Lesotho,2009,0.0,Wind
Lesotho,2010,0.0,Wind
Lesotho,2011,0.0,Wind
Lesotho,2012,0.0,Wind
Lesotho,2013,0.0,Wind
Lesotho,2014,0.0,Wind
Lesotho,2015,0.0,Wind
Lesotho,2016,0.0,Wind
Lesotho,2017,0.0,Wind
Lesotho,2018,0.0,Wind
Lesotho,2019,0.0,Wind
Lesotho,2020,0.0,Wind
Lesotho,2021,0.0,Wind
Lesotho,2022,0.0,Wind
Liberia,2000,0.0,Wind
Liberia,2001,0.0,Wind
Liberia,2002,0.0,Wind
Liberia,2003,0.0,Wind
Liberia,2004,0.0,Wind
Liberia,2005,0.0,Wind
Liberia,2006,0.0,Wind
Liberia,2007,0.0,Wind
Liberia,2008,0.0,Wind
Liberia,2009,0.0,Wind
Liberia,2010,0.0,Wind
Liberia,2011,0.0,Wind
Liberia,2012,0.0,Wind
Liberia,2013,0.0,Wind
Liberia,2014,0.0,Wind
Liberia,2015,0.0,Wind
Liberia,2016,0.0,Wind
Liberia,2017,0.0,Wind
Liberia,2018,0.0,Wind
Liberia,2019,0.0,Wind
Liberia,2020,0.0,Wind
Liberia,2021,0.0,Wind
Liberia,2022,0.0,Wind
Liberia,2023,0.0,Wind
Liberia,2024,0.0,Wind
Libya,2000,0.0,Wind
Libya,2001,0.0,Wind
Libya,2002,0.0,Wind
Libya,2003,0.0,Wind
Libya,2004,0.0,Wind
Libya,2005,0.0,Wind
Libya,2006,0.0,Wind
Libya,2007,0.0,Wind
Libya,2008,0.0,Wind
Libya,2009,0.0,Wind
Libya,2010,0.0,Wind
Libya,2011,0.0,Wind
Libya,2012,0.0,Wind
Libya,2013,0.0,Wind
Libya,2014,0.0,Wind
Libya,2015,0.0,Wind
Libya,2016,0.0,Wind
Libya,2017,0.0,Wind
Libya,2018,0.0,Wind
Libya,2019,0.0,Wind
Libya,2020,0.0,Wind
Libya,2021,0.0,Wind
Libya,2022,0.0,Wind
Libya,2023,0.0,Wind
Libya,2024,0.0,Wind
Lithuania,1985,0.0,Wind
Lithuania,1986,0.0,Wind
Lithuania,1987,0.0,Wind
Lithuania,1988,0.0,Wind
Lithuania,1989,0.0,Wind
Lithuania,1990,0.0,Wind
Lithuania,1991,0.0,Wind
Lithuania,1992,0.0,Wind
Lithuania,1993,0.0,Wind
Lithuania,1994,0.0,Wind
Lithuania,1995,0.0,Wind
Lithuania,1996,0.0,Wind
Lithuania,1997,0.0,Wind
Lithuania,1998,0.0,Wind
Lithuania,1999,0.0,Wind
Lithuania,2004,0.0,Wind
Lithuania,2005,0.0,Wind
Lithuania,2006,0.08285004,Wind
Lithuania,2007,0.81723624,Wind
Lithuania,2008,0.9752438,Wind
Lithuania,2009,1.0928961,Wind
Lithuania,2010,4.4,Wind
Lithuania,2011,11.058824,Wind
Lithuania,2012,12.0,Wind
Lithuania,2013,14.31981,Wind
Lithuania,2014,17.344173,Wind
Lithuania,2015,19.148935,Wind
Lithuania,2016,31.404957,Wind
Lithuania,2017,38.202248,Wind
Lithuania,2018,39.041096,Wind
Lithuania,2019,44.91018,Wind
Lithuania,2020,32.978725,Wind
Lithuania,2021,31.627907,Wind
Lithuania,2022,37.376236,Wind
Lithuania,2023,47.924526,Wind
Lithuania,2024,46.14344,Wind
Lithuania,2025,44.88189,Wind
Luxembourg,1985,0.0,Wind
Luxembourg,1986,0.0,Wind
Luxembourg,1987,0.0,Wind
Luxembourg,1988,0.0,Wind
Luxembourg,1989,0.0,Wind
Luxembourg,1990,0.0,Wind
Luxembourg,1991,0.0,Wind
Luxembourg,1992,0.0,Wind
Luxembourg,1993,0.0,Wind
Luxembourg,1994,0.0,Wind
Luxembourg,1995,0.0,Wind
Luxembourg,1996,0.0,Wind
Luxembourg,1997,0.0,Wind
Luxembourg,1998,2.7027025,Wind
Luxembourg,1999,5.5555553,Wind
Luxembourg,2000,5.0,Wind
Luxembourg,2001,2.2988505,Wind
Luxembourg,2002,0.71428573,Wind
Luxembourg,2003,1.0752689,Wind
Luxembourg,2004,1.1869437,Wind
Luxembourg,2005,1.4925374,Wind
Luxembourg,2006,1.6949152,Wind
Luxembourg,2007,1.8808776,Wind
Luxembourg,2008,2.2058823,Wind
Luxembourg,2009,1.9047618,Wind
Luxembourg,2010,1.8518518,Wind
Luxembourg,2011,2.272727,Wind
Luxembourg,2012,2.8985507,Wind
Luxembourg,2013,4.347826,Wind
Luxembourg,2014,4.188482,Wind
Luxembourg,2015,7.4626865,Wind
Luxembourg,2016,12.658228,Wind
Luxembourg,2017,25.555557,Wind
Luxembourg,2018,26.041668,Wind
Luxembourg,2019,26.168222,Wind
Luxembourg,2020,28.688524,Wind
Luxembourg,2021,25.20325,Wind
Luxembourg,2022,25.619835,Wind
Luxembourg,2023,35.460995,Wind
Luxembourg,2024,30.463577,Wind
Luxembourg,2025,30.519482,Wind
Macao,2000,0.0,Wind
Macao,2001,0.0,Wind
Macao,2002,0.0,Wind
Macao,2003,0.0,Wind
Macao,2004,0.0,Wind
Macao,2005,0.0,Wind
Macao,2006,0.0,Wind
Macao,2007,0.0,Wind
Macao,2008,0.0,Wind
Macao,2009,0.0,Wind
Macao,2010,0.0,Wind
Macao,2011,0.0,Wind
Macao,2012,0.0,Wind
Macao,2013,0.0,Wind
Macao,2014,0.0,Wind
Macao,2015,0.0,Wind
Macao,2016,0.0,Wind
Macao,2017,0.0,Wind
Macao,2018,0.0,Wind
Macao,2019,0.0,Wind
Macao,2020,0.0,Wind
Macao,2021,0.0,Wind
Macao,2022,0.0,Wind
Macao,2023,0.0,Wind
Macao,2024,0.0,Wind
Madagascar,2000,0.0,Wind
Madagascar,2001,0.0,Wind
Madagascar,2002,0.0,Wind
Madagascar,2003,0.0,Wind
Madagascar,2004,0.0,Wind
Madagascar,2005,0.0,Wind
Madagascar,2006,0.0,Wind
Madagascar,2007,0.0,Wind
Madagascar,2008,0.0,Wind
Madagascar,2009,0.0,Wind
Madagascar,2010,0.0,Wind
Madagascar,2011,0.0,Wind
Madagascar,2012,0.0,Wind
Madagascar,2013,0.0,Wind
Madagascar,2014,0.0,Wind
Madagascar,2015,0.0,Wind
Madagascar,2016,0.0,Wind
Madagascar,2017,0.0,Wind
Madagascar,2018,0.0,Wind
Madagascar,2019,0.0,Wind
Madagascar,2020,0.0,Wind
Madagascar,2021,0.0,Wind
Madagascar,2022,0.0,Wind
Madagascar,2023,0.0,Wind
Madagascar,2024,0.0,Wind
Malawi,2000,0.0,Wind
Malawi,2001,0.0,Wind
Malawi,2002,0.0,Wind
Malawi,2003,0.0,Wind
Malawi,2004,0.0,Wind
Malawi,2005,0.0,Wind
Malawi,2006,0.0,Wind
Malawi,2007,0.0,Wind
Malawi,2008,0.0,Wind
Malawi,2009,0.0,Wind
Malawi,2010,0.0,Wind
Malawi,2011,0.0,Wind
Malawi,2012,0.0,Wind
Malawi,2013,0.0,Wind
Malawi,2014,0.0,Wind
Malawi,2015,0.0,Wind
Malawi,2016,0.0,Wind
Malawi,2017,0.0,Wind
Malawi,2018,0.0,Wind
Malawi,2019,0.0,Wind
Malawi,2020,0.0,Wind
Malawi,2021,0.0,Wind
Malawi,2022,0.0,Wind
Malawi,2023,0.0,Wind
Malawi,2024,0.0,Wind
Malaysia,1985,0.0,Wind
Malaysia,1986,0.0,Wind
Malaysia,1987,0.0,Wind
Malaysia,1988,0.0,Wind
Malaysia,1989,0.0,Wind
Malaysia,1990,0.0,Wind
Malaysia,1991,0.0,Wind
Malaysia,1992,0.0,Wind
Malaysia,1993,0.0,Wind
Malaysia,1994,0.0,Wind
Malaysia,1995,0.0,Wind
Malaysia,1996,0.0,Wind
Malaysia,1997,0.0,Wind
Malaysia,1998,0.0,Wind
Malaysia,1999,0.0,Wind
Malaysia,2000,0.0,Wind
Malaysia,2001,0.0,Wind
Malaysia,2002,0.0,Wind
Malaysia,2003,0.0,Wind
Malaysia,2004,0.0,Wind
Malaysia,2005,0.0,Wind
Malaysia,2006,0.0,Wind
Malaysia,2007,0.0,Wind
Malaysia,2008,0.0,Wind
Malaysia,2009,0.0,Wind
Malaysia,2010,0.0,Wind
Malaysia,2011,0.0,Wind
Malaysia,2012,0.0,Wind
Malaysia,2013,0.0,Wind
Malaysia,2014,0.0,Wind
Malaysia,2015,0.0,Wind
Malaysia,2016,0.0,Wind
Malaysia,2017,0.0,Wind
Malaysia,2018,0.0,Wind
Malaysia,2019,0.0,Wind
Malaysia,2020,0.0,Wind
Malaysia,2021,0.0,Wind
Malaysia,2022,0.0,Wind
Malaysia,2023,0.0,Wind
Malaysia,2024,0.0,Wind
Malaysia,2025,0.0,Wind
Maldives,2000,0.0,Wind
Maldives,2001,0.0,Wind
Maldives,2002,0.0,Wind
Maldives,2003,0.0,Wind
Maldives,2004,0.0,Wind
Maldives,2005,0.0,Wind
Maldives,2006,0.0,Wind
Maldives,2007,0.0,Wind
Maldives,2008,0.0,Wind
Maldives,2009,0.0,Wind
Maldives,2010,0.0,Wind
Maldives,2011,0.0,Wind
Maldives,2012,0.0,Wind
Maldives,2013,0.0,Wind
Maldives,2014,0.0,Wind
Maldives,2015,0.0,Wind
Maldives,2016,0.0,Wind
Maldives,2017,0.0,Wind
Maldives,2018,0.0,Wind
Maldives,2019,0.0,Wind
Maldives,2020,0.0,Wind
Maldives,2021,0.0,Wind
Maldives,2022,0.0,Wind
Maldives,2023,0.0,Wind
Maldives,2024,0.0,Wind
Mali,2000,0.0,Wind
Mali,2001,0.0,Wind
Mali,2002,0.0,Wind
Mali,2003,0.0,Wind
Mali,2004,0.0,Wind
Mali,2005,0.0,Wind
Mali,2006,0.0,Wind
Mali,2007,0.0,Wind
Mali,2008,0.0,Wind
Mali,2009,0.0,Wind
Mali,2010,0.0,Wind
Mali,2011,0.0,Wind
Mali,2012,0.0,Wind
Mali,2013,0.0,Wind
Mali,2014,0.0,Wind
Mali,2015,0.0,Wind
Mali,2016,0.0,Wind
Mali,2017,0.0,Wind
Mali,2018,0.0,Wind
Mali,2019,0.0,Wind
Mali,2020,0.0,Wind
Mali,2021,0.0,Wind
Mali,2022,0.0,Wind
Mali,2023,0.0,Wind
Mali,2024,0.0,Wind
Malta,1990,0.0,Wind
Malta,1991,0.0,Wind
Malta,1992,0.0,Wind
Malta,1993,0.0,Wind
Malta,1994,0.0,Wind
Malta,1995,0.0,Wind
Malta,1996,0.0,Wind
Malta,1997,0.0,Wind
Malta,1998,0.0,Wind
Malta,1999,0.0,Wind
Malta,2012,0.0,Wind
Malta,2013,0.0,Wind
Malta,2014,0.0,Wind
Malta,2015,0.0,Wind
Malta,2016,0.0,Wind
Malta,2017,0.0,Wind
Malta,2018,0.0,Wind
Malta,2019,0.0,Wind
Malta,2020,0.0,Wind
Malta,2021,0.0,Wind
Malta,2022,0.0,Wind
Malta,2023,0.0,Wind
Malta,2024,0.0,Wind
Malta,2025,0.0,Wind
Martinique,2004,0.0,Wind
Martinique,2005,0.0,Wind
Martinique,2006,0.0,Wind
Martinique,2007,0.0,Wind
Martinique,2008,0.0,Wind
Martinique,2009,0.0,Wind
Martinique,2010,0.0,Wind
Martinique,2011,0.0,Wind
Martinique,2012,0.0,Wind
Martinique,2013,0.0,Wind
Martinique,2014,0.0,Wind
Martinique,2015,0.0,Wind
Martinique,2016,0.0,Wind
Martinique,2017,0.0,Wind
Martinique,2018,0.64935064,Wind
Martinique,2019,3.2258067,Wind
Martinique,2020,2.6666665,Wind
Martinique,2021,3.3112583,Wind
Martinique,2022,2.6845636,Wind
Martinique,2023,1.9867549,Wind
Mauritania,2000,0.0,Wind
Mauritania,2001,0.0,Wind
Mauritania,2002,0.0,Wind
Mauritania,2003,0.0,Wind
Mauritania,2004,0.0,Wind
Mauritania,2005,0.0,Wind
Mauritania,2006,0.0,Wind
Mauritania,2007,0.0,Wind
Mauritania,2008,0.0,Wind
Mauritania,2009,0.0,Wind
Mauritania,2010,0.0,Wind
Mauritania,2011,0.0,Wind
Mauritania,2012,0.0,Wind
Mauritania,2013,1.0204082,Wind
Mauritania,2014,0.9708738,Wind
Mauritania,2015,8.62069,Wind
Mauritania,2016,8.62069,Wind
Mauritania,2017,7.4074073,Wind
Mauritania,2018,6.849315,Wind
Mauritania,2019,7.6433115,Wind
Mauritania,2020,7.3619633,Wind
Mauritania,2021,6.329114,Wind
Mauritania,2022,6.097561,Wind
Mauritania,2023,4.7846894,Wind
Mauritania,2024,4.8309183,Wind
Mauritius,2000,0.0,Wind
Mauritius,2001,0.0,Wind
Mauritius,2002,0.0,Wind
Mauritius,2003,0.0,Wind
Mauritius,2004,0.0,Wind
Mauritius,2005,0.0,Wind
Mauritius,2006,0.0,Wind
Mauritius,2007,0.0,Wind
Mauritius,2008,0.0,Wind
Mauritius,2009,0.0,Wind
Mauritius,2010,0.0,Wind
Mauritius,2011,0.0,Wind
Mauritius,2012,0.0,Wind
Mauritius,2013,0.0,Wind
Mauritius,2014,0.0,Wind
Mauritius,2015,0.0,Wind
Mauritius,2016,0.6557377,Wind
Mauritius,2017,0.32154343,Wind
Mauritius,2018,0.32051283,Wind
Mauritius,2019,0.30959752,Wind
Mauritius,2020,0.6896551,Wind
Mauritius,2021,0.33444816,Wind
Mauritius,2022,0.64102566,Wind
Mauritius,2023,0.3058104,Wind
Mauritius,2024,0.29325512,Wind
Mexico,1985,0.0,Wind
Mexico,1986,0.0,Wind
Mexico,1987,0.0,Wind
Mexico,1988,0.0,Wind
Mexico,1989,0.0,Wind
Mexico,1990,0.0008504013,Wind
Mexico,1991,0.0007777794,Wind
Mexico,1992,0.00075599697,Wind
Mexico,1993,0.00074270746,Wind
Mexico,1994,0.003421668,Wind
Mexico,1995,0.0046556084,Wind
Mexico,1996,0.0038316397,Wind
Mexico,1997,0.007196469,Wind
Mexico,1998,0.008284587,Wind
Mexico,1999,0.008948378,Wind
Mexico,2000,0.009822218,Wind
Mexico,2001,0.009513842,Wind
Mexico,2002,0.009270848,Wind
Mexico,2003,0.008892842,Wind
Mexico,2004,0.008496538,Wind
Mexico,2005,0.008065492,Wind
Mexico,2006,0.019512195,Wind
Mexico,2007,0.09496315,Wind
Mexico,2008,0.092836715,Wind
Mexico,2009,0.22408126,Wind
Mexico,2010,0.4499764,Wind
Mexico,2011,0.5647784,Wind
Mexico,2012,1.2449813,Wind
Mexico,2013,1.4068389,Wind
Mexico,2014,2.1198037,Wind
Mexico,2015,2.8193069,Wind
Mexico,2016,3.240206,Wind
Mexico,2017,3.2270808,Wind
Mexico,2018,3.5615103,Wind
Mexico,2019,4.8553267,Wind
Mexico,2020,6.047954,Wind
Mexico,2021,6.412246,Wind
Mexico,2022,6.035573,Wind
Mexico,2023,5.885698,Wind
Mexico,2024,5.560561,Wind
Mexico,2025,5.9892983,Wind
Moldova,2000,0.0,Wind
Moldova,2001,0.0,Wind
Moldova,2002,0.0,Wind
Moldova,2003,0.0,Wind
Moldova,2004,0.0,Wind
Moldova,2005,0.0,Wind
Moldova,2006,0.0,Wind
Moldova,2007,0.0,Wind
Moldova,2008,0.0,Wind
Moldova,2009,0.0,Wind
Moldova,2010,0.0,Wind
Moldova,2011,0.0,Wind
Moldova,2012,0.0,Wind
Moldova,2013,0.0,Wind
Moldova,2014,0.0,Wind
Moldova,2015,0.0,Wind
Moldova,2016,0.0,Wind
Moldova,2017,0.20161289,Wind
Moldova,2018,0.3717472,Wind
Moldova,2019,0.7029877,Wind
Moldova,2020,0.8090615,Wind
Moldova,2021,1.2012012,Wind
Moldova,2022,2.6266418,Wind
Moldova,2023,2.992126,Wind
Moldova,2024,3.4596374,Wind
Moldova,2025,2.5974026,Wind
Mongolia,2000,0.0,Wind
Mongolia,2001,0.0,Wind
Mongolia,2002,0.0,Wind
Mongolia,2003,0.0,Wind
Mongolia,2004,0.0,Wind
Mongolia,2005,0.0,Wind
Mongolia,2006,0.0,Wind
Mongolia,2007,0.0,Wind
Mongolia,2008,0.0,Wind
Mongolia,2009,0.0,Wind
Mongolia,2010,0.0,Wind
Mongolia,2011,0.0,Wind
Mongolia,2012,0.0,Wind
Mongolia,2013,0.99601597,Wind
Mongolia,2014,2.4163568,Wind
Mongolia,2015,2.722323,Wind
Mongolia,2016,2.6455028,Wind
Mongolia,2017,2.3217247,Wind
Mongolia,2018,4.5662103,Wind
Mongolia,2019,6.916426,Wind
Mongolia,2020,7.2289157,Wind
Mongolia,2021,7.7956986,Wind
Mongolia,2022,6.580645,Wind
Mongolia,2023,6.1519904,Wind
Mongolia,2024,5.782313,Wind
Mongolia,2025,5.572756,Wind
Montenegro,2017,4.032258,Wind
Montenegro,2018,3.6842105,Wind
Montenegro,2019,8.746356,Wind
Montenegro,2020,9.4395275,Wind
Montenegro,2021,8.488064,Wind
Montenegro,2022,9.667674,Wind
Montenegro,2023,7.398568,Wind
Montenegro,2024,7.6487255,Wind
Montenegro,2025,11.382113,Wind
Montserrat,2000,0.0,Wind
Montserrat,2001,0.0,Wind
Montserrat,2002,0.0,Wind
Montserrat,2003,0.0,Wind
Montserrat,2004,0.0,Wind
Montserrat,2005,0.0,Wind
Montserrat,2006,0.0,Wind
Montserrat,2007,0.0,Wind
Montserrat,2008,0.0,Wind
Montserrat,2009,0.0,Wind
Montserrat,2010,0.0,Wind
Montserrat,2011,0.0,Wind
Montserrat,2012,0.0,Wind
Montserrat,2013,0.0,Wind
Montserrat,2014,0.0,Wind
Montserrat,2015,0.0,Wind
Montserrat,2016,0.0,Wind
Montserrat,2017,0.0,Wind
Montserrat,2018,0.0,Wind
Montserrat,2019,0.0,Wind
Montserrat,2020,0.0,Wind
Montserrat,2021,0.0,Wind
Montserrat,2022,0.0,Wind
Montserrat,2023,0.0,Wind
Montserrat,2024,0.0,Wind
Morocco,1985,0.0,Wind
Morocco,1986,0.0,Wind
Morocco,1987,0.0,Wind
Morocco,1988,0.0,Wind
Morocco,1989,0.0,Wind
Morocco,1990,0.0,Wind
Morocco,1991,0.0,Wind
Morocco,1992,0.0,Wind
Morocco,1993,0.0,Wind
Morocco,1994,0.0,Wind
Morocco,1995,0.0,Wind
Morocco,1996,0.0,Wind
Morocco,1997,0.0,Wind
Morocco,1998,0.0,Wind
Morocco,1999,0.0,Wind
Morocco,2000,0.4379562,Wind
Morocco,2001,1.3461537,Wind
Morocco,2002,1.2582781,Wind
Morocco,2003,1.2239902,Wind
Morocco,2004,1.1448197,Wind
Morocco,2005,1.0903426,Wind
Morocco,2006,0.90588826,Wind
Morocco,2007,1.4220417,Wind
Morocco,2008,1.4742016,Wind
Morocco,2009,1.863354,Wind
Morocco,2010,2.8884027,Wind
Morocco,2011,2.8325121,Wind
Morocco,2012,2.7536778,Wind
Morocco,2013,5.0482554,Wind
Morocco,2014,6.837607,Wind
Morocco,2015,8.425276,Wind
Morocco,2016,9.782961,Wind
Morocco,2017,9.517846,Wind
Morocco,2018,11.168981,Wind
Morocco,2019,11.688954,Wind
Morocco,2020,11.829898,Wind
Morocco,2021,12.372882,Wind
Morocco,2022,12.943734,Wind
Morocco,2023,15.426285,Wind
Morocco,2024,16.721699,Wind
Morocco,2025,16.044943,Wind
Mozambique,2000,0.0,Wind
Mozambique,2001,0.0,Wind
Mozambique,2002,0.0,Wind
Mozambique,2003,0.0,Wind
Mozambique,2004,0.0,Wind
Mozambique,2005,0.0,Wind
Mozambique,2006,0.0,Wind
Mozambique,2007,0.0,Wind
Mozambique,2008,0.0,Wind
Mozambique,2009,0.0,Wind
Mozambique,2010,0.0,Wind
Mozambique,2011,0.0,Wind
Mozambique,2012,0.0,Wind
Mozambique,2013,0.0,Wind
Mozambique,2014,0.0,Wind
Mozambique,2015,0.0,Wind
Mozambique,2016,0.0,Wind
Mozambique,2017,0.0,Wind
Mozambique,2018,0.0,Wind
Mozambique,2019,0.0,Wind
Mozambique,2020,0.0,Wind
Mozambique,2021,0.0,Wind
Mozambique,2022,0.0,Wind
Mozambique,2023,0.0,Wind
Mozambique,2024,0.0,Wind
Myanmar,2000,0.0,Wind
Myanmar,2001,0.0,Wind
Myanmar,2002,0.0,Wind
Myanmar,2003,0.0,Wind
Myanmar,2004,0.0,Wind
Myanmar,2005,0.0,Wind
Myanmar,2006,0.0,Wind
Myanmar,2007,0.0,Wind
Myanmar,2008,0.0,Wind
Myanmar,2009,0.0,Wind
Myanmar,2010,0.0,Wind
Myanmar,2011,0.0,Wind
Myanmar,2012,0.0,Wind
Myanmar,2013,0.0,Wind
Myanmar,2014,0.0,Wind
Myanmar,2015,0.0,Wind
Myanmar,2016,0.0,Wind
Myanmar,2017,0.0,Wind
Myanmar,2018,0.0,Wind
Myanmar,2019,0.0,Wind
Myanmar,2020,0.0,Wind
Myanmar,2021,0.0,Wind
Myanmar,2022,0.0,Wind
Myanmar,2023,0.0,Wind
Myanmar,2024,0.0,Wind
Namibia,2000,0.0,Wind
Namibia,2001,0.0,Wind
Namibia,2002,0.0,Wind
Namibia,2003,0.0,Wind
Namibia,2004,0.0,Wind
Namibia,2005,0.0,Wind
Namibia,2006,0.0,Wind
Namibia,2007,0.0,Wind
Namibia,2008,0.0,Wind
Namibia,2009,0.0,Wind
Namibia,2010,0.0,Wind
Namibia,2011,0.0,Wind
Namibia,2012,0.0,Wind
Namibia,2013,0.0,Wind
Namibia,2014,0.0,Wind
Namibia,2015,0.0,Wind
Namibia,2016,0.0,Wind
Namibia,2017,0.0,Wind
Namibia,2018,1.4184397,Wind
Namibia,2019,1.4492754,Wind
Namibia,2020,1.0,Wind
Namibia,2021,1.3245033,Wind
Namibia,2022,1.5151514,Wind
Namibia,2023,1.0582011,Wind
Namibia,2024,1.2195122,Wind
Nauru,2000,0.0,Wind
Nauru,2001,0.0,Wind
Nauru,2002,0.0,Wind
Nauru,2003,0.0,Wind
Nauru,2004,0.0,Wind
Nauru,2005,0.0,Wind
Nauru,2006,0.0,Wind
Nauru,2007,0.0,Wind
Nauru,2008,0.0,Wind
Nauru,2009,0.0,Wind
Nauru,2010,0.0,Wind
Nauru,2011,0.0,Wind
Nauru,2012,0.0,Wind
Nauru,2013,0.0,Wind
Nauru,2014,0.0,Wind
Nauru,2015,0.0,Wind
Nauru,2016,0.0,Wind
Nauru,2017,0.0,Wind
Nauru,2018,0.0,Wind
Nauru,2019,0.0,Wind
Nauru,2020,0.0,Wind
Nauru,2021,0.0,Wind
Nauru,2022,0.0,Wind
Nauru,2023,0.0,Wind
Nauru,2024,0.0,Wind
Nepal,2000,0.0,Wind
Nepal,2001,0.0,Wind
Nepal,2002,0.0,Wind
Nepal,2003,0.0,Wind
Nepal,2004,0.0,Wind
Nepal,2005,0.0,Wind
Nepal,2006,0.0,Wind
Nepal,2007,0.0,Wind
Nepal,2008,0.0,Wind
Nepal,2009,0.0,Wind
Nepal,2010,0.0,Wind
Nepal,2011,0.0,Wind
Nepal,2012,0.0,Wind
Nepal,2013,0.0,Wind
Nepal,2014,0.2631579,Wind
Nepal,2015,0.28901732,Wind
Nepal,2016,0.23923445,Wind
Nepal,2017,0.2183406,Wind
Nepal,2018,0.20661156,Wind
Nepal,2019,0.16260162,Wind
Nepal,2020,0.1618123,Wind
Nepal,2021,0.103842154,Wind
Nepal,2022,0.093457945,Wind
Nepal,2023,0.093457945,Wind
Nepal,2024,0.08984726,Wind
Netherlands,1985,0.0,Wind
Netherlands,1986,0.00148876,Wind
Netherlands,1987,0.0029219263,Wind
Netherlands,1988,0.022970686,Wind
Netherlands,1989,0.031471927,Wind
Netherlands,1990,0.08486563,Wind
Netherlands,1991,0.122917235,Wind
Netherlands,1992,0.19778483,Wind
Netherlands,1993,0.22403796,Wind
Netherlands,1994,0.30667007,Wind
Netherlands,1995,0.40110302,Wind
Netherlands,1996,0.52337337,Wind
Netherlands,1997,0.55229145,Wind
Netherlands,1998,0.7159637,Wind
Netherlands,1999,0.7515265,Wind
Netherlands,2000,0.94253916,Wind
Netherlands,2001,0.9008031,Wind
Netherlands,2002,1.0038038,Wind
Netherlands,2003,1.3826333,Wind
Netherlands,2004,1.8733721,Wind
Netherlands,2005,2.100883,Wind
Netherlands,2006,2.8096802,Wind
Netherlands,2007,3.3179014,Wind
Netherlands,2008,4.010922,Wind
Netherlands,2009,4.0765467,Wind
Netherlands,2010,3.3784928,Wind
Netherlands,2011,4.527699,Wind
Netherlands,2012,4.8694634,Wind
Netherlands,2013,5.5986476,Wind
Netherlands,2014,5.6807055,Wind
Netherlands,2015,6.9272413,Wind
Netherlands,2016,7.1691823,Wind
Netherlands,2017,9.108928,Wind
Netherlands,2018,9.328029,Wind
Netherlands,2019,9.587671,Wind
Netherlands,2020,12.520499,Wind
Netherlands,2021,14.997105,Wind
Netherlands,2022,17.980993,Wind
Netherlands,2023,24.608204,Wind
Netherlands,2024,27.368593,Wind
Netherlands,2025,24.970362,Wind
New Caledonia,2000,0.6097561,Wind
New Caledonia,2001,0.5813953,Wind
New Caledonia,2002,0.57142854,Wind
New Caledonia,2003,0.0,Wind
New Caledonia,2004,0.5988024,Wind
New Caledonia,2005,1.0638298,Wind
New Caledonia,2006,1.6042781,Wind
New Caledonia,2007,2.0725389,Wind
New Caledonia,2008,1.6129031,Wind
New Caledonia,2009,1.5463917,Wind
New Caledonia,2010,2.3584907,Wind
New Caledonia,2011,2.2123895,Wind
New Caledonia,2012,2.6200874,Wind
New Caledonia,2013,1.9920319,Wind
New Caledonia,2014,1.9933554,Wind
New Caledonia,2015,2.0689654,Wind
New Caledonia,2016,1.5923567,Wind
New Caledonia,2017,1.5479876,Wind
New Caledonia,2018,1.4285715,Wind
New Caledonia,2019,1.8018018,Wind
New Caledonia,2020,1.5432099,Wind
New Caledonia,2021,1.3745704,Wind
New Caledonia,2022,1.2944984,Wind
New Caledonia,2023,1.2944984,Wind
New Caledonia,2024,1.2820513,Wind
New Zealand,1985,0.0,Wind
New Zealand,1986,0.0,Wind
New Zealand,1987,0.0,Wind
New Zealand,1988,0.0,Wind
New Zealand,1989,0.0,Wind
New Zealand,1990,0.0,Wind
New Zealand,1991,0.0,Wind
New Zealand,1992,0.002080364,Wind
New Zealand,1993,0.0028480156,Wind
New Zealand,1994,0.0028699716,Wind
New Zealand,1995,0.0027742595,Wind
New Zealand,1996,0.022623003,Wind
New Zealand,1997,0.03630423,Wind
New Zealand,1998,0.058422774,Wind
New Zealand,1999,0.102721415,Wind
New Zealand,2000,0.308404,Wind
New Zealand,2001,0.35641548,Wind
New Zealand,2002,0.37304154,Wind
New Zealand,2003,0.37156308,Wind
New Zealand,2004,0.8516679,Wind
New Zealand,2005,1.43597,Wind
New Zealand,2006,1.4405204,Wind
New Zealand,2007,2.1207929,Wind
New Zealand,2008,2.4199123,Wind
New Zealand,2009,3.3993015,Wind
New Zealand,2010,3.6560595,Wind
New Zealand,2011,4.423165,Wind
New Zealand,2012,4.7085714,Wind
New Zealand,2013,4.6838408,Wind
New Zealand,2014,5.1025167,Wind
New Zealand,2015,5.370668,Wind
New Zealand,2016,5.376593,Wind
New Zealand,2017,4.741182,Wind
New Zealand,2018,4.687857,Wind
New Zealand,2019,5.0971427,Wind
New Zealand,2020,5.259516,Wind
New Zealand,2021,6.016073,Wind
New Zealand,2022,6.682081,Wind
New Zealand,2023,8.183726,Wind
New Zealand,2024,9.793229,Wind
New Zealand,2025,9.736963,Wind
Nicaragua,2000,0.0,Wind
Nicaragua,2001,0.0,Wind
Nicaragua,2002,0.0,Wind
Nicaragua,2003,0.0,Wind
Nicaragua,2004,0.0,Wind
Nicaragua,2005,0.0,Wind
Nicaragua,2006,0.0,Wind
Nicaragua,2007,0.0,Wind
Nicaragua,2008,0.0,Wind
Nicaragua,2009,3.1884058,Wind
Nicaragua,2010,4.3835616,Wind
Nicaragua,2011,5.511811,Wind
Nicaragua,2012,8.188585,Wind
Nicaragua,2013,13.429256,Wind
Nicaragua,2014,19.058296,Wind
Nicaragua,2015,18.954248,Wind
Nicaragua,2016,15.9041395,Wind
Nicaragua,2017,13.938053,Wind
Nicaragua,2018,17.204302,Wind
Nicaragua,2019,15.938866,Wind
Nicaragua,2020,14.511874,Wind
Nicaragua,2021,15.67696,Wind
Nicaragua,2022,12.962962,Wind
Nicaragua,2023,12.38938,Wind
Nicaragua,2024,12.38938,Wind
Niger,2000,0.0,Wind
Niger,2001,0.0,Wind
Niger,2002,0.0,Wind
Niger,2003,0.0,Wind
Niger,2004,0.0,Wind
Niger,2005,0.0,Wind
Niger,2006,0.0,Wind
Niger,2007,0.0,Wind
Niger,2008,0.0,Wind
Niger,2009,0.0,Wind
Niger,2010,0.0,Wind
Niger,2011,0.0,Wind
Niger,2012,0.0,Wind
Niger,2013,0.0,Wind
Niger,2014,0.0,Wind
Niger,2015,0.0,Wind
Niger,2016,0.0,Wind
Niger,2017,0.0,Wind
Niger,2018,0.0,Wind
Niger,2019,0.0,Wind
Niger,2020,0.0,Wind
Niger,2021,0.0,Wind
Niger,2022,0.0,Wind
Niger,2023,0.0,Wind
Niger,2024,0.0,Wind
Nigeria,2000,0.0,Wind
Nigeria,2001,0.0,Wind
Nigeria,2002,0.0,Wind
Nigeria,2003,0.0,Wind
Nigeria,2004,0.0,Wind
Nigeria,2005,0.0,Wind
Nigeria,2006,0.0,Wind
Nigeria,2007,0.0,Wind
Nigeria,2008,0.0,Wind
Nigeria,2009,0.0,Wind
Nigeria,2010,0.0,Wind
Nigeria,2011,0.0,Wind
Nigeria,2012,0.0,Wind
Nigeria,2013,0.0,Wind
Nigeria,2014,0.0,Wind
Nigeria,2015,0.0,Wind
Nigeria,2016,0.0,Wind
Nigeria,2017,0.0,Wind
Nigeria,2018,0.0,Wind
Nigeria,2019,0.0,Wind
Nigeria,2020,0.0,Wind
Nigeria,2021,0.0,Wind
Nigeria,2022,0.0,Wind
Nigeria,2023,0.0,Wind
Nigeria,2024,0.0,Wind
Nigeria,2025,0.0,Wind
North Korea,2000,0.0,Wind
North Korea,2001,0.0,Wind
North Korea,2002,0.0,Wind
North Korea,2003,0.0,Wind
North Korea,2004,0.0,Wind
North Korea,2005,0.0,Wind
North Korea,2006,0.0,Wind
North Korea,2007,0.0,Wind
North Korea,2008,0.0,Wind
North Korea,2009,0.0,Wind
North Korea,2010,0.0,Wind
North Korea,2011,0.0,Wind
North Korea,2012,0.0,Wind
North Korea,2013,0.0,Wind
North Korea,2014,0.0,Wind
North Korea,2015,0.0,Wind
North Korea,2016,0.0,Wind
North Korea,2017,0.0,Wind
North Korea,2018,0.0,Wind
North Korea,2019,0.0,Wind
North Korea,2020,0.0,Wind
North Korea,2021,0.0,Wind
North Korea,2022,0.0,Wind
North Korea,2023,0.0,Wind
North Korea,2024,0.0,Wind
North Macedonia,1990,0.0,Wind
North Macedonia,1991,0.0,Wind
North Macedonia,1992,0.0,Wind
North Macedonia,1993,0.0,Wind
North Macedonia,1994,0.0,Wind
North Macedonia,1995,0.0,Wind
North Macedonia,1996,0.0,Wind
North Macedonia,1997,0.0,Wind
North Macedonia,1998,0.0,Wind
North Macedonia,1999,0.0,Wind
North Macedonia,2014,1.3011153,Wind
North Macedonia,2015,2.1238937,Wind
North Macedonia,2016,1.9538188,Wind
North Macedonia,2017,1.9642857,Wind
North Macedonia,2018,1.7825311,Wind
North Macedonia,2019,1.7035775,Wind
North Macedonia,2020,2.247191,Wind
North Macedonia,2021,1.8083183,Wind
North Macedonia,2022,1.8518518,Wind
North Macedonia,2023,2.322206,Wind
North Macedonia,2024,2.6941364,Wind
North Macedonia,2025,2.9325514,Wind
Norway,1985,0.0,Wind
Norway,1986,0.0,Wind
Norway,1987,0.0,Wind
Norway,1988,0.0,Wind
Norway,1989,0.0,Wind
Norway,1990,0.0,Wind
Norway,1991,0.0,Wind
Norway,1992,0.0,Wind
Norway,1993,0.008352823,Wind
Norway,1994,0.008903134,Wind
Norway,1995,0.008179959,Wind
Norway,1996,0.00955201,Wind
Norway,1997,0.009049773,Wind
Norway,1998,0.008589589,Wind
Norway,1999,0.02453185,Wind
Norway,2000,0.021049676,Wind
Norway,2001,0.02472799,Wind
Norway,2002,0.061425056,Wind
Norway,2003,0.20624356,Wind
Norway,2004,0.22706631,Wind
Norway,2005,0.36429873,Wind
Norway,2006,0.52796566,Wind
Norway,2007,0.65388286,Wind
Norway,2008,0.6445216,Wind
Norway,2009,0.74062765,Wind
Norway,2010,0.7065129,Wind
Norway,2011,1.0243785,Wind
Norway,2012,1.0534958,Wind
Norway,2013,1.4120475,Wind
Norway,2014,1.5758091,Wind
Norway,2015,1.7622378,Wind
Norway,2016,1.4253867,Wind
Norway,2017,1.9221689,Wind
Norway,2018,2.6517746,Wind
Norway,2019,4.1246357,Wind
Norway,2020,6.4217205,Wind
Norway,2021,7.4842486,Wind
Norway,2022,10.177418,Wind
Norway,2023,9.086766,Wind
Norway,2024,9.292852,Wind
Norway,2025,8.432312,Wind
Oman,1985,0.0,Wind
Oman,1986,0.0,Wind
Oman,1987,0.0,Wind
Oman,1988,0.0,Wind
Oman,1989,0.0,Wind
Oman,1990,0.0,Wind
Oman,1991,0.0,Wind
Oman,1992,0.0,Wind
Oman,1993,0.0,Wind
Oman,1994,0.0,Wind
Oman,1995,0.0,Wind
Oman,1996,0.0,Wind
Oman,1997,0.0,Wind
Oman,1998,0.0,Wind
Oman,1999,0.0,Wind
Oman,2000,0.0,Wind
Oman,2001,0.0,Wind
Oman,2002,0.0,Wind
Oman,2003,0.0,Wind
Oman,2004,0.0,Wind
Oman,2005,0.0,Wind
Oman,2006,0.0,Wind
Oman,2007,0.0,Wind
Oman,2008,0.0,Wind
Oman,2009,0.0,Wind
Oman,2010,0.0,Wind
Oman,2011,0.0,Wind
Oman,2012,0.0,Wind
Oman,2013,0.0,Wind
Oman,2014,0.0,Wind
Oman,2015,0.0,Wind
Oman,2016,0.0,Wind
Oman,2017,0.0,Wind
Oman,2018,0.0,Wind
Oman,2019,0.025713552,Wind
Oman,2020,0.0,Wind
Oman,2021,0.24390244,Wind
Oman,2022,0.23584905,Wind
Oman,2023,0.22222222,Wind
Oman,2024,0.203666,Wind
Oman,2025,0.18925057,Wind
Pakistan,1985,0.0,Wind
Pakistan,1986,0.0,Wind
Pakistan,1987,0.0,Wind
Pakistan,1988,0.0,Wind
Pakistan,1989,0.0,Wind
Pakistan,1990,0.0,Wind
Pakistan,1991,0.0,Wind
Pakistan,1992,0.0,Wind
Pakistan,1993,0.0,Wind
Pakistan,1994,0.0,Wind
Pakistan,1995,0.0,Wind
Pakistan,1996,0.0,Wind
Pakistan,1997,0.0,Wind
Pakistan,1998,0.0,Wind
Pakistan,1999,0.0,Wind
Pakistan,2000,0.0,Wind
Pakistan,2001,0.0,Wind
Pakistan,2002,0.0,Wind
Pakistan,2003,0.0,Wind
Pakistan,2004,0.0,Wind
Pakistan,2005,0.0,Wind
Pakistan,2006,0.0,Wind
Pakistan,2007,0.0,Wind
Pakistan,2008,0.0,Wind
Pakistan,2009,0.010404744,Wind
Pakistan,2010,0.010577533,Wind
Pakistan,2011,0.021090372,Wind
Pakistan,2012,0.0101936795,Wind
Pakistan,2013,0.38138828,Wind
Pakistan,2014,0.7413585,Wind
Pakistan,2015,0.70041674,Wind
Pakistan,2016,1.0821806,Wind
Pakistan,2017,1.6109235,Wind
Pakistan,2018,2.4492326,Wind
Pakistan,2019,2.1338077,Wind
Pakistan,2020,1.984127,Wind
Pakistan,2021,2.8062005,Wind
Pakistan,2022,3.602887,Wind
Pakistan,2023,3.5180557,Wind
Pakistan,2024,2.9492455,Wind
Pakistan,2025,2.943137,Wind
Palestine,2000,0.0,Wind
Palestine,2001,0.0,Wind
Palestine,2002,0.0,Wind
Palestine,2003,0.0,Wind
Palestine,2004,0.0,Wind
Palestine,2005,0.0,Wind
Palestine,2006,0.0,Wind
Palestine,2007,0.0,Wind
Palestine,2008,0.0,Wind
Palestine,2009,0.0,Wind
Palestine,2010,0.0,Wind
Palestine,2011,0.0,Wind
Palestine,2012,0.0,Wind
Palestine,2013,0.0,Wind
Palestine,2014,0.0,Wind
Palestine,2015,0.0,Wind
Palestine,2016,0.0,Wind
Palestine,2017,0.0,Wind
Palestine,2018,0.0,Wind
Palestine,2019,0.0,Wind
Palestine,2020,0.0,Wind
Palestine,2021,0.0,Wind
Palestine,2022,0.0,Wind
Palestine,2023,0.0,Wind
Palestine,2024,0.0,Wind
Panama,2000,0.0,Wind
Panama,2001,0.0,Wind
Panama,2002,0.0,Wind
Panama,2003,0.0,Wind
Panama,2004,0.0,Wind
Panama,2005,0.0,Wind
Panama,2006,0.0,Wind
Panama,2007,0.0,Wind
Panama,2008,0.0,Wind
Panama,2009,0.0,Wind
Panama,2010,0.0,Wind
Panama,2011,0.0,Wind
Panama,2012,0.0,Wind
Panama,2013,0.0,Wind
Panama,2014,1.2903225,Wind
Panama,2015,4.0776696,Wind
Panama,2016,5.790441,Wind
Panama,2017,4.438406,Wind
Panama,2018,5.267857,Wind
Panama,2019,6.185567,Wind
Panama,2020,5.3016453,Wind
Panama,2021,4.3765483,Wind
Panama,2022,4.7346935,Wind
Panama,2023,6.788711,Wind
Panama,2024,7.1481752,Wind
Papua New Guinea,2000,0.0,Wind
Papua New Guinea,2001,0.0,Wind
Papua New Guinea,2002,0.0,Wind
Papua New Guinea,2003,0.0,Wind
Papua New Guinea,2004,0.0,Wind
Papua New Guinea,2005,0.0,Wind
Papua New Guinea,2006,0.0,Wind
Papua New Guinea,2007,0.0,Wind
Papua New Guinea,2008,0.0,Wind
Papua New Guinea,2009,0.0,Wind
Papua New Guinea,2010,0.0,Wind
Papua New Guinea,2011,0.0,Wind
Papua New Guinea,2012,0.0,Wind
Papua New Guinea,2013,0.0,Wind
Papua New Guinea,2014,0.0,Wind
Papua New Guinea,2015,0.0,Wind
Papua New Guinea,2016,0.0,Wind
Papua New Guinea,2017,0.0,Wind
Papua New Guinea,2018,0.0,Wind
Papua New Guinea,2019,0.0,Wind
Papua New Guinea,2020,0.0,Wind
Papua New Guinea,2021,0.0,Wind
Papua New Guinea,2022,0.0,Wind
Papua New Guinea,2023,0.0,Wind
Papua New Guinea,2024,0.0,Wind
Paraguay,2000,0.0,Wind
Paraguay,2001,0.0,Wind
Paraguay,2002,0.0,Wind
Paraguay,2003,0.0,Wind
Paraguay,2004,0.0,Wind
Paraguay,2005,0.0,Wind
Paraguay,2006,0.0,Wind
Paraguay,2007,0.0,Wind
Paraguay,2008,0.0,Wind
Paraguay,2009,0.0,Wind
Paraguay,2010,0.0,Wind
Paraguay,2011,0.0,Wind
Paraguay,2012,0.0,Wind
Paraguay,2013,0.0,Wind
Paraguay,2014,0.0,Wind
Paraguay,2015,0.0,Wind
Paraguay,2016,0.0,Wind
Paraguay,2017,0.0,Wind
Paraguay,2018,0.0,Wind
Paraguay,2019,0.0,Wind
Paraguay,2020,0.0,Wind
Paraguay,2021,0.0,Wind
Paraguay,2022,0.0,Wind
Paraguay,2023,0.0,Wind
Paraguay,2024,0.0,Wind
Paraguay,2025,0.0,Wind
Peru,1985,0.0,Wind
Peru,1986,0.0,Wind
Peru,1987,0.0,Wind
Peru,1988,0.0,Wind
Peru,1989,0.0,Wind
Peru,1990,0.0,Wind
Peru,1991,0.0,Wind
Peru,1992,0.0,Wind
Peru,1993,0.0,Wind
Peru,1994,0.0,Wind
Peru,1995,0.0,Wind
Peru,1996,0.0023148416,Wind
Peru,1997,0.0033419856,Wind
Peru,1998,0.0026907036,Wind
Peru,1999,0.0031496724,Wind
Peru,2000,0.0,Wind
Peru,2001,0.0,Wind
Peru,2002,0.0,Wind
Peru,2003,0.0,Wind
Peru,2004,0.0,Wind
Peru,2005,0.0,Wind
Peru,2006,0.0,Wind
Peru,2007,0.0,Wind
Peru,2008,0.0,Wind
Peru,2009,0.0,Wind
Peru,2010,0.0,Wind
Peru,2011,0.0,Wind
Peru,2012,0.0,Wind
Peru,2013,0.0,Wind
Peru,2014,0.5685545,Wind
Peru,2015,1.2430081,Wind
Peru,2016,2.0530698,Wind
Peru,2017,2.0299754,Wind
Peru,2018,2.7462468,Wind
Peru,2019,2.901354,Wind
Peru,2020,3.4157386,Wind
Peru,2021,3.1935427,Wind
Peru,2022,3.2220366,Wind
Peru,2023,3.1706915,Wind
Peru,2024,3.525046,Wind
Peru,2025,3.4910655,Wind
Philippines,1985,0.0,Wind
Philippines,1986,0.0,Wind
Philippines,1987,0.0,Wind
Philippines,1988,0.0,Wind
Philippines,1989,0.0,Wind
Philippines,1990,0.0,Wind
Philippines,1991,0.0,Wind
Philippines,1992,0.0,Wind
Philippines,1993,0.0,Wind
Philippines,1994,0.0,Wind
Philippines,1995,0.0,Wind
Philippines,1996,0.0,Wind
Philippines,1997,0.0,Wind
Philippines,1998,0.0,Wind
Philippines,1999,0.0,Wind
Philippines,2000,0.0,Wind
Philippines,2001,0.0,Wind
Philippines,2002,0.0,Wind
Philippines,2003,0.0,Wind
Philippines,2004,0.0,Wind
Philippines,2005,0.035354428,Wind
Philippines,2006,0.08805918,Wind
Philippines,2007,0.10063737,Wind
Philippines,2008,0.09865176,Wind
Philippines,2009,0.09689923,Wind
Philippines,2010,0.08858703,Wind
Philippines,2011,0.13015185,Wind
Philippines,2012,0.10975442,Wind
Philippines,2013,0.093047984,Wind
Philippines,2014,0.19422504,Wind
Philippines,2015,0.91019416,Wind
Philippines,2016,1.079414,Wind
Philippines,2017,1.1551505,Wind
Philippines,2018,1.1529979,Wind
Philippines,2019,0.98085445,Wind
Philippines,2020,1.012285,Wind
Philippines,2021,1.2102873,Wind
Philippines,2022,0.95024645,Wind
Philippines,2023,1.156515,Wind
Philippines,2024,1.2080213,Wind
Philippines,2025,1.185835,Wind
Poland,1985,0.0,Wind
Poland,1986,0.0,Wind
Poland,1987,0.0,Wind
Poland,1988,0.0,Wind
Poland,1989,0.0,Wind
Poland,1990,0.0,Wind
Poland,1991,0.0,Wind
Poland,1992,0.0,Wind
Poland,1993,0.0,Wind
Poland,1994,0.0,Wind
Poland,1995,0.0,Wind
Poland,1996,0.0,Wind
Poland,1997,0.0,Wind
Poland,1998,0.0,Wind
Poland,1999,0.0,Wind
Poland,2000,0.0,Wind
Poland,2001,0.006957974,Wind
Poland,2002,0.042108215,Wind
Poland,2003,0.07999467,Wind
Poland,2004,0.09177921,Wind
Poland,2005,0.09015391,Wind
Poland,2006,0.16179216,Wind
Poland,2007,0.32803428,Wind
Poland,2008,0.5436893,Wind
Poland,2009,0.71589553,Wind
Poland,2010,1.058876,Wind
Poland,2011,1.9647572,Wind
Poland,2012,2.9415407,Wind
Poland,2013,3.663451,Wind
Poland,2014,4.8500156,Wind
Poland,2015,6.6098595,Wind
Poland,2016,7.584337,Wind
Poland,2017,8.775233,Wind
Poland,2018,7.554743,Wind
Poland,2019,9.257443,Wind
Poland,2020,10.054089,Wind
Poland,2021,9.077689,Wind
Poland,2022,11.075028,Wind
Poland,2023,14.608506,Wind
Poland,2024,15.041831,Wind
Poland,2025,14.209859,Wind
Portugal,1985,0.0,Wind
Portugal,1986,0.0,Wind
Portugal,1987,0.0,Wind
Portugal,1988,0.0,Wind
Portugal,1989,0.0038747676,Wind
Portugal,1990,0.0,Wind
Portugal,1991,0.0,Wind
Portugal,1992,0.0,Wind
Portugal,1993,0.032425422,Wind
Portugal,1994,0.06426735,Wind
Portugal,1995,0.0607718,Wind
Portugal,1996,0.05847953,Wind
Portugal,1997,0.11802892,Wind
Portugal,1998,0.23225807,Wind
Portugal,1999,0.2807674,Wind
Portugal,2000,0.39342746,Wind
Portugal,2001,0.5644811,Wind
Portugal,2002,0.7903403,Wind
Portugal,2003,1.0778185,Wind
Portugal,2004,1.835273,Wind
Portugal,2005,3.8469899,Wind
Portugal,2006,6.053719,Wind
Portugal,2007,8.649112,Wind
Portugal,2008,12.704015,Wind
Portugal,2009,15.350344,Wind
Portugal,2010,17.165297,Wind
Portugal,2011,17.690228,Wind
Portugal,2012,22.579227,Wind
Portugal,2013,23.85303,Wind
Portugal,2014,23.378378,Wind
Portugal,2015,22.682833,Wind
Portugal,2016,21.117697,Wind
Portugal,2017,21.271053,Wind
Portugal,2018,21.628107,Wind
Portugal,2019,26.492249,Wind
Portugal,2020,23.934618,Wind
Portugal,2021,26.838682,Wind
Portugal,2022,28.599178,Wind
Portugal,2023,28.500216,Wind
Portugal,2024,30.336365,Wind
Portugal,2025,26.735771,Wind
Puerto Rico,2000,0.0,Wind
Puerto Rico,2001,0.0,Wind
Puerto Rico,2002,0.0,Wind
Puerto Rico,2003,0.0,Wind
Puerto Rico,2004,0.0,Wind
Puerto Rico,2005,0.0,Wind
Puerto Rico,2006,0.0,Wind
Puerto Rico,2007,0.0,Wind
Puerto Rico,2008,0.0,Wind
Puerto Rico,2009,0.0,Wind
Puerto Rico,2010,0.0,Wind
Puerto Rico,2011,0.0,Wind
Puerto Rico,2012,0.04484305,Wind
Puerto Rico,2013,0.79143393,Wind
Puerto Rico,2014,1.0446343,Wind
Puerto Rico,2015,1.1483253,Wind
Puerto Rico,2016,0.92054266,Wind
Puerto Rico,2017,0.915751,Wind
Puerto Rico,2018,0.6218202,Wind
Puerto Rico,2019,0.8355091,Wind
Puerto Rico,2020,0.7341374,Wind
Puerto Rico,2021,0.82644624,Wind
Puerto Rico,2022,0.8040201,Wind
Puerto Rico,2023,0.8040201,Wind
Puerto Rico,2024,0.90000004,Wind
Puerto Rico,2025,1.1346818,Wind
Qatar,1985,0.0,Wind
Qatar,1986,0.0,Wind
Qatar,1987,0.0,Wind
Qatar,1988,0.0,Wind
Qatar,1989,0.0,Wind
Qatar,1990,0.0,Wind
Qatar,1991,0.0,Wind
Qatar,1992,0.0,Wind
Qatar,1993,0.0,Wind
Qatar,1994,0.0,Wind
Qatar,1995,0.0,Wind
Qatar,1996,0.0,Wind
Qatar,1997,0.0,Wind
Qatar,1998,0.0,Wind
Qatar,1999,0.0,Wind
Qatar,2000,0.0,Wind
Qatar,2001,0.0,Wind
Qatar,2002,0.0,Wind
Qatar,2003,0.0,Wind
Qatar,2004,0.0,Wind
Qatar,2005,0.0,Wind
Qatar,2006,0.0,Wind
Qatar,2007,0.0,Wind
Qatar,2008,0.0,Wind
Qatar,2009,0.0,Wind
Qatar,2010,0.0,Wind
Qatar,2011,0.0,Wind
Qatar,2012,0.0,Wind
Qatar,2013,0.0,Wind
Qatar,2014,0.0,Wind
Qatar,2015,0.0,Wind
Qatar,2016,0.0,Wind
Qatar,2017,0.0,Wind
Qatar,2018,0.0,Wind
Qatar,2019,0.0,Wind
Qatar,2020,0.0,Wind
Qatar,2021,0.0,Wind
Qatar,2022,0.0,Wind
Qatar,2023,0.0,Wind
Qatar,2024,0.0,Wind
Qatar,2025,0.0,Wind
Reunion,2004,0.0,Wind
Reunion,2005,0.0,Wind
Reunion,2006,0.0,Wind
Reunion,2007,0.40650403,Wind
Reunion,2008,0.39370078,Wind
Reunion,2009,0.7633588,Wind
Reunion,2010,0.7407407,Wind
Reunion,2011,0.36363634,Wind
Reunion,2012,0.7092199,Wind
Reunion,2013,0.7092199,Wind
Reunion,2014,0.6993007,Wind
Reunion,2015,0.6896551,Wind
Reunion,2016,0.6802721,Wind
Reunion,2017,0.33557045,Wind
Reunion,2018,0.33898303,Wind
Reunion,2019,0.32786885,Wind
Reunion,2020,0.26385224,Wind
Reunion,2021,0.0,Wind
Reunion,2022,0.0,Wind
Reunion,2023,0.6514658,Wind
Romania,1985,0.0,Wind
Romania,1986,0.0,Wind
Romania,1987,0.0,Wind
Romania,1988,0.0,Wind
Romania,1989,0.0,Wind
Romania,1990,0.0,Wind
Romania,1991,0.0,Wind
Romania,1992,0.0,Wind
Romania,1993,0.0,Wind
Romania,1994,0.0,Wind
Romania,1995,0.0,Wind
Romania,1996,0.0,Wind
Romania,1997,0.0,Wind
Romania,1998,0.0,Wind
Romania,1999,0.0,Wind
Romania,2005,0.0,Wind
Romania,2006,0.0,Wind
Romania,2007,0.0,Wind
Romania,2008,0.0,Wind
Romania,2009,0.017364126,Wind
Romania,2010,0.5130752,Wind
Romania,2011,2.249191,Wind
Romania,2012,4.509737,Wind
Romania,2013,7.7676578,Wind
Romania,2014,9.550216,Wind
Romania,2015,10.75236,Wind
Romania,2016,10.2616005,Wind
Romania,2017,11.661944,Wind
Romania,2018,9.864211,Wind
Romania,2019,11.521443,Wind
Romania,2020,12.588299,Wind
Romania,2021,11.236339,Wind
Romania,2022,12.787724,Wind
Romania,2023,13.257243,Wind
Romania,2024,12.196509,Wind
Romania,2025,11.985544,Wind
Russia,1985,0.0,Wind
Russia,1986,0.0,Wind
Russia,1987,0.0,Wind
Russia,1988,0.0,Wind
Russia,1989,0.0,Wind
Russia,1990,0.0,Wind
Russia,1991,0.0,Wind
Russia,1992,0.0,Wind
Russia,1993,0.0,Wind
Russia,1994,0.0,Wind
Russia,1995,0.0,Wind
Russia,1996,0.0,Wind
Russia,1997,0.0,Wind
Russia,1998,0.0,Wind
Russia,1999,0.0,Wind
Russia,2000,0.0,Wind
Russia,2001,0.0,Wind
Russia,2002,0.0011219818,Wind
Russia,2003,0.0010913576,Wind
Russia,2004,0.001073065,Wind
Russia,2005,0.0010480972,Wind
Russia,2006,0.0010079426,Wind
Russia,2007,0.0009816432,Wind
Russia,2008,0.00096153846,Wind
Russia,2009,0.0,Wind
Russia,2010,0.0,Wind
Russia,2011,0.0009479931,Wind
Russia,2012,0.0009352174,Wind
Russia,2013,0.0,Wind
Russia,2014,0.009396731,Wind
Russia,2015,0.014050864,Wind
Russia,2016,0.013749233,Wind
Russia,2017,0.012830264,Wind
Russia,2018,0.021637412,Wind
Russia,2019,0.027724117,Wind
Russia,2020,0.105028465,Wind
Russia,2021,0.22297701,Wind
Russia,2022,0.35991567,Wind
Russia,2023,0.40314025,Wind
Russia,2024,0.37790143,Wind
Russia,2025,0.30516687,Wind
Rwanda,2000,0.0,Wind
Rwanda,2001,0.0,Wind
Rwanda,2002,0.0,Wind
Rwanda,2003,0.0,Wind
Rwanda,2004,0.0,Wind
Rwanda,2005,0.0,Wind
Rwanda,2006,0.0,Wind
Rwanda,2007,0.0,Wind
Rwanda,2008,0.0,Wind
Rwanda,2009,0.0,Wind
Rwanda,2010,0.0,Wind
Rwanda,2011,0.0,Wind
Rwanda,2012,0.0,Wind
Rwanda,2013,0.0,Wind
Rwanda,2014,0.0,Wind
Rwanda,2015,0.0,Wind
Rwanda,2016,0.0,Wind
Rwanda,2017,0.0,Wind
Rwanda,2018,0.0,Wind
Rwanda,2019,0.0,Wind
Rwanda,2020,0.0,Wind
Rwanda,2021,0.0,Wind
Rwanda,2022,0.0,Wind
Rwanda,2023,0.0,Wind
Rwanda,2024,0.0,Wind
Saint Helena,2000,0.0,Wind
Saint Helena,2001,0.0,Wind
Saint Helena,2002,0.0,Wind
Saint Helena,2003,0.0,Wind
Saint Helena,2004,0.0,Wind
Saint Helena,2005,0.0,Wind
Saint Helena,2006,0.0,Wind
Saint Helena,2007,0.0,Wind
Saint Helena,2008,0.0,Wind
Saint Helena,2009,0.0,Wind
Saint Helena,2010,0.0,Wind
Saint Helena,2011,0.0,Wind
Saint Helena,2012,0.0,Wind
Saint Helena,2013,0.0,Wind
Saint Helena,2014,0.0,Wind
Saint Helena,2015,0.0,Wind
Saint Helena,2016,0.0,Wind
Saint Helena,2017,0.0,Wind
Saint Helena,2018,0.0,Wind
Saint Helena,2019,0.0,Wind
Saint Helena,2020,0.0,Wind
Saint Helena,2021,0.0,Wind
Saint Helena,2022,0.0,Wind
Saint Helena,2023,0.0,Wind
Saint Kitts and Nevis,2000,0.0,Wind
Saint Kitts and Nevis,2001,0.0,Wind
Saint Kitts and Nevis,2002,0.0,Wind
Saint Kitts and Nevis,2003,0.0,Wind
Saint Kitts and Nevis,2004,0.0,Wind
Saint Kitts and Nevis,2005,0.0,Wind
Saint Kitts and Nevis,2006,0.0,Wind
Saint Kitts and Nevis,2007,0.0,Wind
Saint Kitts and Nevis,2008,0.0,Wind
Saint Kitts and Nevis,2009,0.0,Wind
Saint Kitts and Nevis,2010,0.0,Wind
Saint Kitts and Nevis,2011,0.0,Wind
Saint Kitts and Nevis,2012,4.5454545,Wind
Saint Kitts and Nevis,2013,4.5454545,Wind
Saint Kitts and Nevis,2014,4.5454545,Wind
Saint Kitts and Nevis,2015,4.5454545,Wind
Saint Kitts and Nevis,2016,4.347826,Wind
Saint Kitts and Nevis,2017,0.0,Wind
Saint Kitts and Nevis,2018,4.347826,Wind
Saint Kitts and Nevis,2019,4.347826,Wind
Saint Kitts and Nevis,2020,4.5454545,Wind
Saint Kitts and Nevis,2021,4.5454545,Wind
Saint Kitts and Nevis,2022,4.5454545,Wind
Saint Kitts and Nevis,2023,4.5454545,Wind
Saint Kitts and Nevis,2024,4.347826,Wind
Saint Lucia,2000,0.0,Wind
Saint Lucia,2001,0.0,Wind
Saint Lucia,2002,0.0,Wind
Saint Lucia,2003,0.0,Wind
Saint Lucia,2004,0.0,Wind
Saint Lucia,2005,0.0,Wind
Saint Lucia,2006,0.0,Wind
Saint Lucia,2007,0.0,Wind
Saint Lucia,2008,0.0,Wind
Saint Lucia,2009,0.0,Wind
Saint Lucia,2010,0.0,Wind
Saint Lucia,2011,0.0,Wind
Saint Lucia,2012,0.0,Wind
Saint Lucia,2013,0.0,Wind
Saint Lucia,2014,0.0,Wind
Saint Lucia,2015,0.0,Wind
Saint Lucia,2016,0.0,Wind
Saint Lucia,2017,0.0,Wind
Saint Lucia,2018,0.0,Wind
Saint Lucia,2019,0.0,Wind
Saint Lucia,2020,0.0,Wind
Saint Lucia,2021,0.0,Wind
Saint Lucia,2022,0.0,Wind
Saint Lucia,2023,0.0,Wind
Saint Lucia,2024,0.0,Wind
Saint Pierre and Miquelon,2000,0.0,Wind
Saint Pierre and Miquelon,2001,0.0,Wind
Saint Pierre and Miquelon,2002,0.0,Wind
Saint Pierre and Miquelon,2003,0.0,Wind
Saint Pierre and Miquelon,2004,0.0,Wind
Saint Pierre and Miquelon,2005,0.0,Wind
Saint Pierre and Miquelon,2006,0.0,Wind
Saint Pierre and Miquelon,2007,0.0,Wind
Saint Pierre and Miquelon,2008,0.0,Wind
Saint Pierre and Miquelon,2009,0.0,Wind
Saint Pierre and Miquelon,2010,0.0,Wind
Saint Pierre and Miquelon,2011,0.0,Wind
Saint Pierre and Miquelon,2012,0.0,Wind
Saint Pierre and Miquelon,2013,0.0,Wind
Saint Pierre and Miquelon,2014,0.0,Wind
Saint Pierre and Miquelon,2015,0.0,Wind
Saint Pierre and Miquelon,2016,0.0,Wind
Saint Pierre and Miquelon,2017,0.0,Wind
Saint Pierre and Miquelon,2018,0.0,Wind
Saint Pierre and Miquelon,2019,0.0,Wind
Saint Pierre and Miquelon,2020,0.0,Wind
Saint Pierre and Miquelon,2021,0.0,Wind
Saint Pierre and Miquelon,2022,0.0,Wind
Saint Pierre and Miquelon,2023,0.0,Wind
Saint Vincent and the Grenadines,2000,0.0,Wind
Saint Vincent and the Grenadines,2001,0.0,Wind
Saint Vincent and the Grenadines,2002,0.0,Wind
Saint Vincent and the Grenadines,2003,0.0,Wind
Saint Vincent and the Grenadines,2004,0.0,Wind
Saint Vincent and the Grenadines,2005,0.0,Wind
Saint Vincent and the Grenadines,2006,0.0,Wind
Saint Vincent and the Grenadines,2007,0.0,Wind
Saint Vincent and the Grenadines,2008,0.0,Wind
Saint Vincent and the Grenadines,2009,0.0,Wind
Saint Vincent and the Grenadines,2010,0.0,Wind
Saint Vincent and the Grenadines,2011,0.0,Wind
Saint Vincent and the Grenadines,2012,0.0,Wind
Saint Vincent and the Grenadines,2013,0.0,Wind
Saint Vincent and the Grenadines,2014,0.0,Wind
Saint Vincent and the Grenadines,2015,0.0,Wind
Saint Vincent and the Grenadines,2016,0.0,Wind
Saint Vincent and the Grenadines,2017,0.0,Wind
Saint Vincent and the Grenadines,2018,0.0,Wind
Saint Vincent and the Grenadines,2019,0.0,Wind
Saint Vincent and the Grenadines,2020,0.0,Wind
Saint Vincent and the Grenadines,2021,0.0,Wind
Saint Vincent and the Grenadines,2022,0.0,Wind
Saint Vincent and the Grenadines,2023,0.0,Wind
Saint Vincent and the Grenadines,2024,0.0,Wind
Samoa,2000,0.0,Wind
Samoa,2001,0.0,Wind
Samoa,2002,0.0,Wind
Samoa,2003,0.0,Wind
Samoa,2004,0.0,Wind
Samoa,2005,0.0,Wind
Samoa,2006,0.0,Wind
Samoa,2007,0.0,Wind
Samoa,2008,0.0,Wind
Samoa,2009,0.0,Wind
Samoa,2010,0.0,Wind
Samoa,2011,0.0,Wind
Samoa,2012,0.0,Wind
Samoa,2013,0.0,Wind
Samoa,2014,0.0,Wind
Samoa,2015,0.0,Wind
Samoa,2016,0.0,Wind
Samoa,2017,0.0,Wind
Samoa,2018,0.0,Wind
Samoa,2019,0.0,Wind
Samoa,2020,0.0,Wind
Samoa,2021,0.0,Wind
Samoa,2022,0.0,Wind
Samoa,2023,0.0,Wind
Samoa,2024,0.0,Wind
Sao Tome and Principe,2000,0.0,Wind
Sao Tome and Principe,2001,0.0,Wind
Sao Tome and Principe,2002,0.0,Wind
Sao Tome and Principe,2003,0.0,Wind
Sao Tome and Principe,2004,0.0,Wind
Sao Tome and Principe,2005,0.0,Wind
Sao Tome and Principe,2006,0.0,Wind
Sao Tome and Principe,2007,0.0,Wind
Sao Tome and Principe,2008,0.0,Wind
Sao Tome and Principe,2009,0.0,Wind
Sao Tome and Principe,2010,0.0,Wind
Sao Tome and Principe,2011,0.0,Wind
Sao Tome and Principe,2012,0.0,Wind
Sao Tome and Principe,2013,0.0,Wind
Sao Tome and Principe,2014,0.0,Wind
Sao Tome and Principe,2015,0.0,Wind
Sao Tome and Principe,2016,0.0,Wind
Sao Tome and Principe,2017,0.0,Wind
Sao Tome and Principe,2018,0.0,Wind
Sao Tome and Principe,2019,0.0,Wind
Sao Tome and Principe,2020,0.0,Wind
Sao Tome and Principe,2021,0.0,Wind
Sao Tome and Principe,2022,0.0,Wind
Sao Tome and Principe,2023,0.0,Wind
Saudi Arabia,1985,0.0,Wind
Saudi Arabia,1986,0.0,Wind
Saudi Arabia,1987,0.0,Wind
Saudi Arabia,1988,0.0,Wind
Saudi Arabia,1989,0.0,Wind
Saudi Arabia,1990,0.0,Wind
Saudi Arabia,1991,0.0,Wind
Saudi Arabia,1992,0.0,Wind
Saudi Arabia,1993,0.0,Wind
Saudi Arabia,1994,0.0,Wind
Saudi Arabia,1995,0.0,Wind
Saudi Arabia,1996,0.0,Wind
Saudi Arabia,1997,0.0,Wind
Saudi Arabia,1998,0.0,Wind
Saudi Arabia,1999,0.0,Wind
Saudi Arabia,2000,0.0,Wind
Saudi Arabia,2001,0.0,Wind
Saudi Arabia,2002,0.0,Wind
Saudi Arabia,2003,0.0,Wind
Saudi Arabia,2004,0.0,Wind
Saudi Arabia,2005,0.0,Wind
Saudi Arabia,2006,0.0,Wind
Saudi Arabia,2007,0.0,Wind
Saudi Arabia,2008,0.0,Wind
Saudi Arabia,2009,0.0,Wind
Saudi Arabia,2010,0.0,Wind
Saudi Arabia,2011,0.0,Wind
Saudi Arabia,2012,0.0,Wind
Saudi Arabia,2013,0.0,Wind
Saudi Arabia,2014,0.0,Wind
Saudi Arabia,2015,0.0,Wind
Saudi Arabia,2016,0.0,Wind
Saudi Arabia,2017,0.0,Wind
Saudi Arabia,2018,0.0,Wind
Saudi Arabia,2019,0.002641659,Wind
Saudi Arabia,2020,0.002625361,Wind
Saudi Arabia,2021,0.002544853,Wind
Saudi Arabia,2022,0.19275816,Wind
Saudi Arabia,2023,0.3704135,Wind
Saudi Arabia,2024,0.34972724,Wind
Senegal,2000,0.0,Wind
Senegal,2001,0.0,Wind
Senegal,2002,0.0,Wind
Senegal,2003,0.0,Wind
Senegal,2004,0.0,Wind
Senegal,2005,0.0,Wind
Senegal,2006,0.0,Wind
Senegal,2007,0.0,Wind
Senegal,2008,0.0,Wind
Senegal,2009,0.0,Wind
Senegal,2010,0.0,Wind
Senegal,2011,0.0,Wind
Senegal,2012,0.0,Wind
Senegal,2013,0.0,Wind
Senegal,2014,0.0,Wind
Senegal,2015,0.0,Wind
Senegal,2016,0.0,Wind
Senegal,2017,0.0,Wind
Senegal,2018,0.0,Wind
Senegal,2019,0.3436426,Wind
Senegal,2020,3.630363,Wind
Senegal,2021,6.0060062,Wind
Senegal,2022,5.586592,Wind
Senegal,2023,4.634146,Wind
Senegal,2024,5.3735256,Wind
Serbia,1990,0.0,Wind
Serbia,1991,0.0,Wind
Serbia,1992,0.0,Wind
Serbia,1993,0.0,Wind
Serbia,1994,0.0,Wind
Serbia,1995,0.0,Wind
Serbia,1996,0.0,Wind
Serbia,1997,0.0,Wind
Serbia,1998,0.0,Wind
Serbia,1999,0.0,Wind
Serbia,2012,0.0,Wind
Serbia,2013,0.0,Wind
Serbia,2014,0.0,Wind
Serbia,2015,0.0,Wind
Serbia,2016,0.07770007,Wind
Serbia,2017,0.13721186,Wind
Serbia,2018,0.40905377,Wind
Serbia,2019,2.4416711,Wind
Serbia,2020,2.6358256,Wind
Serbia,2021,2.8830755,Wind
Serbia,2022,2.7267509,Wind
Serbia,2023,2.7205696,Wind
Serbia,2024,3.3820348,Wind
Serbia,2025,4.0142,Wind
Seychelles,2000,0.0,Wind
Seychelles,2001,0.0,Wind
Seychelles,2002,0.0,Wind
Seychelles,2003,0.0,Wind
Seychelles,2004,0.0,Wind
Seychelles,2005,0.0,Wind
Seychelles,2006,0.0,Wind
Seychelles,2007,0.0,Wind
Seychelles,2008,0.0,Wind
Seychelles,2009,0.0,Wind
Seychelles,2010,0.0,Wind
Seychelles,2011,0.0,Wind
Seychelles,2012,0.0,Wind
Seychelles,2013,2.2727273,Wind
Seychelles,2014,2.2222223,Wind
Seychelles,2015,2.173913,Wind
Seychelles,2016,2.0,Wind
Seychelles,2017,1.9607843,Wind
Seychelles,2018,1.923077,Wind
Seychelles,2019,0.0,Wind
Seychelles,2020,1.6949153,Wind
Seychelles,2021,1.6666665,Wind
Seychelles,2022,1.6129031,Wind
Seychelles,2023,1.6129031,Wind
Seychelles,2024,1.5873016,Wind
Sierra Leone,2000,0.0,Wind
Sierra Leone,2001,0.0,Wind
Sierra Leone,2002,0.0,Wind
Sierra Leone,2003,0.0,Wind
Sierra Leone,2004,0.0,Wind
Sierra Leone,2005,0.0,Wind
Sierra Leone,2006,0.0,Wind
Sierra Leone,2007,0.0,Wind
Sierra Leone,2008,0.0,Wind
Sierra Leone,2009,0.0,Wind
Sierra Leone,2010,0.0,Wind
Sierra Leone,2011,0.0,Wind
Sierra Leone,2012,0.0,Wind
Sierra Leone,2013,0.0,Wind
Sierra Leone,2014,0.0,Wind
Sierra Leone,2015,0.0,Wind
Sierra Leone,2016,0.0,Wind
Sierra Leone,2017,0.0,Wind
Sierra Leone,2018,0.0,Wind
Sierra Leone,2019,0.0,Wind
Sierra Leone,2020,0.0,Wind
Sierra Leone,2021,0.0,Wind
Sierra Leone,2022,0.0,Wind
Sierra Leone,2023,0.0,Wind
Sierra Leone,2024,0.0,Wind
Singapore,1985,0.0,Wind
Singapore,1986,0.0,Wind
Singapore,1987,0.0,Wind
Singapore,1988,0.0,Wind
Singapore,1989,0.0,Wind
Singapore,1990,0.0,Wind
Singapore,1991,0.0,Wind
Singapore,1992,0.0,Wind
Singapore,1993,0.0,Wind
Singapore,1994,0.0,Wind
Singapore,1995,0.0,Wind
Singapore,1996,0.0,Wind
Singapore,1997,0.0,Wind
Singapore,1998,0.0,Wind
Singapore,1999,0.0,Wind
Slovakia,1985,0.0,Wind
Slovakia,1986,0.0,Wind
Slovakia,1987,0.0,Wind
Slovakia,1988,0.0,Wind
Slovakia,1989,0.0,Wind
Slovakia,1990,0.0,Wind
Slovakia,1991,0.0,Wind
Slovakia,1992,0.0,Wind
Slovakia,1993,0.0,Wind
Slovakia,1994,0.0,Wind
Slovakia,1995,0.0,Wind
Slovakia,1996,0.0,Wind
Slovakia,1997,0.0,Wind
Slovakia,1998,0.0,Wind
Slovakia,1999,0.0,Wind
Slovakia,2003,0.0,Wind
Slovakia,2004,0.03282994,Wind
Slovakia,2005,0.031908102,Wind
Slovakia,2006,0.031999998,Wind
Slovakia,2007,0.035906643,Wind
Slovakia,2008,0.034843203,Wind
Slovakia,2009,0.038565367,Wind
Slovakia,2010,0.036416605,Wind
Slovakia,2011,0.0,Wind
Slovakia,2012,0.03533569,Wind
Slovakia,2013,0.03508772,Wind
Slovakia,2014,0.036859564,Wind
Slovakia,2015,0.037565738,Wind
Slovakia,2016,0.03731343,Wind
Slovakia,2017,0.036469728,Wind
Slovakia,2018,0.037509378,Wind
Slovakia,2019,0.035448425,Wind
Slovakia,2020,0.0,Wind
Slovakia,2021,0.0,Wind
Slovakia,2022,0.0,Wind
Slovakia,2023,0.0,Wind
Slovakia,2024,0.0,Wind
Slovakia,2025,0.0,Wind
Slovenia,1990,0.0,Wind
Slovenia,1991,0.0,Wind
Slovenia,1992,0.0,Wind
Slovenia,1993,0.0,Wind
Slovenia,1994,0.0,Wind
Slovenia,1995,0.0,Wind
Slovenia,1996,0.0,Wind
Slovenia,1997,0.0,Wind
Slovenia,1998,0.0,Wind
Slovenia,1999,0.0,Wind
Slovenia,2013,0.0,Wind
Slovenia,2014,0.0,Wind
Slovenia,2015,0.067567565,Wind
Slovenia,2016,0.061614294,Wind
Slovenia,2017,0.062305298,Wind
Slovenia,2018,0.062034734,Wind
Slovenia,2019,0.06293266,Wind
Slovenia,2020,0.05920663,Wind
Slovenia,2021,0.06414368,Wind
Slovenia,2022,0.0748503,Wind
Slovenia,2023,0.06430868,Wind
Slovenia,2024,0.05984441,Wind
Slovenia,2025,0.06738544,Wind
Solomon Islands,2000,0.0,Wind
Solomon Islands,2001,0.0,Wind
Solomon Islands,2002,0.0,Wind
Solomon Islands,2003,0.0,Wind
Solomon Islands,2004,0.0,Wind
Solomon Islands,2005,0.0,Wind
Solomon Islands,2006,0.0,Wind
Solomon Islands,2007,0.0,Wind
Solomon Islands,2008,0.0,Wind
Solomon Islands,2009,0.0,Wind
Solomon Islands,2010,0.0,Wind
Solomon Islands,2011,0.0,Wind
Solomon Islands,2012,0.0,Wind
Solomon Islands,2013,0.0,Wind
Solomon Islands,2014,0.0,Wind
Solomon Islands,2015,0.0,Wind
Solomon Islands,2016,0.0,Wind
Solomon Islands,2017,0.0,Wind
Solomon Islands,2018,0.0,Wind
Solomon Islands,2019,0.0,Wind
Solomon Islands,2020,0.0,Wind
Solomon Islands,2021,0.0,Wind
Solomon Islands,2022,0.0,Wind
Solomon Islands,2023,0.0,Wind
Solomon Islands,2024,0.0,Wind
Somalia,2000,0.0,Wind
Somalia,2001,0.0,Wind
Somalia,2002,0.0,Wind
Somalia,2003,0.0,Wind
Somalia,2004,0.0,Wind
Somalia,2005,0.0,Wind
Somalia,2006,0.0,Wind
Somalia,2007,0.0,Wind
Somalia,2008,0.0,Wind
Somalia,2009,0.0,Wind
Somalia,2010,0.0,Wind
Somalia,2011,0.0,Wind
Somalia,2012,0.0,Wind
Somalia,2013,0.0,Wind
Somalia,2014,0.0,Wind
Somalia,2015,0.0,Wind
Somalia,2016,0.0,Wind
Somalia,2017,2.7027025,Wind
Somalia,2018,2.7027025,Wind
Somalia,2019,2.7027025,Wind
Somalia,2020,2.7027025,Wind
Somalia,2021,2.631579,Wind
Somalia,2022,2.3809524,Wind
Somalia,2023,2.3809524,Wind
Somalia,2024,2.3255813,Wind
South Africa,1985,0.0,Wind
South Africa,1986,0.0,Wind
South Africa,1987,0.0,Wind
South Africa,1988,0.0,Wind
South Africa,1989,0.0,Wind
South Africa,1990,0.0,Wind
South Africa,1991,0.0,Wind
South Africa,1992,0.0,Wind
South Africa,1993,0.0,Wind
South Africa,1994,0.0,Wind
South Africa,1995,0.0,Wind
South Africa,1996,0.0,Wind
South Africa,1997,0.0,Wind
South Africa,1998,0.0,Wind
South Africa,1999,0.0,Wind
South Africa,2000,0.0,Wind
South Africa,2001,0.0,Wind
South Africa,2002,0.0,Wind
South Africa,2003,0.0042691254,Wind
South Africa,2004,0.00408814,Wind
South Africa,2005,0.0040827994,Wind
South Africa,2006,0.003939955,Wind
South Africa,2007,0.0037952105,Wind
South Africa,2008,0.007743234,Wind
South Africa,2009,0.012021157,Wind
South Africa,2010,0.011556686,Wind
South Africa,2011,0.0152392555,Wind
South Africa,2012,0.015511692,Wind
South Africa,2013,0.015628053,Wind
South Africa,2014,0.41998667,Wind
South Africa,2015,1.2277544,Wind
South Africa,2016,1.6652822,Wind
South Africa,2017,2.7514305,Wind
South Africa,2018,2.5009754,Wind
South Africa,2019,2.6198285,Wind
South Africa,2020,2.6626234,Wind
South Africa,2021,3.5239954,Wind
South Africa,2022,4.0556927,Wind
South Africa,2023,4.9796095,Wind
South Africa,2024,4.484486,Wind
South Africa,2025,4.6630416,Wind
South Korea,1985,0.0,Wind
South Korea,1986,0.0,Wind
South Korea,1987,0.0,Wind
South Korea,1988,0.0,Wind
South Korea,1989,0.0,Wind
South Korea,1990,0.0,Wind
South Korea,1991,0.0,Wind
South Korea,1992,0.0,Wind
South Korea,1993,0.00061766163,Wind
South Korea,1994,0.00054535875,Wind
South Korea,1995,0.0,Wind
South Korea,1996,0.0,Wind
South Korea,1997,0.00040553563,Wind
South Korea,1998,0.0008431796,Wind
South Korea,1999,0.0022273324,Wind
South Korea,2000,0.006885866,Wind
South Korea,2001,0.0032270555,Wind
South Korea,2002,0.0030119573,Wind
South Korea,2003,0.0057509276,Wind
South Korea,2004,0.0135862185,Wind
South Korea,2005,0.033378694,Wind
South Korea,2006,0.059554826,Wind
South Korea,2007,0.08932559,Wind
South Korea,2008,0.09941032,Wind
South Korea,2009,0.15250303,Wind
South Korea,2010,0.16564652,Wind
South Korea,2011,0.1659719,Wind
South Korea,2012,0.17130701,Wind
South Korea,2013,0.21408892,Wind
South Korea,2014,0.2128132,Wind
South Korea,2015,0.24461484,Wind
South Korea,2016,0.2994759,Wind
South Korea,2017,0.37646818,Wind
South Korea,2018,0.4149028,Wind
South Korea,2019,0.4567144,Wind
South Korea,2020,0.54582316,Wind
South Korea,2021,0.5232329,Wind
South Korea,2022,0.5412872,Wind
South Korea,2023,0.54899675,Wind
South Korea,2024,0.5372733,Wind
South Korea,2025,0.58271706,Wind
South Sudan,2012,0.0,Wind
South Sudan,2013,0.0,Wind
South Sudan,2014,0.0,Wind
South Sudan,2015,0.0,Wind
South Sudan,2016,0.0,Wind
South Sudan,2017,0.0,Wind
South Sudan,2018,0.0,Wind
South Sudan,2019,0.0,Wind
South Sudan,2020,0.0,Wind
South Sudan,2021,0.0,Wind
South Sudan,2022,0.0,Wind
South Sudan,2023,0.0,Wind
South Sudan,2024,0.0,Wind
Spain,1985,0.0,Wind
Spain,1986,0.0,Wind
Spain,1987,0.0,Wind
Spain,1988,0.0,Wind
Spain,1989,0.008840259,Wind
Spain,1990,0.0066155065,Wind
Spain,1991,0.006463706,Wind
Spain,1992,0.06383658,Wind
Spain,1993,0.07735947,Wind
Spain,1994,0.10612398,Wind
Spain,1995,0.16356698,Wind
Spain,1996,0.20784019,Wind
Spain,1997,0.39126527,Wind
Spain,1998,0.69807124,Wind
Spain,1999,1.3324903,Wind
Spain,2000,2.1410465,Wind
Spain,2001,2.9004161,Wind
Spain,2002,3.8931265,Wind
Spain,2003,4.6910224,Wind
Spain,2004,5.6758614,Wind
Spain,2005,7.3170733,Wind
Spain,2006,7.8825397,Wind
Spain,2007,9.133373,Wind
Spain,2008,10.636237,Wind
Spain,2009,13.112272,Wind
Spain,2010,14.865683,Wind
Spain,2011,14.721821,Wind
Spain,2012,16.829393,Wind
Spain,2013,19.76835,Wind
Spain,2014,18.951319,Wind
Spain,2015,17.794132,Wind
Spain,2016,18.064278,Wind
Spain,2017,18.0373,Wind
Spain,2018,18.750921,Wind
Spain,2019,20.571493,Wind
Spain,2020,21.752033,Wind
Spain,2021,22.921515,Wind
Spain,2022,21.863138,Wind
Spain,2023,23.030348,Wind
Spain,2024,22.13996,Wind
Spain,2025,20.410572,Wind
Sri Lanka,1985,0.0,Wind
Sri Lanka,1986,0.0,Wind
Sri Lanka,1987,0.0,Wind
Sri Lanka,1988,0.0,Wind
Sri Lanka,1989,0.0,Wind
Sri Lanka,1990,0.0,Wind
Sri Lanka,1991,0.0,Wind
Sri Lanka,1992,0.0,Wind
Sri Lanka,1993,0.0,Wind
Sri Lanka,1994,0.0,Wind
Sri Lanka,1995,0.0,Wind
Sri Lanka,1996,0.0,Wind
Sri Lanka,1997,0.0,Wind
Sri Lanka,1998,0.0,Wind
Sri Lanka,1999,0.05572583,Wind
Sri Lanka,2000,0.0,Wind
Sri Lanka,2001,0.0,Wind
Sri Lanka,2002,0.0,Wind
Sri Lanka,2003,0.0,Wind
Sri Lanka,2004,0.0,Wind
Sri Lanka,2005,0.0,Wind
Sri Lanka,2006,0.0,Wind
Sri Lanka,2007,0.0,Wind
Sri Lanka,2008,0.0,Wind
Sri Lanka,2009,0.0,Wind
Sri Lanka,2010,0.4664179,Wind
Sri Lanka,2011,0.7792208,Wind
Sri Lanka,2012,1.1864407,Wind
Sri Lanka,2013,1.9198666,Wind
Sri Lanka,2014,2.1686747,Wind
Sri Lanka,2015,2.5738077,Wind
Sri Lanka,2016,2.445842,Wind
Sri Lanka,2017,2.4848893,Wind
Sri Lanka,2018,2.053516,Wind
Sri Lanka,2019,2.09958,Wind
Sri Lanka,2020,2.0,Wind
Sri Lanka,2021,3.7121644,Wind
Sri Lanka,2022,4.4179106,Wind
Sri Lanka,2023,5.003051,Wind
Sri Lanka,2024,5.096661,Wind
Sri Lanka,2025,5.3913045,Wind
Sudan,2000,0.0,Wind
Sudan,2001,0.0,Wind
Sudan,2002,0.0,Wind
Sudan,2003,0.0,Wind
Sudan,2004,0.0,Wind
Sudan,2005,0.0,Wind
Sudan,2006,0.0,Wind
Sudan,2007,0.0,Wind
Sudan,2008,0.0,Wind
Sudan,2009,0.0,Wind
Sudan,2010,0.0,Wind
Sudan,2011,0.0,Wind
Sudan,2012,0.0,Wind
Sudan,2013,0.0,Wind
Sudan,2014,0.0,Wind
Sudan,2015,0.0,Wind
Sudan,2016,0.0,Wind
Sudan,2017,0.0,Wind
Sudan,2018,0.0,Wind
Sudan,2019,0.0,Wind
Sudan,2020,0.0,Wind
Sudan,2021,0.0,Wind
Sudan,2022,0.0,Wind
Sudan,2023,0.0,Wind
Sudan,2024,0.0,Wind
Suriname,2000,0.0,Wind
Suriname,2001,0.0,Wind
Suriname,2002,0.0,Wind
Suriname,2003,0.0,Wind
Suriname,2004,0.0,Wind
Suriname,2005,0.0,Wind
Suriname,2006,0.0,Wind
Suriname,2007,0.0,Wind
Suriname,2008,0.0,Wind
Suriname,2009,0.0,Wind
Suriname,2010,0.0,Wind
Suriname,2011,0.0,Wind
Suriname,2012,0.0,Wind
Suriname,2013,0.0,Wind
Suriname,2014,0.0,Wind
Suriname,2015,0.0,Wind
Suriname,2016,0.0,Wind
Suriname,2017,0.0,Wind
Suriname,2018,0.0,Wind
Suriname,2019,0.0,Wind
Suriname,2020,0.0,Wind
Suriname,2021,0.0,Wind
Suriname,2022,0.0,Wind
Suriname,2023,0.0,Wind
Suriname,2024,0.0,Wind
Sweden,1985,0.0043750913,Wind
Sweden,1986,0.004327412,Wind
Sweden,1987,0.0040935795,Wind
Sweden,1988,0.003419271,Wind
Sweden,1989,0.0034942797,Wind
Sweden,1990,0.0068502533,Wind
Sweden,1991,0.0068041096,Wind
Sweden,1992,0.020557802,Wind
Sweden,1993,0.03442104,Wind
Sweden,1994,0.04905396,Wind
Sweden,1995,0.06743998,Wind
Sweden,1996,0.09956618,Wind
Sweden,1997,0.13403927,Wind
Sweden,1998,0.20152403,Wind
Sweden,1999,0.23249808,Wind
Sweden,2000,0.316739,Wind
Sweden,2001,0.29702967,Wind
Sweden,2002,0.4158146,Wind
Sweden,2003,0.50225276,Wind
Sweden,2004,0.56743205,Wind
Sweden,2005,0.5872695,Wind
Sweden,2006,0.68397546,Wind
Sweden,2007,0.96089226,Wind
Sweden,2008,1.3342229,Wind
Sweden,2009,1.8228403,Wind
Sweden,2010,2.35096,Wind
Sweden,2011,4.065744,Wind
Sweden,2012,4.3078585,Wind
Sweden,2013,6.430112,Wind
Sweden,2014,7.3196144,Wind
Sweden,2015,10.074074,Wind
Sweden,2016,9.9300785,Wind
Sweden,2017,10.722768,Wind
Sweden,2018,10.17385,Wind
Sweden,2019,11.786012,Wind
Sweden,2020,16.803028,Wind
Sweden,2021,15.863314,Wind
Sweden,2022,19.2141,Wind
Sweden,2023,20.626316,Wind
Sweden,2024,23.496952,Wind
Sweden,2025,22.787184,Wind
Switzerland,1985,0.0,Wind
Switzerland,1986,0.0,Wind
Switzerland,1987,0.0,Wind
Switzerland,1988,0.0,Wind
Switzerland,1989,0.0,Wind
Switzerland,1990,0.0,Wind
Switzerland,1991,0.0,Wind
Switzerland,1992,0.0,Wind
Switzerland,1993,0.0,Wind
Switzerland,1994,0.0,Wind
Switzerland,1995,0.0,Wind
Switzerland,1996,0.0017443377,Wind
Switzerland,1997,0.003179545,Wind
Switzerland,1998,0.0047402396,Wind
Switzerland,1999,0.0043720743,Wind
Switzerland,2000,0.0,Wind
Switzerland,2001,0.0,Wind
Switzerland,2002,0.0,Wind
Switzerland,2003,0.0,Wind
Switzerland,2004,0.015656803,Wind
Switzerland,2005,0.017301038,Wind
Switzerland,2006,0.016095284,Wind
Switzerland,2007,0.030106878,Wind
Switzerland,2008,0.029832935,Wind
Switzerland,2009,0.0299985,Wind
Switzerland,2010,0.060560178,Wind
Switzerland,2011,0.111323155,Wind
Switzerland,2012,0.1321004,Wind
Switzerland,2013,0.13102344,Wind
Switzerland,2014,0.14269406,Wind
Switzerland,2015,0.1664901,Wind
Switzerland,2016,0.18003273,Wind
Switzerland,2017,0.21612634,Wind
Switzerland,2018,0.18102278,Wind
Switzerland,2019,0.21255492,Wind
Switzerland,2020,0.2189781,Wind
Switzerland,2021,0.22190522,Wind
Switzerland,2022,0.24303305,Wind
Switzerland,2023,0.24261454,Wind
Switzerland,2024,0.22967972,Wind
Switzerland,2025,0.21531838,Wind
Syria,2000,0.0,Wind
Syria,2001,0.0,Wind
Syria,2002,0.0,Wind
Syria,2003,0.0,Wind
Syria,2004,0.0,Wind
Syria,2005,0.0,Wind
Syria,2006,0.0,Wind
Syria,2007,0.0,Wind
Syria,2008,0.0,Wind
Syria,2009,0.0,Wind
Syria,2010,0.0,Wind
Syria,2011,0.0,Wind
Syria,2012,0.0,Wind
Syria,2013,0.0,Wind
Syria,2014,0.0,Wind
Syria,2015,0.0,Wind
Syria,2016,0.0,Wind
Syria,2017,0.0,Wind
Syria,2018,0.0,Wind
Syria,2019,0.0,Wind
Syria,2020,0.0,Wind
Syria,2021,0.0,Wind
Syria,2022,0.0,Wind
Syria,2023,0.0,Wind
Syria,2024,0.0,Wind
Taiwan,1985,0.0,Wind
Taiwan,1986,0.0,Wind
Taiwan,1987,0.0,Wind
Taiwan,1988,0.0,Wind
Taiwan,1989,0.0,Wind
Taiwan,1990,0.0,Wind
Taiwan,1991,0.0,Wind
Taiwan,1992,0.0,Wind
Taiwan,1993,0.0,Wind
Taiwan,1994,0.0,Wind
Taiwan,1995,0.0,Wind
Taiwan,1996,0.0,Wind
Taiwan,1997,0.0,Wind
Taiwan,1998,0.0,Wind
Taiwan,1999,0.0,Wind
Taiwan,2000,0.0,Wind
Taiwan,2001,0.0053041955,Wind
Taiwan,2002,0.010058339,Wind
Taiwan,2003,0.009566631,Wind
Taiwan,2004,0.013735634,Wind
Taiwan,2005,0.03956044,Wind
Taiwan,2006,0.11887578,Wind
Taiwan,2007,0.18098803,Wind
Taiwan,2008,0.24757668,Wind
Taiwan,2009,0.3434036,Wind
Taiwan,2010,0.41691965,Wind
Taiwan,2011,0.5909181,Wind
Taiwan,2012,0.5631665,Wind
Taiwan,2013,0.6499425,Wind
Taiwan,2014,0.57698965,Wind
Taiwan,2015,0.5927016,Wind
Taiwan,2016,0.5527791,Wind
Taiwan,2017,0.6364242,Wind
Taiwan,2018,0.6206221,Wind
Taiwan,2019,0.6893282,Wind
Taiwan,2020,0.8250295,Wind
Taiwan,2021,0.7799883,Wind
Taiwan,2022,1.242236,Wind
Taiwan,2023,2.210571,Wind
Taiwan,2024,3.5798447,Wind
Taiwan,2025,4.1644993,Wind
Tajikistan,2000,0.0,Wind
Tajikistan,2001,0.0,Wind
Tajikistan,2002,0.0,Wind
Tajikistan,2003,0.0,Wind
Tajikistan,2004,0.0,Wind
Tajikistan,2005,0.0,Wind
Tajikistan,2006,0.0,Wind
Tajikistan,2007,0.0,Wind
Tajikistan,2008,0.0,Wind
Tajikistan,2009,0.0,Wind
Tajikistan,2010,0.0,Wind
Tajikistan,2011,0.0,Wind
Tajikistan,2012,0.0,Wind
Tajikistan,2013,0.0,Wind
Tajikistan,2014,0.0,Wind
Tajikistan,2015,0.0,Wind
Tajikistan,2016,0.0,Wind
Tajikistan,2017,0.0,Wind
Tajikistan,2018,0.0,Wind
Tajikistan,2019,0.0,Wind
Tajikistan,2020,0.0,Wind
Tajikistan,2021,0.0,Wind
Tajikistan,2022,0.0,Wind
Tajikistan,2023,0.0,Wind
Tajikistan,2024,0.0,Wind
Tajikistan,2025,0.0,Wind
Tanzania,2000,0.0,Wind
Tanzania,2001,0.0,Wind
Tanzania,2002,0.0,Wind
Tanzania,2003,0.0,Wind
Tanzania,2004,0.0,Wind
Tanzania,2005,0.0,Wind
Tanzania,2006,0.0,Wind
Tanzania,2007,0.0,Wind
Tanzania,2008,0.0,Wind
Tanzania,2009,0.0,Wind
Tanzania,2010,0.0,Wind
Tanzania,2011,0.0,Wind
Tanzania,2012,0.0,Wind
Tanzania,2013,0.0,Wind
Tanzania,2014,0.0,Wind
Tanzania,2015,0.0,Wind
Tanzania,2016,0.0,Wind
Tanzania,2017,0.0,Wind
Tanzania,2018,0.0,Wind
Tanzania,2019,0.0,Wind
Tanzania,2020,0.0,Wind
Tanzania,2021,0.0,Wind
Tanzania,2022,0.0,Wind
Tanzania,2023,0.0,Wind
Tanzania,2024,0.0,Wind
Thailand,1985,0.0,Wind
Thailand,1986,0.0,Wind
Thailand,1987,0.0,Wind
Thailand,1988,0.0,Wind
Thailand,1989,0.0,Wind
Thailand,1990,0.0,Wind
Thailand,1991,0.0,Wind
Thailand,1992,0.0,Wind
Thailand,1993,0.0,Wind
Thailand,1994,0.0,Wind
Thailand,1995,0.0,Wind
Thailand,1996,0.0,Wind
Thailand,1997,0.0,Wind
Thailand,1998,0.0,Wind
Thailand,1999,0.0,Wind
Thailand,2000,0.0,Wind
Thailand,2001,0.0,Wind
Thailand,2002,0.0,Wind
Thailand,2003,0.0,Wind
Thailand,2004,0.0,Wind
Thailand,2005,0.0,Wind
Thailand,2006,0.0,Wind
Thailand,2007,0.0,Wind
Thailand,2008,0.0,Wind
Thailand,2009,0.0,Wind
Thailand,2010,0.0,Wind
Thailand,2011,0.0,Wind
Thailand,2012,0.01183712,Wind
Thailand,2013,0.20754269,Wind
Thailand,2014,0.23020259,Wind
Thailand,2015,0.1855705,Wind
Thailand,2016,0.21132243,Wind
Thailand,2017,0.62807673,Wind
Thailand,2018,0.9225923,Wind
Thailand,2019,1.967723,Wind
Thailand,2020,1.8245695,Wind
Thailand,2021,2.0015876,Wind
Thailand,2022,1.6577036,Wind
Thailand,2023,1.9634608,Wind
Thailand,2024,1.6940658,Wind
Thailand,2025,1.8115172,Wind
Togo,2000,0.0,Wind
Togo,2001,0.0,Wind
Togo,2002,0.0,Wind
Togo,2003,0.0,Wind
Togo,2004,0.0,Wind
Togo,2005,0.0,Wind
Togo,2006,0.0,Wind
Togo,2007,0.0,Wind
Togo,2008,0.0,Wind
Togo,2009,0.0,Wind
Togo,2010,0.0,Wind
Togo,2011,0.0,Wind
Togo,2012,0.0,Wind
Togo,2013,0.0,Wind
Togo,2014,0.0,Wind
Togo,2015,0.0,Wind
Togo,2016,0.0,Wind
Togo,2017,0.0,Wind
Togo,2018,0.0,Wind
Togo,2019,0.0,Wind
Togo,2020,0.0,Wind
Togo,2021,0.0,Wind
Togo,2022,0.0,Wind
Togo,2023,0.0,Wind
Togo,2024,0.0,Wind
Tonga,2000,0.0,Wind
Tonga,2001,0.0,Wind
Tonga,2002,0.0,Wind
Tonga,2003,0.0,Wind
Tonga,2004,0.0,Wind
Tonga,2005,0.0,Wind
Tonga,2006,0.0,Wind
Tonga,2007,0.0,Wind
Tonga,2008,0.0,Wind
Tonga,2009,0.0,Wind
Tonga,2010,0.0,Wind
Tonga,2011,0.0,Wind
Tonga,2012,0.0,Wind
Tonga,2013,0.0,Wind
Tonga,2014,0.0,Wind
Tonga,2015,0.0,Wind
Tonga,2016,0.0,Wind
Tonga,2017,0.0,Wind
Tonga,2018,0.0,Wind
Tonga,2019,0.0,Wind
Tonga,2020,0.0,Wind
Tonga,2021,0.0,Wind
Tonga,2022,0.0,Wind
Tonga,2023,0.0,Wind
Tonga,2024,0.0,Wind
Trinidad and Tobago,1985,0.0,Wind
Trinidad and Tobago,1986,0.0,Wind
Trinidad and Tobago,1987,0.0,Wind
Trinidad and Tobago,1988,0.0,Wind
Trinidad and Tobago,1989,0.0,Wind
Trinidad and Tobago,1990,0.0,Wind
Trinidad and Tobago,1991,0.0,Wind
Trinidad and Tobago,1992,0.0,Wind
Trinidad and Tobago,1993,0.0,Wind
Trinidad and Tobago,1994,0.0,Wind
Trinidad and Tobago,1995,0.0,Wind
Trinidad and Tobago,1996,0.0,Wind
Trinidad and Tobago,1997,0.0,Wind
Trinidad and Tobago,1998,0.0,Wind
Trinidad and Tobago,1999,0.0,Wind
Trinidad and Tobago,2000,0.0,Wind
Trinidad and Tobago,2001,0.0,Wind
Trinidad and Tobago,2002,0.0,Wind
Trinidad and Tobago,2003,0.0,Wind
Trinidad and Tobago,2004,0.0,Wind
Trinidad and Tobago,2005,0.0,Wind
Trinidad and Tobago,2006,0.0,Wind
Trinidad and Tobago,2007,0.0,Wind
Trinidad and Tobago,2008,0.0,Wind
Trinidad and Tobago,2009,0.0,Wind
Trinidad and Tobago,2010,0.0,Wind
Trinidad and Tobago,2011,0.0,Wind
Trinidad and Tobago,2012,0.0,Wind
Trinidad and Tobago,2013,0.0,Wind
Trinidad and Tobago,2014,0.0,Wind
Trinidad and Tobago,2015,0.0,Wind
Trinidad and Tobago,2016,0.0,Wind
Trinidad and Tobago,2017,0.0,Wind
Trinidad and Tobago,2018,0.0,Wind
Trinidad and Tobago,2019,0.0,Wind
Trinidad and Tobago,2020,0.0,Wind
Trinidad and Tobago,2021,0.0,Wind
Trinidad and Tobago,2022,0.0,Wind
Trinidad and Tobago,2023,0.0,Wind
Trinidad and Tobago,2024,0.0,Wind
Tunisia,2000,0.1888574,Wind
Tunisia,2001,0.17574692,Wind
Tunisia,2002,0.25337836,Wind
Tunisia,2003,0.26595744,Wind
Tunisia,2004,0.33528918,Wind
Tunisia,2005,0.31595576,Wind
Tunisia,2006,0.30604437,Wind
Tunisia,2007,0.29112083,Wind
Tunisia,2008,0.27835768,Wind
Tunisia,2009,0.655308,Wind
Tunisia,2010,0.88105726,Wind
Tunisia,2011,0.67484665,Wind
Tunisia,2012,1.1210762,Wind
Tunisia,2013,1.9845647,Wind
Tunisia,2014,2.6884556,Wind
Tunisia,2015,2.3100617,Wind
Tunisia,2016,2.3942945,Wind
Tunisia,2017,2.1865888,Wind
Tunisia,2018,2.1510515,Wind
Tunisia,2019,2.270663,Wind
Tunisia,2020,2.1983163,Wind
Tunisia,2021,1.9634703,Wind
Tunisia,2022,1.4946287,Wind
Tunisia,2023,1.5977443,Wind
Tunisia,2024,1.731399,Wind
Tunisia,2025,1.4791574,Wind
Turkey,1985,0.0,Wind
Turkey,1986,0.0,Wind
Turkey,1987,0.0,Wind
Turkey,1988,0.0,Wind
Turkey,1989,0.0,Wind
Turkey,1990,0.0,Wind
Turkey,1991,0.0,Wind
Turkey,1992,0.0,Wind
Turkey,1993,0.0,Wind
Turkey,1994,0.0,Wind
Turkey,1995,0.0,Wind
Turkey,1996,0.0,Wind
Turkey,1997,0.0,Wind
Turkey,1998,0.0,Wind
Turkey,1999,0.017176228,Wind
Turkey,2000,0.024119634,Wind
Turkey,2001,0.04908377,Wind
Turkey,2002,0.03892262,Wind
Turkey,2003,0.042998426,Wind
Turkey,2004,0.04006678,Wind
Turkey,2005,0.03712182,Wind
Turkey,2006,0.07375886,Wind
Turkey,2007,0.18796992,Wind
Turkey,2008,0.42849225,Wind
Turkey,2009,0.769981,Wind
Turkey,2010,1.3827068,Wind
Turkey,2011,2.057631,Wind
Turkey,2012,2.4468663,Wind
Turkey,2013,3.1480324,Wind
Turkey,2014,3.3816235,Wind
Turkey,2015,4.450472,Wind
Turkey,2016,5.655977,Wind
Turkey,2017,6.0210567,Wind
Turkey,2018,6.616692,Wind
Turkey,2019,7.2056766,Wind
Turkey,2020,8.149007,Wind
Turkey,2021,9.460778,Wind
Turkey,2022,10.821687,Wind
Turkey,2023,10.594453,Wind
Turkey,2024,10.705389,Wind
Turkey,2025,11.139998,Wind
Turkmenistan,1985,0.0,Wind
Turkmenistan,1986,0.0,Wind
Turkmenistan,1987,0.0,Wind
Turkmenistan,1988,0.0,Wind
Turkmenistan,1989,0.0,Wind
Turkmenistan,1990,0.0,Wind
Turkmenistan,1991,0.0,Wind
Turkmenistan,1992,0.0,Wind
Turkmenistan,1993,0.0,Wind
Turkmenistan,1994,0.0,Wind
Turkmenistan,1995,0.0,Wind
Turkmenistan,1996,0.0,Wind
Turkmenistan,1997,0.0,Wind
Turkmenistan,1998,0.0,Wind
Turkmenistan,1999,0.0,Wind
Turkmenistan,2000,0.0,Wind
Turkmenistan,2001,0.0,Wind
Turkmenistan,2002,0.0,Wind
Turkmenistan,2003,0.0,Wind
Turkmenistan,2004,0.0,Wind
Turkmenistan,2005,0.0,Wind
Turkmenistan,2006,0.0,Wind
Turkmenistan,2007,0.0,Wind
Turkmenistan,2008,0.0,Wind
Turkmenistan,2009,0.0,Wind
Turkmenistan,2010,0.0,Wind
Turkmenistan,2011,0.0,Wind
Turkmenistan,2012,0.0,Wind
Turkmenistan,2013,0.0,Wind
Turkmenistan,2014,0.0,Wind
Turkmenistan,2015,0.0,Wind
Turkmenistan,2016,0.0,Wind
Turkmenistan,2017,0.0,Wind
Turkmenistan,2018,0.0,Wind
Turkmenistan,2019,0.0,Wind
Turkmenistan,2020,0.0,Wind
Turkmenistan,2021,0.0,Wind
Turkmenistan,2022,0.0,Wind
Turkmenistan,2023,0.0,Wind
Turkmenistan,2024,0.0,Wind
Turks and Caicos Islands,2000,0.0,Wind
Turks and Caicos Islands,2001,0.0,Wind
Turks and Caicos Islands,2002,0.0,Wind
Turks and Caicos Islands,2003,0.0,Wind
Turks and Caicos Islands,2004,0.0,Wind
Turks and Caicos Islands,2005,0.0,Wind
Turks and Caicos Islands,2006,0.0,Wind
Turks and Caicos Islands,2007,0.0,Wind
Turks and Caicos Islands,2008,0.0,Wind
Turks and Caicos Islands,2009,0.0,Wind
Turks and Caicos Islands,2010,0.0,Wind
Turks and Caicos Islands,2011,0.0,Wind
Turks and Caicos Islands,2012,0.0,Wind
Turks and Caicos Islands,2013,0.0,Wind
Turks and Caicos Islands,2014,0.0,Wind
Turks and Caicos Islands,2015,0.0,Wind
Turks and Caicos Islands,2016,0.0,Wind
Turks and Caicos Islands,2017,0.0,Wind
Turks and Caicos Islands,2018,0.0,Wind
Turks and Caicos Islands,2019,0.0,Wind
Turks and Caicos Islands,2020,0.0,Wind
Turks and Caicos Islands,2021,0.0,Wind
Turks and Caicos Islands,2022,0.0,Wind
Turks and Caicos Islands,2023,0.0,Wind
Turks and Caicos Islands,2024,0.0,Wind
Uganda,2000,0.0,Wind
Uganda,2001,0.0,Wind
Uganda,2002,0.0,Wind
Uganda,2003,0.0,Wind
Uganda,2004,0.0,Wind
Uganda,2005,0.0,Wind
Uganda,2006,0.0,Wind
Uganda,2007,0.0,Wind
Uganda,2008,0.0,Wind
Uganda,2009,0.0,Wind
Uganda,2010,0.0,Wind
Uganda,2011,0.0,Wind
Uganda,2012,0.0,Wind
Uganda,2013,0.0,Wind
Uganda,2014,0.0,Wind
Uganda,2015,0.0,Wind
Uganda,2016,0.0,Wind
Uganda,2017,0.0,Wind
Uganda,2018,0.0,Wind
Uganda,2019,0.0,Wind
Uganda,2020,0.0,Wind
Uganda,2021,0.0,Wind
Uganda,2022,0.0,Wind
Uganda,2023,0.0,Wind
Uganda,2024,0.0,Wind
Ukraine,1985,0.0,Wind
Ukraine,1986,0.0,Wind
Ukraine,1987,0.0,Wind
Ukraine,1988,0.0,Wind
Ukraine,1989,0.0,Wind
Ukraine,1990,0.0,Wind
Ukraine,1991,0.0,Wind
Ukraine,1992,0.0,Wind
Ukraine,1993,0.0,Wind
Ukraine,1994,0.0,Wind
Ukraine,1995,0.0,Wind
Ukraine,1996,0.0,Wind
Ukraine,1997,0.0,Wind
Ukraine,1998,0.0,Wind
Ukraine,1999,0.0,Wind
Ukraine,2000,0.005819367,Wind
Ukraine,2001,0.01154068,Wind
Ukraine,2002,0.011492271,Wind
Ukraine,2003,0.016613135,Wind
Ukraine,2004,0.016443761,Wind
Ukraine,2005,0.021460379,Wind
Ukraine,2006,0.02066009,Wind
Ukraine,2007,0.025477707,Wind
Ukraine,2008,0.025963236,Wind
Ukraine,2009,0.023040147,Wind
Ukraine,2010,0.026480244,Wind
Ukraine,2011,0.046165686,Wind
Ukraine,2012,0.14581656,Wind
Ukraine,2013,0.32926893,Wind
Ukraine,2014,0.61809427,Wind
Ukraine,2015,0.6598241,Wind
Ukraine,2016,0.5772269,Wind
Ukraine,2017,0.6280441,Wind
Ukraine,2018,0.7444014,Wind
Ukraine,2019,1.3104969,Wind
Ukraine,2020,2.2058327,Wind
Ukraine,2021,2.4418306,Wind
Ukraine,2022,1.2734283,Wind
United Arab Emirates,1985,0.0,Wind
United Arab Emirates,1986,0.0,Wind
United Arab Emirates,1987,0.0,Wind
United Arab Emirates,1988,0.0,Wind
United Arab Emirates,1989,0.0,Wind
United Arab Emirates,1990,0.0,Wind
United Arab Emirates,1991,0.0,Wind
United Arab Emirates,1992,0.0,Wind
United Arab Emirates,1993,0.0,Wind
United Arab Emirates,1994,0.0,Wind
United Arab Emirates,1995,0.0,Wind
United Arab Emirates,1996,0.0,Wind
United Arab Emirates,1997,0.0,Wind
United Arab Emirates,1998,0.0,Wind
United Arab Emirates,1999,0.0,Wind
United Arab Emirates,2000,0.0,Wind
United Arab Emirates,2001,0.0,Wind
United Arab Emirates,2002,0.0,Wind
United Arab Emirates,2003,0.0,Wind
United Arab Emirates,2004,0.0,Wind
United Arab Emirates,2005,0.0,Wind
United Arab Emirates,2006,0.0,Wind
United Arab Emirates,2007,0.0,Wind
United Arab Emirates,2008,0.0,Wind
United Arab Emirates,2009,0.0,Wind
United Arab Emirates,2010,0.0,Wind
United Arab Emirates,2011,0.0,Wind
United Arab Emirates,2012,0.0,Wind
United Arab Emirates,2013,0.0,Wind
United Arab Emirates,2014,0.0,Wind
United Arab Emirates,2015,0.0,Wind
United Arab Emirates,2016,0.0,Wind
United Arab Emirates,2017,0.0,Wind
United Arab Emirates,2018,0.0,Wind
United Arab Emirates,2019,0.0,Wind
United Arab Emirates,2020,0.0,Wind
United Arab Emirates,2021,0.0,Wind
United Arab Emirates,2022,0.0,Wind
United Arab Emirates,2023,0.03581448,Wind
United Arab Emirates,2024,0.11282862,Wind
United Kingdom,1985,0.0,Wind
United Kingdom,1986,0.0,Wind
United Kingdom,1987,0.0,Wind
United Kingdom,1988,0.0,Wind
United Kingdom,1989,0.002860912,Wind
United Kingdom,1990,0.0031274431,Wind
United Kingdom,1991,0.0030971258,Wind
United Kingdom,1992,0.00934463,Wind
United Kingdom,1993,0.06808827,Wind
United Kingdom,1994,0.104115635,Wind
United Kingdom,1995,0.11558294,Wind
United Kingdom,1996,0.13965286,Wind
United Kingdom,1997,0.19106282,Wind
United Kingdom,1998,0.24261807,Wind
United Kingdom,1999,0.23088416,Wind
United Kingdom,2000,0.2492972,Wind
United Kingdom,2001,0.24949971,Wind
United Kingdom,2002,0.32279724,Wind
United Kingdom,2003,0.32394966,Wind
United Kingdom,2004,0.4924858,Wind
United Kingdom,2005,0.728003,Wind
United Kingdom,2006,1.0622498,Wind
United Kingdom,2007,1.3280915,Wind
United Kingdom,2008,1.8330934,Wind
United Kingdom,2009,2.4631064,Wind
United Kingdom,2010,2.6932943,Wind
United Kingdom,2011,4.3373103,Wind
United Kingdom,2012,5.452497,Wind
United Kingdom,2013,7.926761,Wind
United Kingdom,2014,9.450426,Wind
United Kingdom,2015,11.883614,Wind
United Kingdom,2016,10.955834,Wind
United Kingdom,2017,14.679794,Wind
United Kingdom,2018,17.051174,Wind
United Kingdom,2019,19.511599,Wind
United Kingdom,2020,24.369967,Wind
United Kingdom,2021,21.088017,Wind
United Kingdom,2022,24.711937,Wind
United Kingdom,2023,28.08259,Wind
United Kingdom,2024,29.307432,Wind
United Kingdom,2025,29.366083,Wind
United States,1985,0.00021903927,Wind
United States,1986,0.00015811414,Wind
United States,1987,0.00012902246,Wind
United States,1988,3.0187488e-05,Wind
United States,1989,0.06760928,Wind
United States,1990,0.08713145,Wind
United States,1991,0.09113451,Wind
United States,1992,0.08880462,Wind
United States,1993,0.089176975,Wind
United States,1994,0.100676656,Wind
United States,1995,0.089596815,Wind
United States,1996,0.08917259,Wind
United States,1997,0.089367874,Wind
United States,1998,0.07926376,Wind
United States,1999,0.11517324,Wind
United States,2000,0.14702402,Wind
United States,2001,0.18081483,Wind
United States,2002,0.2692347,Wind
United States,2003,0.2892265,Wind
United States,2004,0.35779807,Wind
United States,2005,0.44138893,Wind
United States,2006,0.65703964,Wind
United States,2007,0.8316094,Wind
United States,2008,1.3477687,Wind
United States,2009,1.8754663,Wind
United States,2010,2.3007143,Wind
United States,2011,2.9391983,Wind
United States,2012,3.485066,Wind
United States,2013,4.138465,Wind
United States,2014,4.434804,Wind
United States,2015,4.669943,Wind
United States,2016,5.5531907,Wind
United States,2017,6.275433,Wind
United States,2018,6.4897485,Wind
United States,2019,7.115271,Wind
United States,2020,8.358273,Wind
United States,2021,9.10531,Wind
United States,2022,10.130887,Wind
United States,2023,9.900068,Wind
United States,2024,10.291458,Wind
United States,2025,10.274592,Wind
United States Virgin Islands,2000,0.0,Wind
United States Virgin Islands,2001,0.0,Wind
United States Virgin Islands,2002,0.0,Wind
United States Virgin Islands,2003,0.0,Wind
United States Virgin Islands,2004,0.0,Wind
United States Virgin Islands,2005,0.0,Wind
United States Virgin Islands,2006,0.0,Wind
United States Virgin Islands,2007,0.0,Wind
United States Virgin Islands,2008,0.0,Wind
United States Virgin Islands,2009,0.0,Wind
United States Virgin Islands,2010,0.0,Wind
United States Virgin Islands,2011,0.0,Wind
United States Virgin Islands,2012,0.0,Wind
United States Virgin Islands,2013,0.0,Wind
United States Virgin Islands,2014,0.0,Wind
United States Virgin Islands,2015,0.0,Wind
United States Virgin Islands,2016,0.0,Wind
United States Virgin Islands,2017,0.0,Wind
United States Virgin Islands,2018,0.0,Wind
United States Virgin Islands,2019,0.0,Wind
United States Virgin Islands,2020,0.0,Wind
United States Virgin Islands,2021,0.0,Wind
United States Virgin Islands,2022,0.0,Wind
United States Virgin Islands,2023,0.0,Wind
Uruguay,2000,0.0,Wind
Uruguay,2001,0.0,Wind
Uruguay,2002,0.0,Wind
Uruguay,2003,0.0,Wind
Uruguay,2004,0.0,Wind
Uruguay,2005,0.0,Wind
Uruguay,2006,0.0,Wind
Uruguay,2007,0.0,Wind
Uruguay,2008,0.0,Wind
Uruguay,2009,0.461361,Wind
Uruguay,2010,0.6517691,Wind
Uruguay,2011,1.0638298,Wind
Uruguay,2012,1.0377358,Wind
Uruguay,2013,1.2006861,Wind
Uruguay,2014,5.6240373,Wind
Uruguay,2015,15.065502,Wind
Uruguay,2016,21.557318,Wind
Uruguay,2017,26.271776,Wind
Uruguay,2018,32.375088,Wind
Uruguay,2019,29.558184,Wind
Uruguay,2020,40.383198,Wind
Uruguay,2021,31.207003,Wind
Uruguay,2022,32.166893,Wind
Uruguay,2023,37.129486,Wind
Uruguay,2024,38.593864,Wind
Uruguay,2025,40.619766,Wind
Uzbekistan,1985,0.0,Wind
Uzbekistan,1986,0.0,Wind
Uzbekistan,1987,0.0,Wind
Uzbekistan,1988,0.0,Wind
Uzbekistan,1989,0.0,Wind
Uzbekistan,1990,0.0,Wind
Uzbekistan,1991,0.0,Wind
Uzbekistan,1992,0.0,Wind
Uzbekistan,1993,0.0,Wind
Uzbekistan,1994,0.0,Wind
Uzbekistan,1995,0.0,Wind
Uzbekistan,1996,0.0,Wind
Uzbekistan,1997,0.0,Wind
Uzbekistan,1998,0.0,Wind
Uzbekistan,1999,0.0,Wind
Uzbekistan,2000,0.0,Wind
Uzbekistan,2001,0.0,Wind
Uzbekistan,2002,0.0,Wind
Uzbekistan,2003,0.0,Wind
Uzbekistan,2004,0.0,Wind
Uzbekistan,2005,0.0,Wind
Uzbekistan,2006,0.0,Wind
Uzbekistan,2007,0.0,Wind
Uzbekistan,2008,0.0,Wind
Uzbekistan,2009,0.0,Wind
Uzbekistan,2010,0.0,Wind
Uzbekistan,2011,0.0,Wind
Uzbekistan,2012,0.0,Wind
Uzbekistan,2013,0.0,Wind
Uzbekistan,2014,0.0,Wind
Uzbekistan,2015,0.0,Wind
Uzbekistan,2016,0.0,Wind
Uzbekistan,2017,0.0,Wind
Uzbekistan,2018,0.0,Wind
Uzbekistan,2019,0.0,Wind
Uzbekistan,2020,0.0,Wind
Uzbekistan,2021,0.0,Wind
Uzbekistan,2022,0.0,Wind
Uzbekistan,2023,0.7161458,Wind
Uzbekistan,2024,2.3312883,Wind
Uzbekistan,2025,4.6136103,Wind
Vanuatu,2000,0.0,Wind
Vanuatu,2001,0.0,Wind
Vanuatu,2002,0.0,Wind
Vanuatu,2003,0.0,Wind
Vanuatu,2004,0.0,Wind
Vanuatu,2005,0.0,Wind
Vanuatu,2006,0.0,Wind
Vanuatu,2007,0.0,Wind
Vanuatu,2008,0.0,Wind
Vanuatu,2009,0.0,Wind
Vanuatu,2010,0.0,Wind
Vanuatu,2011,0.0,Wind
Vanuatu,2012,0.0,Wind
Vanuatu,2013,14.285714,Wind
Vanuatu,2014,14.285714,Wind
Vanuatu,2015,16.666666,Wind
Vanuatu,2016,14.285714,Wind
Vanuatu,2017,0.0,Wind
Vanuatu,2018,0.0,Wind
Vanuatu,2019,11.111111,Wind
Vanuatu,2020,11.111111,Wind
Vanuatu,2021,0.0,Wind
Vanuatu,2022,0.0,Wind
Vanuatu,2023,0.0,Wind
Venezuela,1985,0.0,Wind
Venezuela,1986,0.0,Wind
Venezuela,1987,0.0,Wind
Venezuela,1988,0.0,Wind
Venezuela,1989,0.0,Wind
Venezuela,1990,0.0,Wind
Venezuela,1991,0.0,Wind
Venezuela,1992,0.0,Wind
Venezuela,1993,0.0,Wind
Venezuela,1994,0.0,Wind
Venezuela,1995,0.0,Wind
Venezuela,1996,0.0,Wind
Venezuela,1997,0.0,Wind
Venezuela,1998,0.0,Wind
Venezuela,1999,0.0,Wind
Venezuela,2000,0.0,Wind
Venezuela,2001,0.0,Wind
Venezuela,2002,0.0,Wind
Venezuela,2003,0.0,Wind
Venezuela,2004,0.0,Wind
Venezuela,2005,0.0,Wind
Venezuela,2006,0.0,Wind
Venezuela,2007,0.0,Wind
Venezuela,2008,0.0,Wind
Venezuela,2009,0.0,Wind
Venezuela,2010,0.0,Wind
Venezuela,2011,0.0,Wind
Venezuela,2012,0.038968127,Wind
Venezuela,2013,0.06660253,Wind
Venezuela,2014,0.07810466,Wind
Venezuela,2015,0.07057717,Wind
Venezuela,2016,0.076962546,Wind
Venezuela,2017,0.0867052,Wind
Venezuela,2018,0.040116336,Wind
Venezuela,2019,0.07046388,Wind
Venezuela,2020,0.024841633,Wind
Venezuela,2021,0.024116725,Wind
Venezuela,2022,0.024283633,Wind
Venezuela,2023,0.027793217,Wind
Venezuela,2024,0.024959441,Wind
Vietnam,1985,0.0,Wind
Vietnam,1986,0.0,Wind
Vietnam,1987,0.0,Wind
Vietnam,1988,0.0,Wind
Vietnam,1989,0.0,Wind
Vietnam,1990,0.0,Wind
Vietnam,1991,0.0,Wind
Vietnam,1992,0.0,Wind
Vietnam,1993,0.0,Wind
Vietnam,1994,0.0,Wind
Vietnam,1995,0.0,Wind
Vietnam,1996,0.0,Wind
Vietnam,1997,0.0,Wind
Vietnam,1998,0.0,Wind
Vietnam,1999,0.0,Wind
Vietnam,2000,0.0,Wind
Vietnam,2001,0.0,Wind
Vietnam,2002,0.0,Wind
Vietnam,2003,0.0,Wind
Vietnam,2004,0.0,Wind
Vietnam,2005,0.0,Wind
Vietnam,2006,0.0,Wind
Vietnam,2007,0.0,Wind
Vietnam,2008,0.0,Wind
Vietnam,2009,0.012400794,Wind
Vietnam,2010,0.04361099,Wind
Vietnam,2011,0.039404985,Wind
Vietnam,2012,0.034734283,Wind
Vietnam,2013,0.05624297,Wind
Vietnam,2014,0.049557522,Wind
Vietnam,2015,0.0741061,Wind
Vietnam,2016,0.111625835,Wind
Vietnam,2017,0.17974527,Wind
Vietnam,2018,0.22561932,Wind
Vietnam,2019,0.30393854,Wind
Vietnam,2020,0.40163934,Wind
Vietnam,2021,1.3169827,Wind
Vietnam,2022,3.4287658,Wind
Vietnam,2023,4.190318,Wind
Vietnam,2024,4.1998816,Wind
Vietnam,2025,4.6356335,Wind
Western Sahara,2000,0.0,Wind
Western Sahara,2001,0.0,Wind
Western Sahara,2002,0.0,Wind
Western Sahara,2003,0.0,Wind
Western Sahara,2004,0.0,Wind
Western Sahara,2005,0.0,Wind
Western Sahara,2006,0.0,Wind
Western Sahara,2007,0.0,Wind
Western Sahara,2008,0.0,Wind
Western Sahara,2009,0.0,Wind
Yemen,2000,0.0,Wind
Yemen,2001,0.0,Wind
Yemen,2002,0.0,Wind
Yemen,2003,0.0,Wind
Yemen,2004,0.0,Wind
Yemen,2005,0.0,Wind
Yemen,2006,0.0,Wind
Yemen,2007,0.0,Wind
Yemen,2008,0.0,Wind
Yemen,2009,0.0,Wind
Yemen,2010,0.0,Wind
Yemen,2011,0.0,Wind
Yemen,2012,0.0,Wind
Yemen,2013,0.0,Wind
Yemen,2014,0.0,Wind
Yemen,2015,0.0,Wind
Yemen,2016,0.0,Wind
Yemen,2017,0.0,Wind
Yemen,2018,0.0,Wind
Yemen,2019,0.0,Wind
Yemen,2020,0.0,Wind
Yemen,2021,0.0,Wind
Yemen,2022,0.0,Wind
Yemen,2023,0.0,Wind
Yemen,2024,0.0,Wind
Zambia,2000,0.0,Wind
Zambia,2001,0.0,Wind
Zambia,2002,0.0,Wind
Zambia,2003,0.0,Wind
Zambia,2004,0.0,Wind
Zambia,2005,0.0,Wind
Zambia,2006,0.0,Wind
Zambia,2007,0.0,Wind
Zambia,2008,0.0,Wind
Zambia,2009,0.0,Wind
Zambia,2010,0.0,Wind
Zambia,2011,0.0,Wind
Zambia,2012,0.0,Wind
Zambia,2013,0.0,Wind
Zambia,2014,0.0,Wind
Zambia,2015,0.0,Wind
Zambia,2016,0.0,Wind
Zambia,2017,0.0,Wind
Zambia,2018,0.0,Wind
Zambia,2019,0.0,Wind
Zambia,2020,0.0,Wind
Zambia,2021,0.0,Wind
Zambia,2022,0.0,Wind
Zambia,2023,0.0,Wind
Zambia,2024,0.0,Wind
Zimbabwe,2000,0.0,Wind
Zimbabwe,2001,0.0,Wind
Zimbabwe,2002,0.0,Wind
Zimbabwe,2003,0.0,Wind
Zimbabwe,2004,0.0,Wind
Zimbabwe,2005,0.0,Wind
Zimbabwe,2006,0.0,Wind
Zimbabwe,2007,0.0,Wind
Zimbabwe,2008,0.0,Wind
Zimbabwe,2009,0.0,Wind
Zimbabwe,2010,0.0,Wind
Zimbabwe,2011,0.0,Wind
Zimbabwe,2012,0.0,Wind
Zimbabwe,2013,0.0,Wind
Zimbabwe,2014,0.0,Wind
Zimbabwe,2015,0.0,Wind
Zimbabwe,2016,0.0,Wind
Zimbabwe,2017,0.0,Wind
Zimbabwe,2018,0.0,Wind
Zimbabwe,2019,0.0,Wind
Zimbabwe,2020,0.0,Wind
Zimbabwe,2021,0.0,Wind
Zimbabwe,2022,0.0,Wind
Zimbabwe,2023,0.0,Wind
Zimbabwe,2024,0.0,Wind
